charge_target,time,iterations
0.8,114.52080011367798,5
TOTAL,114.52892994880676,0
