{"u": {"0": 0.0, "1": 0.0, "2": 1.0, "3": 1.0, "4": 1.0, "5": 1.0, "6": 1.0, "7": 1.0, "8": 1.0, "9": 1.0, "10": 1.0, "11": 1.0, "12": 1.0, "13": 1.0, "14": 1.0, "15": 1.0, "16": 1.0, "17": 1.0, "18": 1.0, "19": 1.0, "20": 1.0, "21": 1.0, "22": 1.0, "23": 1.0, "24": 1.0}, "p1": {"0": 0.0, "1": 0.0, "2": 2.3990697674418584, "3": 2.9820010816657643, "4": 1.4489994591671127, "5": 15.169929691725258, "6": 7.619296917252562, "7": 8.659772850189297, "8": 10.079999999999991, "9": 10.189767441860466, "10": 16.189767441860464, "11": 14.189767441860466, "12": 1.1897674418604627, "13": 6.279069767441857, "14": 16.999999999999996, "15": 12.840930232558136, "16": 14.170542635658911, "17": 11.648703803857932, "18": 4.608682170542636, "19": 1.1897674418604662, "20": 10.910697674418603, "21": 25.59917793401843, "22": 28.910697674418603, "23": 19.809302325581395, "24": 0.0}, "pg": {"0": 0, "1": 0.0, "2": 5.0, "3": 10.0, "4": 12.0, "5": 10.830070308274742, "6": 12.0, "7": 12.0, "8": 12.0, "9": 12.0, "10": 12.0, "11": 12.0, "12": 12.0, "13": 12.0, "14": 12.0, "15": 12.0, "16": 12.0, "17": 12.0, "18": 12.0, "19": 12.0, "20": 12.0, "21": 12.0, "22": 12.0, "23": 11.74, "24": 6.74}, "p2": {"0": 0, "1": 1.000930232558141, "2": 0.0, "3": 0.0, "4": 0.0, "5": 0.0, "6": 0.0, "7": 0.0, "8": 0.0, "9": 0.0, "10": 0.0, "11": 0.0, "12": 7.171790156841553, "13": 0.0, "14": 0.0, "15": 0.0, "16": 0.0, "17": 0.0, "18": 0.0, "19": 0.0, "20": 0.03149810708488765, "21": 0.0, "22": 0.0, "23": 0.0, "24": 0.0}, "stor_net_i": {"battery": {"0": 0, "1": 0.0, "2": 0.0, "3": -2.9820010816657643, "4": 2.9820010816657643, "5": -5.0, "6": 5.0, "7": 0.0, "8": 0.0, "9": 0.0, "10": 0.0, "11": -5.0, "12": 1.2790697674418574, "13": 3.7209302325581426, "14": 0.0, "15": 0.0, "16": 0.0, "17": -1.391317829457364, "18": -3.608682170542636, "19": 3.8102325581395338, "20": 0.7889453758788978, "21": 0.40082206598156844, "22": -5.0, "23": 0.0, "24": 5.0}, "ev": {"0": 0, "1": 6.99906976744186, "2": 0.6009302325581416, "3": 0.0, "4": -6.431000540832876, "5": -11.0, "6": -8.619296917252562, "7": 1.340227149810703, "8": 1.9200000000000088, "9": 3.8102325581395338, "10": 3.8102325581395355, "11": 8.810232558139532, "12": 6.359372633856129, "13": 0.0, "14": -10.999999999999996, "15": -8.840930232558136, "16": -10.170542635658911, "17": -2.2573859744005684, "18": 11.0, "19": 11.0, "20": 10.268858842617611, "21": 0.0, "22": -5.9106976744186035, "23": -9.549302325581396, "24": 0.259999999999998}}, "stor_level": {"battery": {"0": 0, "1": 0.0, "2": 0.0, "3": 2.9820010816657643, "4": 0.0, "5": 5.0, "6": 0.0, "7": 0.0, "8": 0.0, "9": 0.0, "10": 0.0, "11": 5.0, "12": 3.7209302325581426, "13": 0.0, "14": 0.0, "15": 0.0, "16": 0.0, "17": 1.391317829457364, "18": 5.0, "19": 1.1897674418604662, "20": 0.40082206598156844, "21": 0.0, "22": 5.0, "23": 5.0, "24": 0.0}, "ev": {"0": 7.6000000000000005, "1": 0.6009302325581416, "2": 0.0, "3": 0.0, "4": 6.431000540832876, "5": 17.431000540832876, "6": 26.05029745808544, "7": 24.710070308274737, "8": 22.79007030827473, "9": 18.979837750135196, "10": 15.169605191995661, "11": 6.359372633856129, "12": 0.0, "13": 0.0, "14": 10.999999999999996, "15": 19.840930232558133, "16": 30.011472868217044, "17": 32.26885884261761, "18": 21.26885884261761, "19": 10.268858842617611, "20": 0.0, "21": 0.0, "22": 5.9106976744186035, "23": 15.459999999999999, "24": 15.200000000000001}}, "dual_con1": {"0": 0.0, "1": -6.192, "2": 0.0, "3": 0.0, "4": -2.064, "5": 0.0, "6": -2.064, "7": -2.064, "8": -2.064, "9": -2.064, "10": -2.064, "11": -2.064, "12": -2.064, "13": -2.064, "14": -2.064, "15": -2.064, "16": -2.064, "17": -2.064, "18": -2.064, "19": -2.064, "20": -2.064, "21": -2.064, "22": 0.0, "23": 0.0, "24": 0.0}, "dual_con2": {"0": 0.0, "1": -0.3, "2": -0.3, "3": -0.3, "4": -0.3, "5": -0.128, "6": -0.3, "7": -0.3, "8": -0.3, "9": -0.3, "10": -0.3, "11": -0.3, "12": -0.3, "13": -0.3, "14": -0.3, "15": -0.3, "16": -0.3, "17": -0.3, "18": -0.3, "19": -0.3, "20": -0.3, "21": -0.3, "22": -0.128, "23": -0.128, "24": -0.128}}