{"u": {"0": 0, "1": -0.0, "2": 1.0, "3": 1.0, "4": 1.0, "5": 1.0, "6": 1.0, "7": 1.0, "8": 1.0, "9": 1.0, "10": 1.0, "11": 1.0, "12": 1.0, "13": 1.0, "14": 1.0, "15": 1.0, "16": 1.0, "17": 1.0, "18": 1.0, "19": 1.0, "20": 1.0, "21": 1.0, "22": 1.0, "23": 1.0, "24": 1.0}, "p1": {"0": 0, "1": -0.0, "2": 2.3990697674418584, "3": 2.9820010816657643, "4": 1.4489994591671127, "5": 15.169929691725258, "6": 7.619296917252562, "7": 8.659772850189297, "8": 10.079999999999991, "9": 10.189767441860466, "10": 16.189767441860464, "11": 14.189767441860466, "12": 1.1897674418604627, "13": 6.279069767441857, "14": 16.999999999999996, "15": 12.840930232558136, "16": 14.170542635658911, "17": 11.648703803857932, "18": 4.608682170542636, "19": 1.1897674418604662, "20": 10.910697674418603, "21": 25.59917793401843, "22": 28.910697674418603, "23": 19.809302325581395, "24": 0.0}, "alpha": {"0": 0, "1": 0.64, "2": 1.1162790697674423, "3": 1.5413996755002708, "4": 2.3013001622498654, "5": 1.1850210924824225, "6": 2.2502109248242315, "7": 1.9380681449432107, "8": 2.112000000000002, "9": 2.67906976744186, "10": 2.6790697674418604, "11": 2.67906976744186, "12": 2.679069767441861, "13": 2.6522790697674425, "14": 1.5360000000000005, "15": 0.0, "16": 0.0, "17": 0.8402725797728521, "18": 2.2533953488372096, "19": 2.6790697674418604, "20": 1.5627906976744186, "21": 0.8346652244456401, "22": 1.5627906976744184, "23": 1.893209302325582, "24": 1.4694400000000003}}