{"u": {"0": 0.0, "1": 0.0, "2": 1.0, "3": 1.0, "4": 1.0, "5": 1.0, "6": 1.0, "7": 1.0, "8": 1.0, "9": 1.0, "10": 1.0, "11": 1.0, "12": 1.0, "13": 1.0, "14": 1.0, "15": 1.0, "16": 1.0, "17": 1.0, "18": 1.0, "19": 1.0, "20": 1.0, "21": 1.0, "22": 1.0, "23": 1.0, "24": 1.0}, "p1": {"0": 0.0, "1": 0.0, "2": 3.024186046511627, "3": 0.6781395348837194, "4": 3.524067063277446, "5": 14.47593293672255, "6": 10.826911844240122, "7": 7.105981611681983, "8": 9.09802055164954, "9": 13.867084910762578, "10": 16.45767441860465, "11": 14.189767441860466, "12": 1.1897674418604627, "13": 6.1897674418604645, "14": 16.910697674418603, "15": 10.432882639264456, "16": 2.6232558139534845, "17": 14.432882639264463, "18": 5.623255813953486, "19": 1.1897674418604627, "20": 13.835521903731749, "21": 21.65488372093023, "22": 28.910697674418603, "23": 19.18418604651163, "24": 0.0}, "pg": {"0": 0, "1": 0.0, "2": 5.0, "3": 10.0, "4": 12.0, "5": 11.52406706327745, "6": 12.0, "7": 12.0, "8": 12.0, "9": 12.0, "10": 12.0, "11": 12.0, "12": 12.0, "13": 12.0, "14": 12.0, "15": 12.0, "16": 12.0, "17": 12.0, "18": 12.0, "19": 12.0, "20": 12.0, "21": 12.0, "22": 12.0, "23": 12.0, "24": 12.0}, "p2": {"0": 0, "1": 0.39999999999999947, "2": 0.0, "3": 0.0, "4": 0.0, "5": 0.0, "6": 0.0, "7": 0.0, "8": 0.0, "9": 0.0, "10": 0.0, "11": 0.0, "12": 2.84863169280694, "13": 0.0, "14": 0.0, "15": 0.0, "16": 0.0, "17": 0.0, "18": 0.3767441860465137, "19": 3.8102325581395373, "20": 7.109875608437015, "21": 0.0, "22": 0.0, "23": 0.0, "24": 2.7051162790697667}, "stor_net_i": {"battery": {"0": 0, "1": 0.0, "2": 0.0, "3": 0.0, "4": 0.0, "5": -5.0, "6": 4.173088155759878, "7": 0.8269118442401222, "8": 0.0, "9": 0.0, "10": 0.0, "11": -5.0, "12": 1.1897674418604645, "13": 3.8102325581395355, "14": 0.0, "15": 0.0, "16": 0.0, "17": 0.0, "18": -5.0, "19": 0.0, "20": 0.6548837209302292, "21": 4.345116279069771, "22": -5.0, "23": 0.0, "24": 5.0}, "ev": {"0": 0, "1": 7.600000000000001, "2": -0.024186046511626813, "3": -0.6781395348837194, "4": -5.524067063277446, "5": -11.0, "6": -11.0, "7": 2.0671065440778946, "8": 2.9019794483504597, "9": 0.13291508923742157, "10": 3.5423255813953496, "11": 8.810232558139532, "12": 10.771833423472135, "13": 0.0, "14": -10.910697674418603, "15": -6.432882639264456, "16": 1.3767441860465155, "17": -6.432882639264463, "18": 11.0, "19": 11.0, "20": 0.3997187669010067, "21": 0.0, "22": -5.9106976744186035, "23": -9.18418604651163, "24": -7.705116279069767}}, "stor_level": {"battery": {"0": 0, "1": 0.0, "2": 0.0, "3": 0.0, "4": 0.0, "5": 5.0, "6": 0.8269118442401222, "7": 0.0, "8": 0.0, "9": 0.0, "10": 0.0, "11": 5.0, "12": 3.8102325581395355, "13": 0.0, "14": 0.0, "15": 0.0, "16": 0.0, "17": 0.0, "18": 5.0, "19": 5.0, "20": 4.345116279069771, "21": 0.0, "22": 5.0, "23": 5.0, "24": 0.0}, "ev": {"0": 7.6000000000000005, "1": 0.0, "2": 0.024186046511626813, "3": 0.7023255813953462, "4": 6.226392644672792, "5": 17.226392644672792, "6": 28.226392644672792, "7": 26.159286100594898, "8": 23.257306652244438, "9": 23.124391563007016, "10": 19.582065981611667, "11": 10.771833423472135, "12": 0.0, "13": 0.0, "14": 10.910697674418603, "15": 17.34358031368306, "16": 15.966836127636544, "17": 22.399718766901007, "18": 11.399718766901007, "19": 0.3997187669010067, "20": 0.0, "21": 0.0, "22": 5.9106976744186035, "23": 15.094883720930234, "24": 22.8}}, "dual_con1": {"0": 0.0, "1": -6.192, "2": 0.0, "3": 0.0, "4": -2.064, "5": 0.0, "6": -2.064, "7": -2.064, "8": -2.064, "9": -2.064, "10": -2.064, "11": -2.064, "12": -2.064, "13": -2.064, "14": -2.064, "15": -2.064, "16": -2.064, "17": -2.064, "18": -2.064, "19": -2.064, "20": -2.064, "21": -2.064, "22": -2.064, "23": -2.064, "24": -2.064}, "dual_con2": {"0": 0.0, "1": -0.3, "2": -0.3, "3": -0.3, "4": -0.3, "5": -0.128, "6": -0.3, "7": -0.3, "8": -0.3, "9": -0.3, "10": -0.3, "11": -0.3, "12": -0.3, "13": -0.3, "14": -0.3, "15": -0.3, "16": -0.3, "17": -0.3, "18": -0.3, "19": -0.3, "20": -0.3, "21": -0.3, "22": -0.3, "23": -0.3, "24": -0.3}}