{"u": {"0": 0, "1": 1.0, "2": 1.0, "3": 1.0, "4": 1.0, "5": 1.0, "6": 1.0, "7": 1.0, "8": 1.0, "9": 1.0, "10": 1.0, "11": 1.0, "12": 1.0, "13": 1.0, "14": 1.0, "15": 1.0, "16": 1.0, "17": 1.0, "18": 1.0, "19": 1.0, "20": 1.0, "21": 1.0, "22": 1.0, "23": 1.0, "24": 1.0}, "p1": {"0": 0, "1": 8.399069767441862, "2": 12.120000000000001, "3": 7.799069767441857, "4": 0.0, "5": -0.0, "6": 8.139534883720927, "7": 0.38453217955651553, "8": 21.615467820443484, "9": 1.1395348837209287, "10": 29.139534883720934, "11": 5.615467820443483, "12": 25.13953488372093, "13": 0.0, "14": 14.345390301063636, "15": -0.0, "16": 13.139534883720927, "17": 0.0, "18": 23.0, "19": 11.489994591671172, "20": 29.27906976744186, "21": 11.189767441860466, "22": 26.20186046511627, "23": 0.0, "24": 0.0}, "alpha": {"0": 0, "1": 1.1162790697674416, "2": 0.0, "3": 1.116279069767442, "4": 1.67936, "5": 1.536, "6": 2.0941395348837215, "7": 1.1206403461330452, "8": 1.9513596538669553, "9": 2.0941395348837215, "10": 2.09413953488372, "11": 1.9513596538669553, "12": 2.09413953488372, "13": 1.536, "14": 2.3323829096809083, "15": 1.536, "16": 2.0941395348837215, "17": 1.536, "18": 1.5360000000000005, "19": 0.7052806922660902, "20": 2.652279069767442, "21": 2.6790697674418595, "22": 2.3754418604651186, "23": 2.06336, "24": 1.536}}