{"u": {"0": 0.0, "1": 0.0, "2": 1.0, "3": 1.0, "4": 1.0, "5": 1.0, "6": 1.0, "7": 1.0, "8": 1.0, "9": 1.0, "10": 1.0, "11": 1.0, "12": 1.0, "13": 1.0, "14": 1.0, "15": 1.0, "16": 1.0, "17": 1.0, "18": 1.0, "19": 1.0, "20": 1.0, "21": 1.0, "22": 1.0, "23": 1.0, "24": 0.0}, "p1": {"0": 0.0, "1": 0.0, "2": 8.253333333333334, "3": 7.066371011357493, "4": 4.980248783125994, "5": 13.999999999999998, "6": 8.139534883720927, "7": 6.1897674418604645, "8": 8.189767441860464, "9": 13.910697674418607, "10": 28.751627906976747, "11": 26.84093023255814, "12": 4.9999999999999964, "13": 6.279069767441857, "14": 17.0, "15": 12.840930232558136, "16": 14.170542635658911, "17": 11.648703803857932, "18": 4.608682170542636, "19": 1.1897674418604662, "20": 10.910697674418609, "21": 19.43530557057873, "22": 30.50669551108706, "23": 25.75656030286643, "24": 0.0}, "pg": {"0": 0, "1": 0.0, "2": 5.0, "3": 5.2788606453939195, "4": 10.27886064539392, "5": 12.0, "6": 12.0, "7": 7.0, "8": 12.0, "9": 12.0, "10": 12.0, "11": 12.0, "12": 12.0, "13": 12.0, "14": 12.0, "15": 7.0, "16": 5.090376780241578, "17": 10.090376780241577, "18": 12.0, "19": 12.0, "20": 12.0, "21": 12.0, "22": 10.0, "23": 5.0, "24": 0.0}, "p2": {"0": 0, "1": 0.39999999999999947, "2": 0.0, "3": 0.0, "4": 0.0, "5": 0.0, "6": 0.0, "7": 0.0, "8": 0.0, "9": 0.0, "10": 0.0, "11": 0.0, "12": 0.0, "13": 0.0, "14": 0.0, "15": 0.0, "16": 0.0, "17": 0.0, "18": 0.0, "19": 0.9922913286460684, "20": 0.0, "21": 0.0, "22": 0.0, "23": 0.0, "24": 0.0}, "stor_net_i": {"battery": {"0": 0, "1": 0.0, "2": 0.0, "3": 0.0, "4": 0.0, "5": -4.999999999999998, "6": 2.1897674418604645, "7": -2.1897674418604645, "8": 5.0, "9": 0.0, "10": -5.0, "11": 0.0, "12": 0.0, "13": 0.0, "14": 0.0, "15": 5.0, "16": -3.2609194159004904, "17": -1.7390805840995096, "18": 0.0, "19": 2.8179412294934654, "20": 0.08930232558139117, "21": -2.0439877411213665, "22": -0.86325581395349, "23": 0.0, "24": 5.0}, "ev": {"0": 0, "1": 7.600000000000001, "2": -5.253333333333334, "3": -2.3452316567514124, "4": -5.259109428519913, "5": -11.0, "6": -6.329302325581391, "7": 11.0, "8": -1.1897674418604645, "9": 0.08930232558139295, "10": -3.751627906976747, "11": -8.84093023255814, "12": 11.000000000000004, "13": 3.7209302325581426, "14": -11.0, "15": -8.840930232558136, "16": 0.0, "17": 0.0, "18": 7.391317829457364, "19": 11.0, "20": 11.0, "21": 8.608682170542636, "22": -9.64343969713357, "23": -8.75656030286643, "24": 7.0}}, "stor_level": {"battery": {"0": 0, "1": 0.0, "2": 0.0, "3": 0.0, "4": 0.0, "5": 5.0, "6": 2.8102325581395355, "7": 5.0, "8": 0.0, "9": 0.0, "10": 5.0, "11": 5.0, "12": 5.0, "13": 5.0, "14": 5.0, "15": 0.0, "16": 3.2609194159004904, "17": 5.0, "18": 5.0, "19": 2.1820587705065346, "20": 2.0927564449251435, "21": 4.13674418604651, "22": 5.0, "23": 5.0, "24": 0.0}, "ev": {"0": 7.6000000000000005, "1": 0.0, "2": 5.253333333333334, "3": 7.598564990084746, "4": 12.85767441860466, "5": 23.85767441860466, "6": 30.18697674418605, "7": 19.18697674418605, "8": 20.376744186046515, "9": 20.287441860465123, "10": 24.03906976744187, "11": 32.88000000000001, "12": 21.880000000000006, "13": 18.159069767441864, "14": 29.159069767441864, "15": 38.0, "16": 38.0, "17": 38.0, "18": 30.608682170542636, "19": 19.608682170542636, "20": 8.608682170542636, "21": 0.0, "22": 9.64343969713357, "23": 18.4, "24": 11.4}}, "dual_con1": {"0": 0.0, "1": -2.064, "2": 0.0, "3": 0.0, "4": 0.0, "5": 0.0, "6": 0.0, "7": 0.0, "8": 0.0, "9": 0.0, "10": 0.0, "11": 0.0, "12": 0.0, "13": 0.0, "14": 0.0, "15": 0.0, "16": 0.0, "17": 0.0, "18": -2.064, "19": -2.064, "20": -2.064, "21": -2.064, "22": 0.0, "23": 0.0, "24": -6.192}, "dual_con2": {"0": 0.0, "1": -0.3, "2": -0.128, "3": -0.128, "4": -0.128, "5": -0.128, "6": -0.128, "7": -0.128, "8": -0.128, "9": -0.128, "10": -0.128, "11": -0.128, "12": -0.128, "13": -0.128, "14": -0.128, "15": -0.128, "16": -0.128, "17": -0.128, "18": -0.3, "19": -0.3, "20": -0.3, "21": -0.3, "22": -0.3, "23": -0.3, "24": -0.3}}