{"u": {"0": 0, "1": 1.0, "2": 1.0, "3": 1.0, "4": 1.0, "5": 1.0, "6": 1.0, "7": 1.0, "8": 1.0, "9": 1.0, "10": 1.0, "11": 1.0, "12": 1.0, "13": 1.0, "14": 1.0, "15": 1.0, "16": 1.0, "17": 1.0, "18": 1.0, "19": 1.0, "20": 1.0, "21": 1.0, "22": 1.0, "23": 1.0, "24": 1.0}, "p1": {"0": 0, "1": 8.399069767441862, "2": 7.000000000000002, "3": 4.4651162790697665, "4": 0.0, "5": 0.0, "6": 6.1897674418604645, "7": 8.958831800973497, "8": 9.67813953488372, "9": 10.189767441860466, "10": 16.189767441860464, "11": 14.189767441860466, "12": 1.1897674418604627, "13": 6.1897674418604645, "14": 14.931162790697659, "15": 8.533650621957781, "16": 14.240000000000002, "17": 16.751627906976744, "18": 8.110697674418606, "19": 1.1897674418604627, "20": 15.453153055705853, "21": 26.99290427257978, "22": 27.139534883720927, "23": 19.61546782044348, "24": 10.999999999999998}, "alpha": {"0": 0, "1": 1.1162790697674416, "2": 1.5359999999999996, "3": 2.1164651162790697, "4": 1.0856781395348825, "5": 0.896, "6": 2.6790697674418604, "7": 1.8483504597079505, "8": 2.2325581395348837, "9": 2.67906976744186, "10": 2.6790697674418604, "11": 2.67906976744186, "12": 2.679069767441861, "13": 2.6790697674418604, "14": 2.156651162790702, "15": 0.6715327203894065, "16": 0.0, "17": 0.0, "18": 1.5627906976744186, "19": 2.679069767441861, "20": 1.6213564088696508, "21": 0.6562682531097876, "22": 2.094139534883721, "23": 1.9513596538669562, "24": 1.5360000000000003}}