{"u": {"0": 0, "1": 1.0, "2": 1.0, "3": 1.0, "4": 1.0, "5": 1.0, "6": 1.0, "7": 1.0, "8": 1.0, "9": 1.0, "10": 1.0, "11": 1.0, "12": 1.0, "13": 1.0, "14": 1.0, "15": 1.0, "16": 1.0, "17": 1.0, "18": 1.0, "19": 1.0, "20": 1.0, "21": 1.0, "22": 1.0, "23": 1.0, "24": 1.0}, "p1": {"0": 0, "1": 0.2522498485187059, "2": 0.0, "3": 0.0, "4": 0.0, "5": 0.0, "6": 2.459860834236057, "7": 9.122332739478223, "8": 10.976057694168443, "9": 14.219712901578331, "10": 19.352190373161378, "11": 17.269392167654896, "12": 15.447777107722455, "13": 9.27591359299226, "14": 5.221243462035799, "15": 2.2407258989415233, "16": 3.48181251934556, "17": 7.7094690338431295, "18": 11.958943607430067, "19": 15.367141300448619, "20": 21.68203783687028, "21": 26.013977253770157, "22": 18.178935522454744, "23": 10.126328618708984, "24": 0.4922987797960179}, "alpha": {"0": 0, "1": 1.409975317204216, "2": 1.4431461543111863, "3": 1.366373775023849, "4": 1.3772035605961193, "5": 1.4897919415576129, "6": 1.6967850235433024, "7": 1.7868931278760247, "8": 1.6957448193918876, "9": 1.6146847442345837, "10": 1.6012821329624647, "11": 1.7433381237419032, "12": 1.6567352543007583, "13": 1.8062185459551, "14": 1.704257139556785, "15": 2.011617212371912, "16": 1.606683303793576, "17": 1.6787910273304831, "18": 1.6000704267472723, "19": 1.6233925634063273, "20": 1.5828480505930362, "21": 1.4970129323590569, "22": 1.5039940186075165, "23": 1.5377306632956245, "24": 1.3621989884173953}}