{"u": {"0": 0.0, "1": 1.0, "2": 1.0, "3": 1.0, "4": 1.0, "5": 1.0, "6": 1.0, "7": 1.0, "8": 1.0, "9": 1.0, "10": 1.0, "11": 1.0, "12": 1.0, "13": 1.0, "14": 1.0, "15": 1.0, "16": 1.0, "17": 1.0, "18": 1.0, "19": 1.0, "20": 1.0, "21": 1.0, "22": 1.0, "23": 1.0, "24": 1.0}, "p1": {"0": 0.0, "1": 0.2522498485187059, "2": 0.0, "3": 0.0, "4": 0.0, "5": 0.0, "6": 2.459860834236057, "7": 9.122332739478223, "8": 10.976057694168443, "9": 14.219712901578331, "10": 19.352190373161378, "11": 17.269392167654896, "12": 15.447777107722455, "13": 9.27591359299226, "14": 5.221243462035799, "15": 2.2407258989415233, "16": 3.48181251934556, "17": 7.7094690338431295, "18": 11.958943607430067, "19": 15.367141300448619, "20": 21.68203783687028, "21": 26.013977253770157, "22": 18.178935522454744, "23": 10.126328618708984, "24": 0.4922987797960179}, "pg": {"0": 0, "1": 5.0, "2": 10.0, "3": 12.0, "4": 12.0, "5": 12.0, "6": 12.0, "7": 12.0, "8": 12.0, "9": 12.0, "10": 12.0, "11": 12.0, "12": 12.0, "13": 12.0, "14": 12.0, "15": 12.0, "16": 12.0, "17": 9.587671260509927, "18": 12.0, "19": 12.0, "20": 12.0, "21": 12.0, "22": 12.0, "23": 7.651129413262167, "24": 8.962262743120366}, "p2": {"0": 0, "1": 2.999757319137678, "2": 0.6368328097678653, "3": 0.0, "4": 0.0, "5": 0.0, "6": 0.0, "7": 6.539418216032992, "8": 0.0, "9": 3.7446897045710106, "10": 0.47179194514814426, "11": 0.3712759018135934, "12": 0.0, "13": 2.0611641572082515, "14": 0.0, "15": 0.0, "16": 0.0, "17": 0.0, "18": 0.0, "19": 0.0, "20": 0.0, "21": 0.0, "22": 0.0, "23": 0.0, "24": 0.0}, "stor_net_i": {"0": 0, "1": 0.0, "2": -1.492485580349049, "3": -2.3888892952224374, "4": -2.5683294750670225, "5": -1.550295649361491, "6": 2.492138564730279, "7": -1.8913930052152281, "8": -0.600745559515051, "9": 0.0, "10": 0.0, "11": 3.7183060839030944, "12": 4.281693916096906, "13": -5.589092124491147, "14": 3.2611772359663345, "15": 2.3279148885248127, "16": -2.7813347648726445, "17": -2.100831545748438, "18": -1.7212042794370586, "19": 3.0025004530947363, "20": 1.9027160391405644, "21": 1.2851775034761062, "22": 0.41297659434673406, "23": 0.0, "24": 0.0}, "stor_level": {"0": 0, "1": 0.0, "2": 1.492485580349049, "3": 3.8813748755714865, "4": 6.449704350638509, "5": 8.0, "6": 5.507861435269721, "7": 7.399254440484949, "8": 8.0, "9": 8.0, "10": 8.0, "11": 4.281693916096906, "12": 0.0, "13": 5.589092124491147, "14": 2.3279148885248127, "15": 0.0, "16": 2.7813347648726445, "17": 4.882166310621082, "18": 6.603370590058141, "19": 3.6008701369634046, "20": 1.6981540978228402, "21": 0.41297659434673406, "22": 0.0, "23": 0.0, "24": 0.0}, "dual_con1": {"0": 0.0, "1": 0.0, "2": 0.0, "3": -2.064, "4": -2.064, "5": -2.064, "6": -2.064, "7": -2.064, "8": -2.064, "9": -2.064, "10": -2.064, "11": -2.064, "12": -2.064, "13": -2.064, "14": -2.064, "15": -2.064, "16": 0.0, "17": 0.0, "18": 0.0, "19": 0.0, "20": 0.0, "21": 0.0, "22": 0.0, "23": 0.0, "24": 0.0}, "dual_con2": {"0": 0.0, "1": -0.3, "2": -0.3, "3": -0.3, "4": -0.3, "5": -0.3, "6": -0.3, "7": -0.3, "8": -0.3, "9": -0.3, "10": -0.3, "11": -0.3, "12": -0.3, "13": -0.3, "14": -0.3, "15": -0.3, "16": -0.128, "17": -0.128, "18": -0.128, "19": -0.128, "20": -0.128, "21": -0.128, "22": -0.128, "23": -0.128, "24": -0.128}}