{"u": {"0": 0, "1": 1.0, "2": 1.0, "3": 1.0, "4": 1.0, "5": 1.0, "6": 1.0, "7": 1.0, "8": 1.0, "9": 1.0, "10": 1.0, "11": 1.0, "12": 1.0, "13": 1.0, "14": 1.0, "15": 1.0, "16": 1.0, "17": 1.0, "18": 1.0, "19": 1.0, "20": 1.0, "21": 1.0, "22": 1.0, "23": 1.0, "24": 1.0}, "p1": {"0": 0, "1": 4.3474366304122825, "2": 0.0, "3": 0.0, "4": 0.0, "5": 0.0, "6": 0.0, "7": 14.998022261480006, "8": 12.473117435849757, "9": 12.819274206381637, "10": 22.865299553444384, "11": 17.64168393004603, "12": 16.77378781951154, "13": 8.951396204635556, "14": 3.2167295538218372, "15": 0.0, "16": 0.665908964735177, "17": 10.798623529855435, "18": 9.603025799774706, "19": 19.393859566263117, "20": 13.883703999451457, "21": 33.350338295426894, "22": 19.165303719048122, "23": 2.238369363170529, "24": 0.0}, "alpha": {"0": 0, "1": 1.1099132469630846, "2": 1.221804035181937, "3": 1.4400848702353144, "4": 1.5068749208979069, "5": 1.8884744864062664, "6": 1.5690972554542282, "7": 1.5181862712754914, "8": 1.3486268968874937, "9": 1.4528163527935978, "10": 1.507349378877565, "11": 1.6016505950245645, "12": 1.7989320407640337, "13": 1.8675737624621132, "14": 2.0896113120209754, "15": 1.8439620017264737, "16": 2.1034543701766903, "17": 1.6100446785267957, "18": 1.958845769043881, "19": 1.7593770836619733, "20": 2.134348201818678, "21": 1.5461046198620372, "22": 1.3880835596295047, "23": 1.960118439957161, "24": 1.3320708586508645}}