{"u": {"0": 0.0, "1": 1.0, "2": 1.0, "3": 1.0, "4": 1.0, "5": 1.0, "6": 1.0, "7": 1.0, "8": 1.0, "9": 1.0, "10": 1.0, "11": 1.0, "12": 1.0, "13": 1.0, "14": 1.0, "15": 1.0, "16": 1.0, "17": 1.0, "18": 1.0, "19": 1.0, "20": 1.0, "21": 1.0, "22": 1.0, "23": 1.0, "24": 1.0}, "p1": {"0": 0.0, "1": 2.2215007348687257, "2": 0.0, "3": 0.0, "4": 0.0, "5": 0.0, "6": 3.5647176815438524, "7": 9.04418894037143, "8": 10.375333049829951, "9": 13.231025669343433, "10": 16.974323519362535, "11": 16.45816268393676, "12": 16.655077808997984, "13": 11.320283520800151, "14": 5.602020569570179, "15": 2.3266930765098, "16": 4.60530657716073, "17": 8.258213985179243, "18": 10.795536507266988, "19": 16.244299107182034, "20": 20.47585523796909, "21": 24.497887796696173, "22": 16.904749911965034, "23": 9.671556745527427, "24": 0.30101433545816647}, "pg": {"0": 0, "1": 5.0, "2": 9.144347229418816, "3": 9.611110704777563, "4": 11.881374875571487, "5": 12.0, "6": 12.0, "7": 12.0, "8": 12.0, "9": 12.0, "10": 12.0, "11": 12.0, "12": 12.0, "13": 10.427702104909214, "14": 12.0, "15": 12.0, "16": 8.095171177312185, "17": 10.380297584151396, "18": 12.0, "19": 12.0, "20": 12.0, "21": 12.0, "22": 12.0, "23": 8.105901286443723, "24": 9.153547187458217}, "p2": {"0": 0, "1": 1.030506432787658, "2": 0.0, "3": 0.0, "4": 0.0, "5": 0.0, "6": 1.3872817174224839, "7": 0.7261690099245541, "8": 3.9999790848234404, "9": 0.7333769368059091, "10": 6.849658798946983, "11": 0.9008114694348244, "12": 3.0743932148213773, "13": 0.0, "14": 1.1223478393884907, "15": 0.0, "16": 0.0, "17": 0.0, "18": 0.0, "19": 2.1253426463613216, "20": 1.9101655985918455, "21": 0.0, "22": 1.6871622048364436, "23": 0.0, "24": 0.0}, "stor_net_i": {"0": 0, "1": 0.0, "2": 0.0, "3": 0.0, "4": -2.449704350638509, "5": -1.550295649361491, "6": 0.0, "7": 4.0, "8": -4.0, "9": 4.0, "10": -4.0, "11": 4.0, "12": 0.0, "13": -4.0, "14": 1.758052289043464, "15": 2.241947710956536, "16": 0.0, "17": -3.4422028207260205, "18": -0.5577971792739795, "19": 0.0, "20": 1.198733039449909, "21": 2.801266960550091, "22": 0.0, "23": 0.0, "24": 0.0}, "stor_level": {"0": 0, "1": 0.0, "2": 0.0, "3": 0.0, "4": 2.449704350638509, "5": 4.0, "6": 4.0, "7": 0.0, "8": 4.0, "9": 0.0, "10": 4.0, "11": 0.0, "12": 0.0, "13": 4.0, "14": 2.241947710956536, "15": 0.0, "16": 0.0, "17": 3.4422028207260205, "18": 4.0, "19": 4.0, "20": 2.801266960550091, "21": 0.0, "22": 0.0, "23": 0.0, "24": 0.0}, "dual_con1": {"0": 0.0, "1": 0.0, "2": 0.0, "3": 0.0, "4": 0.0, "5": 0.0, "6": -2.064, "7": -2.064, "8": -2.064, "9": -2.064, "10": -2.064, "11": -2.064, "12": -2.064, "13": 0.0, "14": -2.064, "15": -2.064, "16": 0.0, "17": 0.0, "18": 0.0, "19": -2.064, "20": -2.064, "21": -2.064, "22": -2.064, "23": 0.0, "24": 0.0}, "dual_con2": {"0": 0.0, "1": -0.3, "2": -0.128, "3": -0.128, "4": -0.128, "5": -0.128, "6": -0.3, "7": -0.3, "8": -0.3, "9": -0.3, "10": -0.3, "11": -0.3, "12": -0.3, "13": -0.128, "14": -0.3, "15": -0.3, "16": -0.128, "17": -0.128, "18": -0.128, "19": -0.3, "20": -0.3, "21": -0.3, "22": -0.3, "23": -0.128, "24": -0.128}}