{"u": {"0": 0.0, "1": 1.0, "2": 1.0, "3": 1.0, "4": 1.0, "5": 1.0, "6": 1.0, "7": 1.0, "8": 1.0, "9": 1.0, "10": 1.0, "11": 1.0, "12": 1.0, "13": 1.0, "14": 1.0, "15": 1.0, "16": 1.0, "17": 1.0, "18": 1.0, "19": 1.0, "20": 1.0, "21": 1.0, "22": 1.0, "23": 1.0, "24": 1.0}, "p1": {"0": 0.0, "1": 1.646585371218145, "2": 0.0, "3": 0.0, "4": 0.0, "5": 0.0, "6": 2.6944632279237055, "7": 8.388536201215928, "8": 9.856038964944789, "9": 12.920352105086423, "10": 18.150212814073846, "11": 16.221891652877964, "12": 13.735709864557055, "13": 8.358800699696255, "14": 4.5807246651911875, "15": 2.8266571237251608, "16": 2.0395890044736866, "17": 6.945001755550628, "18": 10.47423903518401, "19": 13.68939383436196, "20": 19.705978655154407, "21": 23.45664774898572, "22": 15.893200672655917, "23": 8.95994942436431, "24": 0.0}, "pg": {"0": 0, "1": 5.0, "2": 9.144347229418816, "3": 9.611110704777563, "4": 9.431670524932978, "5": 10.449704350638509, "6": 12.0, "7": 12.0, "8": 12.0, "9": 12.0, "10": 12.0, "11": 12.0, "12": 12.0, "13": 9.38918492601311, "14": 12.0, "15": 12.0, "16": 10.660888749999229, "17": 8.25130699305399, "18": 11.763500292808999, "19": 12.0, "20": 12.0, "21": 12.0, "22": 12.0, "23": 8.81750860760684, "24": 9.454561522916384}, "p2": {"0": 0, "1": 1.6054217964382387, "2": 0.0, "3": 0.0, "4": 0.0, "5": 0.0, "6": 2.2575361710426307, "7": 5.381821749080057, "8": 0.5192731697086028, "9": 5.0440505010629195, "10": 1.6737695042356755, "11": 5.137082500493619, "12": 5.993761159262306, "13": 0.0, "14": 3.9016960328109462, "15": 1.7419836637411752, "16": 0.0, "17": 0.0, "18": 0.0, "19": 4.680247919181397, "20": 3.8787752208564363, "21": 3.8425070082605437, "22": 2.6987114441455606, "23": 0.0, "24": 0.0}, "stor_net_i": {"0": 0, "1": 0.0, "2": 0.0, "3": 0.0, "4": 0.0, "5": 0.0, "6": 0.0, "7": 0.0, "8": 0.0, "9": 0.0, "10": 0.0, "11": 0.0, "12": 0.0, "13": 0.0, "14": 0.0, "15": 0.0, "16": 0.0, "17": 0.0, "18": 0.0, "19": 0.0, "20": 0.0, "21": 0.0, "22": 0.0, "23": 0.0, "24": 0.0}, "stor_level": {"0": 0, "1": 0.0, "2": 0.0, "3": 0.0, "4": 0.0, "5": 0.0, "6": 0.0, "7": 0.0, "8": 0.0, "9": 0.0, "10": 0.0, "11": 0.0, "12": 0.0, "13": 0.0, "14": 0.0, "15": 0.0, "16": 0.0, "17": 0.0, "18": 0.0, "19": 0.0, "20": 0.0, "21": 0.0, "22": 0.0, "23": 0.0, "24": 0.0}, "dual_con1": {"0": 0.0, "1": 0.0, "2": 0.0, "3": 0.0, "4": 0.0, "5": 0.0, "6": -2.064, "7": -2.064, "8": -2.064, "9": -2.064, "10": -2.064, "11": -2.064, "12": -2.064, "13": 0.0, "14": -2.064, "15": -2.064, "16": 0.0, "17": 0.0, "18": 0.0, "19": -2.064, "20": -2.064, "21": -2.064, "22": -2.064, "23": 0.0, "24": 0.0}, "dual_con2": {"0": 0.0, "1": -0.3, "2": -0.128, "3": -0.128, "4": -0.128, "5": -0.128, "6": -0.3, "7": -0.3, "8": -0.3, "9": -0.3, "10": -0.3, "11": -0.3, "12": -0.3, "13": -0.128, "14": -0.3, "15": -0.3, "16": -0.128, "17": -0.128, "18": -0.128, "19": -0.3, "20": -0.3, "21": -0.3, "22": -0.3, "23": -0.128, "24": -0.128}}