{"u": {"0": 0.0, "1": 1.0, "2": 1.0, "3": 1.0, "4": 1.0, "5": 1.0, "6": 1.0, "7": 1.0, "8": 1.0, "9": 1.0, "10": 1.0, "11": 1.0, "12": 1.0, "13": 1.0, "14": 1.0, "15": 1.0, "16": 1.0, "17": 1.0, "18": 1.0, "19": 1.0, "20": 1.0, "21": 1.0, "22": 1.0, "23": 1.0, "24": 1.0}, "p1": {"0": 0.0, "1": 6.557237229498098, "2": 6.476215794304501, "3": 0.0, "4": 0.0, "5": 0.0, "6": 10.613784713549395, "7": 7.664251360636751, "8": 11.518291082577, "9": 12.770327239346809, "10": 18.40965713445535, "11": 16.485615440139384, "12": 3.5068464024211163, "13": 8.670901653174726, "14": 17.429852416483595, "15": 8.62881925898314, "16": 8.58163331870921, "17": 7.043621841908859, "18": 6.464174581454094, "19": 2.248926455661751, "20": 10.314753899647782, "21": 19.145363551391977, "22": 27.986816424064322, "23": 19.783603941552077, "24": 11.89997798089112}, "pg": {"0": 0, "1": 5.0, "2": 9.973186282079574, "3": 12.0, "4": 9.380120537771296, "5": 12.0, "6": 12.0, "7": 12.0, "8": 12.0, "9": 12.0, "10": 12.0, "11": 12.0, "12": 12.0, "13": 12.0, "14": 12.0, "15": 12.0, "16": 12.0, "17": 12.0, "18": 12.0, "19": 12.0, "20": 12.0, "21": 12.0, "22": 12.0, "23": 12.0, "24": 11.099790613659227}, "p2": {"0": 0, "1": 0.0, "2": 0.0, "3": 0.0, "4": 0.0, "5": 0.0, "6": 0.0, "7": 0.0, "8": 0.0, "9": 0.0, "10": 0.0, "11": 0.0, "12": 0.0, "13": 0.0, "14": 0.0, "15": 0.0, "16": 0.0, "17": 0.0, "18": 0.0, "19": 0.0, "20": 5.578681908251028, "21": 2.8636060172501665, "22": 0.11176630846194513, "23": 0.0, "24": 0.0}, "stor_net_i": {"battery": {"0": 0, "1": 0.0, "2": 0.0, "3": 0.0, "4": 0.0, "5": 0.0, "6": 0.0, "7": 0.0, "8": 0.0, "9": 0.0, "10": 0.0, "11": -5.0, "12": 0.0, "13": 0.0, "14": 0.5144937096869135, "15": 4.4855062903130865, "16": -5.0, "17": 0.8896704779187417, "18": -0.09526550332075345, "19": 4.205595025402012, "20": -5.0, "21": 5.0, "22": 0.0, "23": -0.01609570694211726, "24": 0.01609570694211726}, "ev": {"0": 0, "1": -3.4846565993454917, "2": -11.0, "3": -2.153075789109245, "4": 1.883856083884801, "5": 2.4960794895146368, "6": -5.027007014240285, "7": 2.4547225654066054, "8": 0.1740698013764117, "9": -5.201445468541504, "10": 1.837914632029232, "11": 3.958401983729537, "12": 5.635342956147873, "13": 2.9906648610820934, "14": -11.0, "15": -9.854132410356298, "16": -4.110735091578361, "17": 0.0, "18": 8.62951560831803, "19": 11.0, "20": 11.0, "21": 6.170484391681967, "22": -11.0, "23": -11.0, "24": -11.0}}, "stor_level": {"battery": {"0": 0, "1": 0.0, "2": 0.0, "3": 0.0, "4": 0.0, "5": 0.0, "6": 0.0, "7": 0.0, "8": 0.0, "9": 0.0, "10": 0.0, "11": 5.0, "12": 5.0, "13": 5.0, "14": 4.4855062903130865, "15": 0.0, "16": 5.0, "17": 4.110329522081258, "18": 4.205595025402012, "19": 0.0, "20": 5.0, "21": 0.0, "22": 0.0, "23": 0.01609570694211726, "24": 0.0}, "ev": {"0": 7.6000000000000005, "1": 11.084656599345493, "2": 22.084656599345493, "3": 24.237732388454738, "4": 22.353876304569937, "5": 19.857796815055302, "6": 24.88480382929559, "7": 22.430081263888983, "8": 22.25601146251257, "9": 27.457456931054075, "10": 25.619542299024843, "11": 21.661140315295306, "12": 16.025797359147433, "13": 13.035132498065337, "14": 24.035132498065337, "15": 33.88926490842164, "16": 38.0, "17": 38.0, "18": 29.37048439168197, "19": 18.37048439168197, "20": 7.37048439168197, "21": 1.2000000000000028, "22": 12.200000000000003, "23": 23.200000000000003, "24": 34.2}}, "dual_con1": {"0": 0.0, "1": 0.0, "2": 0.0, "3": 0.0, "4": 0.0, "5": 0.0, "6": 0.0, "7": 0.0, "8": 0.0, "9": 0.0, "10": 0.0, "11": 0.0, "12": 0.0, "13": 0.0, "14": 0.0, "15": 0.0, "16": 0.0, "17": -2.064, "18": -2.064, "19": -2.064, "20": -2.064, "21": -2.064, "22": -2.064, "23": 0.0, "24": 0.0}, "dual_con2": {"0": 0.0, "1": -0.128, "2": -0.128, "3": -0.128, "4": -0.128, "5": -0.128, "6": -0.128, "7": -0.128, "8": -0.128, "9": -0.128, "10": -0.128, "11": -0.128, "12": -0.128, "13": -0.128, "14": -0.128, "15": -0.128, "16": -0.128, "17": -0.3, "18": -0.3, "19": -0.3, "20": -0.3, "21": -0.3, "22": -0.3, "23": -0.128, "24": -0.128}}