{"u": {"0": 0.0, "1": 1.0, "2": 1.0, "3": 1.0, "4": 1.0, "5": 1.0, "6": 1.0, "7": 1.0, "8": 1.0, "9": 1.0, "10": 1.0, "11": 1.0, "12": 1.0, "13": 1.0, "14": 1.0, "15": 1.0, "16": 1.0, "17": 1.0, "18": 1.0, "19": 1.0, "20": 1.0, "21": 1.0, "22": 1.0, "23": 1.0, "24": 1.0}, "p1": {"0": 0.0, "1": 4.178440535956582, "2": 5.8884857371916635, "3": 0.0, "4": 0.0, "5": 1.1722790010475173, "6": 9.789292590086538, "7": 6.7413672314005275, "8": 11.460633110287121, "9": 14.13879042428473, "10": 19.733319268474215, "11": 17.454549955963213, "12": 7.8418256494499605, "13": 9.157332967715762, "14": 13.046128839720435, "15": 6.256617436351521, "16": 5.062340870114349, "17": 4.791224421413093, "18": 4.229811555303662, "19": 2.099397270050199, "20": 9.29341452453871, "21": 17.874506671994553, "22": 25.480137504714502, "23": 19.913970497168677, "24": 0.0}, "pg": {"0": 0, "1": 5.0, "2": 10.0, "3": 12.0, "4": 12.0, "5": 12.0, "6": 12.0, "7": 12.0, "8": 12.0, "9": 12.0, "10": 12.0, "11": 12.0, "12": 12.0, "13": 12.0, "14": 12.0, "15": 12.0, "16": 12.0, "17": 12.0, "18": 12.0, "19": 12.0, "20": 12.0, "21": 12.0, "22": 12.0, "23": 7.687847266745514, "24": 12.0}, "p2": {"0": 0, "1": 0.0, "2": 0.0, "3": 0.0, "4": 0.0, "5": 0.0, "6": 0.0, "7": 0.0, "8": 0.0, "9": 0.0, "10": 0.0, "11": 0.0, "12": 0.0, "13": 0.0, "14": 0.0, "15": 0.0, "16": 0.0, "17": 0.011141486661614408, "18": 0.0, "19": 0.0, "20": 1.6000212833601015, "21": 15.304947288329558, "22": 0.0, "23": 0.0, "24": 0.0}, "stor_net_i": {"battery": {"0": 0, "1": 0.0, "2": 0.0, "3": 0.0, "4": -5.0, "5": 0.0, "6": 0.0, "7": 5.0, "8": 0.0, "9": 0.0, "10": 0.0, "11": 0.0, "12": 0.0, "13": 0.0, "14": 0.0, "15": 0.0, "16": -2.254663753914171, "17": -2.745336246085829, "18": 0.0, "19": 5.0, "20": 0.0, "21": 0.0, "22": 0.0, "23": -5.0, "24": 5.0}, "ev": {"0": 0, "1": -1.1058599058039764, "2": -10.439083660807587, "3": -2.153075789109245, "4": 4.263976621656099, "5": 1.3238004884671195, "6": -4.202514890777428, "7": -1.6223933053571713, "8": 0.23172777366629127, "9": -6.569908653479425, "10": 0.514252498010368, "11": -2.0105325320942917, "12": 1.300363709119031, "13": 2.504233546541057, "14": -6.101782713549927, "15": -2.9964242974115916, "16": -3.336778889069329, "17": 5.876262657838723, "18": 10.768613131147706, "19": 10.355124211013568, "20": 11.0, "21": 0.0, "22": -8.381554772188235, "23": -1.8343095293042317, "24": -4.984135698507535}}, "stor_level": {"battery": {"0": 0, "1": 0.0, "2": 0.0, "3": 0.0, "4": 5.0, "5": 5.0, "6": 5.0, "7": 0.0, "8": 0.0, "9": 0.0, "10": 0.0, "11": 0.0, "12": 0.0, "13": 0.0, "14": 0.0, "15": 0.0, "16": 2.254663753914171, "17": 5.0, "18": 5.0, "19": 0.0, "20": 0.0, "21": 0.0, "22": 0.0, "23": 5.0, "24": 0.0}, "ev": {"0": 7.6000000000000005, "1": 8.705859905803976, "2": 19.144943566611563, "3": 21.298019355720808, "4": 17.03404273406471, "5": 15.71024224559759, "6": 19.912757136375017, "7": 21.53515044173219, "8": 21.3034226680659, "9": 27.873331321545322, "10": 27.359078823534954, "11": 29.369611355629246, "12": 28.069247646510213, "13": 25.565014099969154, "14": 31.66679681351908, "15": 34.66322111093067, "16": 38.0, "17": 32.12373734216128, "18": 21.355124211013568, "19": 11.0, "20": 0.0, "21": 0.0, "22": 8.381554772188235, "23": 10.215864301492466, "24": 15.200000000000001}}, "dual_con1": {"0": 0.0, "1": 0.0, "2": 0.0, "3": -2.064, "4": -2.064, "5": -2.064, "6": -2.064, "7": -2.064, "8": -2.064, "9": -2.064, "10": -2.064, "11": -2.064, "12": -2.064, "13": -2.064, "14": -2.064, "15": -2.064, "16": -2.064, "17": -2.064, "18": -2.064, "19": -2.064, "20": -2.064, "21": -2.064, "22": 0.0, "23": 0.0, "24": 0.0}, "dual_con2": {"0": 0.0, "1": -0.3, "2": -0.3, "3": -0.3, "4": -0.3, "5": -0.3, "6": -0.3, "7": -0.3, "8": -0.3, "9": -0.3, "10": -0.3, "11": -0.3, "12": -0.3, "13": -0.3, "14": -0.3, "15": -0.3, "16": -0.3, "17": -0.3, "18": -0.3, "19": -0.3, "20": -0.3, "21": -0.3, "22": -0.128, "23": -0.128, "24": -0.128}}