{"u": {"0": 0, "1": 1.0, "2": 1.0, "3": 1.0, "4": 1.0, "5": 1.0, "6": 1.0, "7": 1.0, "8": 1.0, "9": 1.0, "10": 1.0, "11": 1.0, "12": 1.0, "13": 1.0, "14": 1.0, "15": 1.0, "16": 1.0, "17": 1.0, "18": 1.0, "19": 1.0, "20": 1.0, "21": 1.0, "22": 1.0, "23": 1.0, "24": 1.0}, "p1": {"0": 0, "1": 4.192897330553178, "2": 5.422560037176549, "3": 0.0, "4": 0.0, "5": 1.089375372915601, "6": 9.913922836131134, "7": 7.017820719991999, "8": 11.99504150664131, "9": 13.858731104063388, "10": 19.624918350681654, "11": 17.68545427739369, "12": 7.888990606663953, "13": 9.070876653988389, "14": 12.947923069617062, "15": 6.8246417484120485, "16": 5.860678181466358, "17": 5.084741586967768, "18": 4.451922885765134, "19": 2.2632662130423142, "20": 9.238530275434776, "21": 18.174453278555205, "22": 25.474508524925938, "23": 20.43772343582766, "24": 5.563380665142976}, "alpha": {"0": 0, "1": 1.058929261617242, "2": 1.490243866462702, "3": 2.0306860832417235, "4": 1.6106903718974697, "5": 2.1946980407742203, "6": 1.888675043258193, "7": 1.9134537840023762, "8": 1.5989875480075733, "9": 1.6794806687809547, "10": 1.713924494795474, "11": 1.6549637167818645, "12": 1.7502028180007985, "13": 1.8942370038034564, "14": 1.8582230791148489, "15": 1.1921900271651058, "16": 1.3636898113269285, "17": 1.87423752390964, "18": 2.2188231342704428, "19": 2.3135201360872863, "20": 2.3144291131845303, "21": 1.5914671863191405, "22": 1.948827442522175, "23": 1.6854829692516682, "24": 1.8767458004570863}}