{"u": {"0": 0.0, "1": 1.0, "2": 1.0, "3": 1.0, "4": 1.0, "5": 1.0, "6": 1.0, "7": 1.0, "8": 1.0, "9": 1.0, "10": 1.0, "11": 1.0, "12": 1.0, "13": 1.0, "14": 1.0, "15": 1.0, "16": 1.0, "17": 1.0, "18": 1.0, "19": 1.0, "20": 1.0, "21": 1.0, "22": 1.0, "23": 1.0, "24": 1.0}, "p1": {"0": 0.0, "1": 4.1762898329899745, "2": 5.767800035928616, "3": 0.0, "4": 0.0, "5": 1.2467997153292192, "6": 9.81755465175729, "7": 6.820311732149893, "8": 11.612447157758254, "9": 14.127224807800317, "10": 19.767187295845076, "11": 17.435523617736486, "12": 7.758284923307679, "13": 8.989993949836123, "14": 12.884587248287596, "15": 6.096279694826688, "16": 5.145921580044838, "17": 4.799949244295192, "18": 4.286311346847889, "19": 2.144588952521879, "20": 9.243074743302339, "21": 17.743436602723097, "22": 25.681416027273006, "23": 20.61834403897429, "24": 0.0}, "pg": {"0": 0, "1": 5.0, "2": 10.0, "3": 12.0, "4": 12.0, "5": 12.0, "6": 12.0, "7": 12.0, "8": 12.0, "9": 12.0, "10": 12.0, "11": 12.0, "12": 12.0, "13": 12.0, "14": 12.0, "15": 12.0, "16": 12.0, "17": 12.0, "18": 12.0, "19": 12.0, "20": 12.0, "21": 12.0, "22": 12.0, "23": 9.991097601190699, "24": 4.991097601190699}, "p2": {"0": 0, "1": 0.0, "2": 0.0, "3": 0.0, "4": 0.0, "5": 0.0, "6": 0.0, "7": 0.0, "8": 0.0, "9": 0.0, "10": 0.0, "11": 0.0, "12": 0.0, "13": 0.0, "14": 0.0, "15": 0.0, "16": 0.0, "17": 0.1759225642096851, "18": 0.0, "19": 0.0, "20": 6.650361064596474, "21": 10.436017357601013, "22": 0.0, "23": 0.0, "24": 0.0}, "stor_net_i": {"battery": {"0": 0, "1": 0.0, "2": 0.0, "3": 0.0, "4": -5.0, "5": 0.0, "6": 0.0, "7": 5.0, "8": 0.0, "9": 0.0, "10": 0.0, "11": 0.0, "12": 0.0, "13": 0.0, "14": 0.0, "15": 0.0, "16": -1.979466379468093, "17": -3.020533620531907, "18": 0.0, "19": 5.0, "20": -5.0, "21": 5.0, "22": 0.0, "23": -5.0, "24": 5.0}, "ev": {"0": 0, "1": -1.1037092028373685, "2": -10.318397959544539, "3": -2.153075789109245, "4": 4.263976621656099, "5": 1.2492797741854176, "6": -4.2307769524481795, "7": -1.7013378061065367, "8": 0.07991372619515857, "9": -6.558343036995012, "10": 0.48038447063950684, "11": -1.9915061938675649, "12": 1.3839044352613126, "13": 2.6715725644206962, "14": -5.940241122117088, "15": -2.8360865558867587, "16": -3.695556973445896, "17": 5.977954131854631, "18": 10.71211333960348, "19": 10.309932528541886, "20": 11.0, "21": 0.0, "22": -8.582833294746738, "23": -4.841933405555029, "24": 2.0247667003017664}}, "stor_level": {"battery": {"0": 0, "1": 0.0, "2": 0.0, "3": 0.0, "4": 5.0, "5": 5.0, "6": 5.0, "7": 0.0, "8": 0.0, "9": 0.0, "10": 0.0, "11": 0.0, "12": 0.0, "13": 0.0, "14": 0.0, "15": 0.0, "16": 1.979466379468093, "17": 5.0, "18": 5.0, "19": 0.0, "20": 5.0, "21": 0.0, "22": 0.0, "23": 5.0, "24": 0.0}, "ev": {"0": 7.6000000000000005, "1": 8.70370920283737, "2": 19.022107162381907, "3": 21.175182951491152, "4": 16.911206329835053, "5": 15.661926555649636, "6": 19.892703508097817, "7": 21.594041314204354, "8": 21.514127588009195, "9": 28.072470625004208, "10": 27.5920861543647, "11": 29.583592348232266, "12": 28.19968791297095, "13": 25.528115348550255, "14": 31.468356470667345, "15": 34.304443026554104, "16": 38.0, "17": 32.02204586814537, "18": 21.309932528541886, "19": 11.0, "20": 0.0, "21": 0.0, "22": 8.582833294746738, "23": 13.424766700301767, "24": 11.4}}, "dual_con1": {"0": 0.0, "1": 0.0, "2": 0.0, "3": -2.064, "4": -2.064, "5": -2.064, "6": -2.064, "7": -2.064, "8": -2.064, "9": -2.064, "10": -2.064, "11": -2.064, "12": -2.064, "13": -2.064, "14": -2.064, "15": -2.064, "16": -2.064, "17": -2.064, "18": -2.064, "19": -2.064, "20": -2.064, "21": -2.064, "22": 0.0, "23": 0.0, "24": 0.0}, "dual_con2": {"0": 0.0, "1": -0.3, "2": -0.3, "3": -0.3, "4": -0.3, "5": -0.3, "6": -0.3, "7": -0.3, "8": -0.3, "9": -0.3, "10": -0.3, "11": -0.3, "12": -0.3, "13": -0.3, "14": -0.3, "15": -0.3, "16": -0.3, "17": -0.3, "18": -0.3, "19": -0.3, "20": -0.3, "21": -0.3, "22": -0.128, "23": -0.128, "24": -0.128}}