{"u": {"0": 0, "1": 1.0, "2": 1.0, "3": 1.0, "4": 1.0, "5": 1.0, "6": 1.0, "7": 1.0, "8": 1.0, "9": 1.0, "10": 1.0, "11": 1.0, "12": 1.0, "13": 1.0, "14": 1.0, "15": 1.0, "16": 1.0, "17": 1.0, "18": 1.0, "19": 1.0, "20": 1.0, "21": 1.0, "22": 1.0, "23": 1.0, "24": 1.0}, "p1": {"0": 0, "1": 6.557237229498098, "2": 6.476215794304501, "3": 0.0, "4": 0.0, "5": 0.0, "6": 10.613784713549395, "7": 7.664251360636751, "8": 11.518291082577, "9": 12.770327239346809, "10": 18.40965713445535, "11": 16.485615440139384, "12": 3.5068464024211163, "13": 8.670901653174726, "14": 17.429852416483595, "15": 8.62881925898314, "16": 8.58163331870921, "17": 7.043621841908859, "18": 6.464174581454094, "19": 2.248926455661751, "20": 10.314753899647782, "21": 19.145363551391977, "22": 27.986816424064322, "23": 19.783603941552077, "24": 11.89997798089112}, "alpha": {"0": 0, "1": 1.059673968089864, "2": 1.5800874906660012, "3": 2.168770835383743, "4": 1.4524766474039879, "5": 1.8510089786872606, "6": 1.8386114731977794, "7": 1.7768245918089498, "8": 1.787612675226865, "9": 2.0390018281959286, "10": 2.070102859663364, "11": 1.991815367958159, "12": 2.0169460792736396, "13": 2.0052295040475565, "14": 1.5600442750548966, "15": 0.8849284718922517, "16": 0.8715027257182273, "17": 1.4420680912263917, "18": 1.9832476255637526, "19": 2.3178220633014552, "20": 2.113708626540274, "21": 1.5096731979375941, "22": 1.8429550727806543, "23": 1.9114188175343403, "24": 1.2510066057326341}}