{"u": {"0": 0, "1": 1.0, "2": 1.0, "3": 1.0, "4": 1.0, "5": 1.0, "6": 1.0, "7": 1.0, "8": 1.0, "9": 1.0, "10": 1.0, "11": 1.0, "12": 1.0, "13": 1.0, "14": 1.0, "15": 1.0, "16": 1.0, "17": 1.0, "18": 1.0, "19": 1.0, "20": 1.0, "21": 1.0, "22": 1.0, "23": 1.0, "24": 1.0}, "p1": {"0": 0, "1": 2.369087297527321, "2": 3.337875993102255, "3": 0.0, "4": 0.0, "5": 3.941794566269511, "6": 10.354971121118725, "7": 7.59414031228933, "8": 11.810070281140135, "9": 13.125258435537477, "10": 18.89718883907083, "11": 16.983527008205183, "12": 4.023991167253429, "13": 9.034914681783992, "14": 17.155959507265557, "15": 0.0, "16": 8.109022163829216, "17": 6.223622473430746, "18": 5.047266333988835, "19": 2.420395900482019, "20": 9.659662530548294, "21": 17.526271197153772, "22": 27.77768496565556, "23": 19.729264476189698, "24": 8.528602938683573}, "alpha": {"0": 0, "1": 1.0770740614589234, "2": 1.7420321132985674, "3": 1.9532397046472925, "4": 1.6187000315222866, "5": 2.2275271424144765, "6": 1.9235906728141736, "7": 1.7978579063131763, "8": 1.695278915657926, "9": 1.9292224693387277, "10": 1.9223433482787198, "11": 1.8424418975384187, "12": 1.9098026498239462, "13": 1.8960255954647762, "14": 1.5792121478203112, "15": 3.1063198972470443, "16": 0.9797332079672517, "17": 1.6010443493267088, "18": 2.0768200998033355, "19": 2.315881229855375, "20": 2.233740110150353, "21": 1.7030957241367, "22": 1.8051945103032807, "23": 1.651840657143048, "24": 1.771499118394913}}