{"u": {"0": 0.0, "1": 1.0, "2": 1.0, "3": 1.0, "4": 1.0, "5": 1.0, "6": 1.0, "7": 1.0, "8": 1.0, "9": 1.0, "10": 1.0, "11": 1.0, "12": 1.0, "13": 1.0, "14": 1.0, "15": 1.0, "16": 1.0, "17": 1.0, "18": 1.0, "19": 1.0, "20": 1.0, "21": 1.0, "22": 1.0, "23": 1.0, "24": 1.0}, "p1": {"0": 0.0, "1": 4.125012905907653, "2": 5.274901020376172, "3": 0.0, "4": 0.0, "5": 1.2331665674272632, "6": 9.731991086926863, "7": 7.044235056788661, "8": 11.870441404940395, "9": 13.918981883395642, "10": 19.7364911151691, "11": 17.736248159775382, "12": 7.948596144399392, "13": 9.20018909602956, "14": 13.518232579785447, "15": 0.46906176061931504, "16": 0.28353763991893643, "17": 5.5447300948145255, "18": 6.398526014738611, "19": 4.158729244687006, "20": 8.572211527678906, "21": 17.02351268711699, "22": 21.20502626433497, "23": 3.2951258638901635, "24": 7.446157212352265}, "pg": {"0": 0, "1": 5.0, "2": 10.0, "3": 12.0, "4": 12.0, "5": 12.0, "6": 12.0, "7": 12.0, "8": 12.0, "9": 12.0, "10": 12.0, "11": 12.0, "12": 12.0, "13": 12.0, "14": 12.0, "15": 12.0, "16": 12.0, "17": 12.0, "18": 12.0, "19": 12.0, "20": 12.0, "21": 12.0, "22": 12.0, "23": 12.0, "24": 12.0}, "p2": {"0": 0, "1": 0.0, "2": 0.0, "3": 0.0, "4": 0.0, "5": 0.0, "6": 0.0, "7": 0.0, "8": 5.597161477137655, "9": 0.0, "10": 0.0, "11": 0.0, "12": 0.0, "13": 0.0, "14": 0.0, "15": 2.791131378320614, "16": 4.187360587211913, "17": 2.388562225013075, "18": 0.0, "19": 2.2957922363767587, "20": 2.321224280219905, "21": 3.7558399449198774, "22": 0.0, "23": 1.3659388389110951, "24": 0.16970708914019994}, "stor_net_i": {"battery": {"0": 0, "1": 0.0, "2": 0.0, "3": 0.0, "4": -5.0, "5": 0.0, "6": 0.0, "7": 0.0, "8": 0.0, "9": 0.0, "10": 0.0, "11": 5.0, "12": 0.0, "13": 0.0, "14": 0.0, "15": 0.0, "16": -5.0, "17": 0.0, "18": 0.0, "19": 0.0, "20": 0.0, "21": 5.0, "22": -4.106443531808701, "23": 4.106443531808701, "24": 0.0}, "ev": {"0": 0, "1": -1.0524322757550468, "2": -9.825498943992095, "3": -2.153075789109245, "4": 4.263976621656099, "5": 1.2629129220873736, "6": -4.145213387617753, "7": 3.074738869254695, "8": -5.775241998124638, "9": -6.3501001125903365, "10": 0.5110806513154849, "11": -7.292230735906461, "12": 1.1935932141695993, "13": 2.4613774182272596, "14": -6.573886453614939, "15": 0.0, "16": 0.0, "17": 0.0, "18": 8.599898671712758, "19": 11.0, "20": 11.0, "21": 7.400101328287242, "22": 0.0, "23": 0.0, "24": -7.6000000000000005}}, "stor_level": {"battery": {"0": 0, "1": 0.0, "2": 0.0, "3": 0.0, "4": 5.0, "5": 5.0, "6": 5.0, "7": 5.0, "8": 5.0, "9": 5.0, "10": 5.0, "11": 0.0, "12": 0.0, "13": 0.0, "14": 0.0, "15": 0.0, "16": 5.0, "17": 5.0, "18": 5.0, "19": 5.0, "20": 5.0, "21": 0.0, "22": 4.106443531808701, "23": 0.0, "24": 0.0}, "ev": {"0": 7.6000000000000005, "1": 8.652432275755046, "2": 18.47793121974714, "3": 20.631007008856386, "4": 16.367030387200288, "5": 15.104117465112914, "6": 19.249330852730665, "7": 16.17459198347597, "8": 21.94983398160061, "9": 28.299934094190945, "10": 27.78885344287546, "11": 35.08108417878192, "12": 33.88749096461232, "13": 31.42611354638506, "14": 38.0, "15": 38.0, "16": 38.0, "17": 38.0, "18": 29.400101328287242, "19": 18.400101328287242, "20": 7.400101328287242, "21": 0.0, "22": 0.0, "23": 0.0, "24": 7.6000000000000005}}, "dual_con1": {"0": 0.0, "1": 0.0, "2": 0.0, "3": -2.064, "4": -2.064, "5": -2.064, "6": -2.064, "7": -2.064, "8": -2.064, "9": -2.064, "10": -2.064, "11": -2.064, "12": -2.064, "13": -2.064, "14": -2.064, "15": -2.064, "16": -2.064, "17": -2.064, "18": -2.064, "19": -2.064, "20": -2.064, "21": -2.064, "22": -2.064, "23": -2.064, "24": -2.064}, "dual_con2": {"0": 0.0, "1": -0.3, "2": -0.3, "3": -0.3, "4": -0.3, "5": -0.3, "6": -0.3, "7": -0.3, "8": -0.3, "9": -0.3, "10": -0.3, "11": -0.3, "12": -0.3, "13": -0.3, "14": -0.3, "15": -0.3, "16": -0.3, "17": -0.3, "18": -0.3, "19": -0.3, "20": -0.3, "21": -0.3, "22": -0.3, "23": -0.3, "24": -0.3}}