{"u": {"0": 0, "1": 1.0, "2": 1.0, "3": 1.0, "4": 1.0, "5": 1.0, "6": 1.0, "7": 1.0, "8": 1.0, "9": 1.0, "10": 1.0, "11": 1.0, "12": 1.0, "13": 1.0, "14": 1.0, "15": 1.0, "16": 1.0, "17": 1.0, "18": 1.0, "19": 1.0, "20": 1.0, "21": 1.0, "22": 1.0, "23": 1.0, "24": 1.0}, "p1": {"0": 0, "1": 6.548789458445123, "2": 6.485204833872027, "3": 0.0, "4": 0.0, "5": 0.0, "6": 10.601136924355801, "7": 7.778101649975778, "8": 11.527445454128099, "9": 12.779261118563303, "10": 18.545159100477903, "11": 16.565296540559988, "12": 3.5102583226350057, "13": 8.518724598312485, "14": 17.46090851864474, "15": 8.14679112870444, "16": 8.16698612280184, "17": 6.817056541572146, "18": 10.253687758237593, "19": 2.181261147602614, "20": 11.159241602201035, "21": 20.453412684499625, "22": 27.87565537987086, "23": 19.315794605548465, "24": 11.829829605814044}, "alpha": {"0": 0, "1": 1.0682682994057562, "2": 1.6336369011465928, "3": 2.182505705438445, "4": 1.4563177062435995, "5": 1.7971615972418695, "6": 1.8424058099558576, "7": 1.7426695050072416, "8": 1.7848663637615356, "9": 2.0363216644309805, "10": 2.0294522698565975, "11": 1.967911037831978, "12": 2.015922503209472, "13": 2.049382620506228, "14": 1.5627274444065535, "15": 0.9378569218822882, "16": 0.9029319416297377, "17": 1.4494207651408921, "18": 1.98789367252869, "19": 2.3426973171245082, "20": 1.9764617733965348, "21": 1.3236811811551574, "22": 1.876303386038693, "23": 2.0517616183354246, "24": 1.2720511182557568}}