{"u": {"0": 0, "1": 1.0, "2": 1.0, "3": 1.0, "4": 1.0, "5": 1.0, "6": 1.0, "7": 1.0, "8": 1.0, "9": 1.0, "10": 1.0, "11": 1.0, "12": 1.0, "13": 1.0, "14": 1.0, "15": 1.0, "16": 1.0, "17": 1.0, "18": 1.0, "19": 1.0, "20": 1.0, "21": 1.0, "22": 1.0, "23": 1.0, "24": 1.0}, "p1": {"0": 0, "1": 4.174695768570036, "2": 5.534744097021882, "3": 0.0, "4": 0.0, "5": 1.153909177147991, "6": 9.882564643689957, "7": 7.071583633132223, "8": 11.52965382848061, "9": 14.153670662122368, "10": 19.87679782030074, "11": 17.65214150717546, "12": 7.92987953366784, "13": 9.151427324550044, "14": 13.008619646077936, "15": 6.3741928458117165, "16": 5.0298937150978205, "17": 4.830840050677709, "18": 4.314698224897256, "19": 2.236947602725081, "20": 9.250633170892767, "21": 18.024621462123076, "22": 24.82457644335488, "23": 20.34680056565563, "24": 2.3535049805591495}, "alpha": {"0": 0, "1": 1.064389730212185, "2": 1.456588648509102, "3": 1.9994841972880808, "4": 1.5937653568558394, "5": 2.175337899504503, "6": 1.898082500990546, "7": 1.8973249100603093, "8": 1.7386038514557833, "9": 1.5909988013632606, "10": 1.6383606539097473, "11": 1.6649575478473322, "12": 1.7379361398996318, "13": 1.87007180263496, "14": 1.8400141061765865, "15": 1.2638289418115147, "16": 1.5130443442914299, "17": 1.94242798479666, "18": 2.2599905325308063, "19": 2.321415719182456, "20": 2.332883124587852, "21": 1.6280310963150204, "22": 1.789267066993502, "23": 1.7013598303032755, "24": 2.0736285058322355}}