{"u": {"0": 0.0, "1": 1.0, "2": 1.0, "3": 1.0, "4": 1.0, "5": 1.0, "6": 1.0, "7": 1.0, "8": 1.0, "9": 1.0, "10": 1.0, "11": 1.0, "12": 1.0, "13": 1.0, "14": 1.0, "15": 1.0, "16": 1.0, "17": 1.0, "18": 1.0, "19": 1.0, "20": 1.0, "21": 1.0, "22": 1.0, "23": 1.0, "24": 1.0}, "p1": {"0": 0.0, "1": 4.192897330553178, "2": 5.422560037176549, "3": 0.0, "4": 0.0, "5": 1.089375372915601, "6": 9.913922836131134, "7": 7.017820719991999, "8": 11.99504150664131, "9": 13.858731104063388, "10": 19.624918350681654, "11": 17.68545427739369, "12": 7.888990606663953, "13": 9.070876653988389, "14": 12.947923069617062, "15": 6.8246417484120485, "16": 5.860678181466358, "17": 5.084741586967768, "18": 4.451922885765134, "19": 2.2632662130423142, "20": 9.238530275434776, "21": 18.174453278555205, "22": 25.474508524925938, "23": 20.43772343582766, "24": 5.563380665142976}, "pg": {"0": 0, "1": 5.0, "2": 10.0, "3": 12.0, "4": 12.0, "5": 12.0, "6": 12.0, "7": 12.0, "8": 12.0, "9": 12.0, "10": 12.0, "11": 12.0, "12": 12.0, "13": 12.0, "14": 12.0, "15": 12.0, "16": 12.0, "17": 12.0, "18": 12.0, "19": 12.0, "20": 12.0, "21": 12.0, "22": 12.0, "23": 12.0, "24": 12.0}, "p2": {"0": 0, "1": 0.0, "2": 0.0, "3": 0.0, "4": 0.0, "5": 0.0, "6": 0.0, "7": 0.0, "8": 0.0, "9": 0.0, "10": 0.0, "11": 0.0, "12": 0.0, "13": 0.0, "14": 0.0, "15": 0.0, "16": 0.0, "17": 0.0, "18": 0.0, "19": 0.0, "20": 0.8461608004854853, "21": 13.67296128374862, "22": 0.0, "23": 1.0063426427321147, "24": 0.0}, "stor_net_i": {"battery": {"0": 0, "1": 0.0, "2": 0.0, "3": 0.0, "4": -5.0, "5": 0.0, "6": 0.0, "7": 5.0, "8": 0.0, "9": 0.0, "10": 0.0, "11": 0.0, "12": 0.0, "13": 0.0, "14": 0.0, "15": 0.0, "16": -3.727091931566349, "17": -0.8194098691198857, "18": -0.4534981993137652, "19": 4.19125526802145, "20": 0.8087447319785497, "21": 0.0, "22": 0.0, "23": -5.0, "24": 5.0}, "ev": {"0": 0, "1": -1.120316700400572, "2": -9.973157960792472, "3": -2.153075789109245, "4": 4.263976621656099, "5": 1.4067041165990357, "6": -4.327145136822024, "7": -1.8988467939486426, "8": -0.3026806226878982, "9": -6.289849333258083, "10": 0.6226534158029295, "11": -2.2414368535247675, "12": 1.253198751905039, "13": 2.59068986026843, "14": -6.003576943446554, "15": -3.5644486094721195, "16": -2.66268802276916, "17": 3.6679606019797184, "18": 11.0, "19": 11.0, "20": 11.0, "21": 1.3320393980202851, "22": -8.37592579239967, "23": -7.676557843949816, "24": -10.54751636365051}}, "stor_level": {"battery": {"0": 0, "1": 0.0, "2": 0.0, "3": 0.0, "4": 5.0, "5": 5.0, "6": 5.0, "7": 0.0, "8": 0.0, "9": 0.0, "10": 0.0, "11": 0.0, "12": 0.0, "13": 0.0, "14": 0.0, "15": 0.0, "16": 3.727091931566349, "17": 4.546501800686235, "18": 5.0, "19": 0.8087447319785497, "20": 0.0, "21": 0.0, "22": 0.0, "23": 5.0, "24": 0.0}, "ev": {"0": 7.6000000000000005, "1": 8.720316700400573, "2": 18.693474661193044, "3": 20.84655045030229, "4": 16.58257382864619, "5": 15.175869712047154, "6": 19.503014848869178, "7": 21.40186164281782, "8": 21.70454226550572, "9": 27.9943915987638, "10": 27.371738182960872, "11": 29.61317503648564, "12": 28.3599762845806, "13": 25.76928642431217, "14": 31.772863367758724, "15": 35.33731197723084, "16": 38.0, "17": 34.332039398020285, "18": 23.332039398020285, "19": 12.332039398020285, "20": 1.3320393980202851, "21": 0.0, "22": 8.37592579239967, "23": 16.052483636349486, "24": 26.599999999999998}}, "dual_con1": {"0": 0.0, "1": 0.0, "2": 0.0, "3": -2.064, "4": -2.064, "5": -2.064, "6": -2.064, "7": -2.064, "8": -2.064, "9": -2.064, "10": -2.064, "11": -2.064, "12": -2.064, "13": -2.064, "14": -2.064, "15": -2.064, "16": -2.064, "17": -2.064, "18": -2.064, "19": -2.064, "20": -2.064, "21": -2.064, "22": -2.064, "23": -2.064, "24": -2.064}, "dual_con2": {"0": 0.0, "1": -0.3, "2": -0.3, "3": -0.3, "4": -0.3, "5": -0.3, "6": -0.3, "7": -0.3, "8": -0.3, "9": -0.3, "10": -0.3, "11": -0.3, "12": -0.3, "13": -0.3, "14": -0.3, "15": -0.3, "16": -0.3, "17": -0.3, "18": -0.3, "19": -0.3, "20": -0.3, "21": -0.3, "22": -0.3, "23": -0.3, "24": -0.3}}