{"u": {"0": 0, "1": 1.0, "2": 1.0, "3": 1.0, "4": 1.0, "5": 1.0, "6": 1.0, "7": 1.0, "8": 1.0, "9": 1.0, "10": 1.0, "11": 1.0, "12": 1.0, "13": 1.0, "14": 1.0, "15": 1.0, "16": 1.0, "17": 1.0, "18": 1.0, "19": 1.0, "20": 1.0, "21": 1.0, "22": 1.0, "23": 1.0, "24": 1.0}, "p1": {"0": 0, "1": 7.858038428911112, "2": 7.397070445914064, "3": 1.9319410204598615, "4": 0.0, "5": 0.0, "6": 7.407566304188325, "7": 5.32695565844344, "8": 15.663440420423974, "9": 9.797731994280621, "10": 23.754022110874992, "11": 14.039093529670508, "12": 19.67537381580109, "13": 5.5585531365800485, "14": 9.249417736860492, "15": 0.0, "16": 7.592139824753255, "17": 2.7470539463304515, "18": 14.246794032633247, "19": 8.416490373328791, "20": 22.147211137345316, "21": 16.908453314672983, "22": 18.971096941852398, "23": 2.6664191952389533, "24": 4.461611260313033}, "alpha": {"0": 0, "1": 0.9113172907055853, "2": 1.5681500468468301, "3": 2.132910030444337, "4": 1.434487999110544, "5": 1.4949421203393456, "6": 1.7207999936912235, "7": 1.536913302466939, "8": 1.5967678738727873, "9": 1.6206804017157852, "10": 1.6130933667374765, "11": 1.544371941098821, "12": 1.6462878552596283, "13": 1.7665340590259764, "14": 1.8985746789418236, "15": 1.7775095798013931, "16": 1.8227580525740017, "17": 1.455123842518889, "18": 1.513260047780423, "19": 1.5480018388588759, "20": 1.6640366587963764, "21": 2.0341640055980754, "22": 2.4080709174442525, "23": 2.602191617344804, "24": 1.5131404764917926}}