stor_level,time,iterations
4,1.160979986190796,5
TOTAL,1.1712489128112793,0
