stor_level,time,iterations
4,1.0843768119812012,5
TOTAL,1.090270757675171,0
