{"u": {"0": 0, "1": 1.0, "2": 1.0, "3": 1.0, "4": 1.0, "5": 1.0, "6": 1.0, "7": 1.0, "8": 1.0, "9": 1.0, "10": 1.0, "11": 1.0, "12": 1.0, "13": 1.0, "14": 1.0, "15": 1.0, "16": 1.0, "17": 1.0, "18": 1.0, "19": 1.0, "20": 1.0, "21": 1.0, "22": 1.0, "23": 1.0, "24": 1.0}, "p1": {"0": 0, "1": 0.5158422448234283, "2": 0.0, "3": 0.0, "4": 0.04893647783348243, "5": 0.0, "6": 2.382097337615596, "7": 9.319643529538755, "8": 39.50142976996502, "9": -0.0, "10": 11.063720090621976, "11": 22.99553292056502, "12": 16.43686800406361, "13": 21.628350737747823, "14": 20.50557163768456, "15": 8.500462454761742, "16": 0.0, "17": 17.382264111680147, "18": 5.658177559897774, "19": 16.528751810328572, "20": 21.050634185823114, "21": 24.057682720763108, "22": 17.762022533520643, "23": 10.929532203399877, "24": 0.0}, "alpha": {"0": 0, "1": 1.1305401372494492, "2": 1.2003191825963029, "3": 1.2389125728697645, "4": 1.3842070465893592, "5": 1.4733244912652275, "6": 1.6509874453602424, "7": 2.004250704477834, "8": 1.5639848889239953, "9": 1.5359999999999998, "10": 1.7297816042257161, "11": 1.4034506103498363, "12": 1.4130175480742118, "13": 1.4410197953794799, "14": 1.218068886052996, "15": 1.33900943995948, "16": 1.2529847178052558, "17": 1.4446686242011828, "18": 2.453934679069001, "19": 1.152888605124755, "20": 1.4628364490359558, "21": 1.7818031227169, "22": 1.5770503457457656, "23": 1.6083721764491776, "24": 1.4397362914367862}}