charge_target,time,iterations
0.8,1202.6767029762268,5
TOTAL,1265.6039056777954,0
