{"u": {"0": 0, "1": 1.0, "2": 1.0, "3": 1.0, "4": 1.0, "5": 1.0, "6": 1.0, "7": 1.0, "8": 1.0, "9": 1.0, "10": 1.0, "11": 1.0, "12": 1.0, "13": 1.0, "14": 1.0, "15": 1.0, "16": 1.0, "17": 1.0, "18": 1.0, "19": 1.0, "20": 1.0, "21": 1.0, "22": 1.0, "23": 1.0, "24": 1.0}, "p1": {"0": 0, "1": 7.399069767441862, "2": 0.0, "3": 0.0, "4": 0.0, "5": 0.0, "6": 5.399069767441858, "7": 11.583255813953485, "8": 22.48320173066521, "9": 3.933542455381289, "10": 29.999999999999996, "11": 17.533643410852715, "12": 13.577991707229135, "13": 9.53364341085271, "14": 2.1897674418604662, "15": -0.0, "16": 6.714418604651161, "17": 18.95186587344511, "18": 2.0000000000000053, "19": 26.0, "20": 9.782325581395348, "21": 35.99999999999999, "22": 18.0, "23": 0.0, "24": 0.0}, "alpha": {"0": 0, "1": 1.1162790697674412, "2": 1.3211981395348835, "3": 1.536, "4": 1.67936, "5": 1.28, "6": 1.116279069767442, "7": 1.6610232558139537, "8": 1.391039480800436, "9": 1.555937263385613, "10": 1.536000000000001, "11": 1.6759069767441859, "12": 2.26260248783126, "13": 1.675906976744187, "14": 2.6790697674418595, "15": 1.536, "16": 1.3216744186046514, "17": 1.2504402379664667, "18": 1.5359999999999987, "19": 1.5360000000000005, "20": 2.201302325581395, "21": 1.5360000000000014, "22": 1.536, "23": 1.7066666666666668, "24": 1.536}}