{"u": {"0": 0, "1": 1.0, "2": 1.0, "3": 1.0, "4": 1.0, "5": 1.0, "6": 1.0, "7": 1.0, "8": 1.0, "9": 1.0, "10": 1.0, "11": 1.0, "12": 1.0, "13": 1.0, "14": 1.0, "15": 1.0, "16": 1.0, "17": 1.0, "18": 1.0, "19": 1.0, "20": 1.0, "21": 1.0, "22": 1.0, "23": 1.0, "24": 1.0}, "p1": {"0": 0, "1": 2.950387596899228, "2": 0.0, "3": 0.0, "4": 0.0, "5": 0.0, "6": 2.6154678204434827, "7": 10.0, "8": 11.999999999999996, "9": 11.023255813953488, "10": 20.0, "11": 18.0, "12": 16.000000000000004, "13": 9.446187128177392, "14": 5.255813953488371, "15": 1.7847485127095695, "16": 3.9999999999999982, "17": 8.0, "18": 9.023255813953487, "19": 16.000000000000004, "20": 20.615467820443484, "21": 24.139534883720934, "22": 17.999999999999996, "23": 10.0, "24": 0.0}, "alpha": {"0": 0, "1": 0.6548837209302321, "2": 1.024, "3": 1.6, "4": 1.024, "5": 1.6, "6": 1.9513596538669549, "7": 1.5359999999999998, "8": 1.5360000000000005, "9": 2.429023255813953, "10": 1.536, "11": 1.536, "12": 1.5359999999999996, "13": 1.702143861546782, "14": 1.759255813953488, "15": 2.200575446187129, "16": 1.5360000000000003, "17": 1.536, "18": 2.429023255813953, "19": 1.5359999999999996, "20": 1.951359653866954, "21": 2.0941395348837206, "22": 1.5360000000000014, "23": 1.5359999999999998, "24": 1.536}}