{"u": {"0": 0.0, "1": 0.0, "2": 1.0, "3": 1.0, "4": 1.0, "5": 1.0, "6": 1.0, "7": 1.0, "8": 1.0, "9": 1.0, "10": 1.0, "11": 1.0, "12": 1.0, "13": 1.0, "14": 1.0, "15": 1.0, "16": 1.0, "17": 1.0, "18": 1.0, "19": 1.0, "20": 1.0, "21": 1.0, "22": 1.0, "23": 1.0, "24": 1.0}, "p1": {"0": 0.0, "1": 0.0, "2": 2.4212222823147656, "3": 0.6781395348837194, "4": 1.1033279250045034, "5": 15.865426356589147, "6": 8.210953668649719, "7": 9.910697674418602, "8": 8.189767441860464, "9": 10.87441860465116, "10": 21.633747971876677, "11": 26.751627906976747, "12": 4.9106976744186035, "13": 6.1897674418604645, "14": 16.910697674418603, "15": 12.751627906976744, "16": 7.920995132504039, "17": 5.707906976744178, "18": 3.1897674418604662, "19": 1.1897674418604662, "20": 7.189767441860468, "21": 16.12378583017853, "22": 28.910697674418603, "23": 21.000000000000004, "24": 4.533542455381287}, "pg": {"0": 0, "1": 0.0, "2": 5.0, "3": 10.0, "4": 12.0, "5": 10.134573643410853, "6": 12.0, "7": 12.0, "8": 12.0, "9": 12.0, "10": 12.0, "11": 12.0, "12": 12.0, "13": 12.0, "14": 12.0, "15": 12.0, "16": 12.0, "17": 12.0, "18": 12.0, "19": 12.0, "20": 12.0, "21": 12.0, "22": 12.0, "23": 12.0, "24": 12.0}, "p2": {"0": 0, "1": 0.9787777176852339, "2": 0.0, "3": 0.0, "4": 0.0, "5": 0.0, "6": 0.0, "7": 0.0, "8": 0.0, "9": 0.0, "10": 0.0, "11": 0.0, "12": 0.0, "13": 0.0, "14": 0.0, "15": 0.0, "16": 0.0, "17": 0.0, "18": 0.0, "19": 3.8102325581395338, "20": 5.876091581034842, "21": 4.87621416982147, "22": 0.0, "23": 0.0, "24": 0.15575987020010373}, "stor_net_i": {"battery": {"0": 0, "1": 0.0, "2": 0.0, "3": -0.6781395348837194, "4": 0.6781395348837194, "5": -5.0, "6": 5.0, "7": -5.0, "8": 0.0, "9": 0.0, "10": 0.0, "11": 0.0, "12": 0.0893023255813965, "13": 4.821395348837207, "14": 0.0893023255813965, "15": 0.0, "16": 0.0, "17": -2.8102325581395338, "18": -2.1897674418604662, "19": 0.0, "20": 0.0, "21": 5.0, "22": -5.0, "23": 0.0, "24": 5.0}, "ev": {"0": 0, "1": 7.021222282314767, "2": 0.5787777176852344, "3": 0.0, "4": -3.7814674598882227, "5": -11.0, "6": -9.210953668649719, "7": 5.0893023255814, "8": 3.8102325581395355, "9": 3.1255813953488403, "10": -1.6337479718766765, "11": -8.751627906976747, "12": 11.0, "13": -1.0111627906976715, "14": -11.0, "15": -8.751627906976744, "16": -3.9209951325040393, "17": 5.102325581395355, "18": 11.0, "19": 11.0, "20": 8.93414097710469, "21": 0.0, "22": -5.9106976744186035, "23": -11.000000000000004, "24": -9.68930232558139}}, "stor_level": {"battery": {"0": 0, "1": 0.0, "2": 0.0, "3": 0.6781395348837194, "4": 0.0, "5": 5.0, "6": 0.0, "7": 5.0, "8": 5.0, "9": 5.0, "10": 5.0, "11": 5.0, "12": 4.9106976744186035, "13": 0.0893023255813965, "14": 0.0, "15": 0.0, "16": 0.0, "17": 2.8102325581395338, "18": 5.0, "19": 5.0, "20": 5.0, "21": 0.0, "22": 5.0, "23": 5.0, "24": 0.0}, "ev": {"0": 7.6000000000000005, "1": 0.5787777176852344, "2": 0.0, "3": 0.0, "4": 3.7814674598882227, "5": 14.781467459888223, "6": 23.99242112853794, "7": 18.90311880295654, "8": 15.092886244817006, "9": 11.967304849468166, "10": 13.601052821344842, "11": 22.352680728321587, "12": 11.352680728321587, "13": 12.363843519019259, "14": 23.36384351901926, "15": 32.115471425996006, "16": 36.036466558500045, "17": 30.93414097710469, "18": 19.93414097710469, "19": 8.93414097710469, "20": 0.0, "21": 0.0, "22": 5.9106976744186035, "23": 16.910697674418607, "24": 26.599999999999998}}, "dual_con1": {"0": 0.0, "1": -6.192, "2": 0.0, "3": 0.0, "4": -2.064, "5": 0.0, "6": -2.064, "7": -2.064, "8": -2.064, "9": -2.064, "10": -2.064, "11": -2.064, "12": -2.064, "13": -2.064, "14": -2.064, "15": -2.064, "16": -2.064, "17": -2.064, "18": -2.064, "19": -2.064, "20": -2.064, "21": -2.064, "22": -2.064, "23": -2.064, "24": -2.064}, "dual_con2": {"0": 0.0, "1": -0.3, "2": -0.3, "3": -0.3, "4": -0.3, "5": -0.128, "6": -0.3, "7": -0.3, "8": -0.3, "9": -0.3, "10": -0.3, "11": -0.3, "12": -0.3, "13": -0.3, "14": -0.3, "15": -0.3, "16": -0.3, "17": -0.3, "18": -0.3, "19": -0.3, "20": -0.3, "21": -0.3, "22": -0.3, "23": -0.3, "24": -0.3}}