{"u": {"0": 0.0, "1": 1.0, "2": 1.0, "3": 1.0, "4": 1.0, "5": 1.0, "6": 1.0, "7": 1.0, "8": 1.0, "9": 1.0, "10": 1.0, "11": 1.0, "12": 1.0, "13": 1.0, "14": 1.0, "15": 1.0, "16": 1.0, "17": 1.0, "18": 1.0, "19": 1.0, "20": 1.0, "21": 1.0, "22": 1.0, "23": 1.0, "24": 1.0}, "p1": {"0": 0.0, "1": 8.399069767441862, "2": 10.318377501352083, "3": 5.997447268793941, "4": 0.0, "5": 0.0, "6": 8.958831800973497, "7": 9.910697674418602, "8": 8.189767441860464, "9": 10.189767441860466, "10": 16.189767441860464, "11": 14.189767441860466, "12": 1.1897674418604627, "13": 7.142325581395337, "14": 19.36893455922117, "15": 13.70418604651162, "16": 14.240000000000002, "17": 15.474396971335853, "18": 11.002790697674417, "19": 1.1897674418604627, "20": 13.835521903731749, "21": 16.17408328826394, "22": 27.139534883720927, "23": 19.61546782044348, "24": 10.999999999999998}, "pg": {"0": 0, "1": 5.0, "2": 8.681622498647917, "3": 9.044651162790696, "4": 12.0, "5": 12.0, "6": 12.0, "7": 12.0, "8": 12.0, "9": 12.0, "10": 12.0, "11": 12.0, "12": 12.0, "13": 12.0, "14": 12.0, "15": 8.29581395348838, "16": 12.0, "17": 12.0, "18": 11.957641968631725, "19": 12.0, "20": 12.0, "21": 12.0, "22": 12.0, "23": 12.0, "24": 12.000000000000002}, "p2": {"0": 0, "1": 0.0, "2": 0.0, "3": 0.0, "4": 0.0, "5": 0.0, "6": 0.0, "7": 0.0, "8": 0.0, "9": 0.0, "10": 0.0, "11": 0.0, "12": 0.0, "13": 0.0, "14": 0.0, "15": 0.0, "16": 0.0, "17": 0.0, "18": 0.0, "19": 0.0, "20": 0.0, "21": 0.0, "22": 0.0, "23": 0.0, "24": 0.0}, "stor_net_i": {"battery": {"0": 0, "1": 0.0, "2": 0.0, "3": 0.0, "4": 0.0, "5": 0.0, "6": 0.0, "7": 0.0, "8": 0.0, "9": 0.0, "10": 0.0, "11": -5.0, "12": 3.8102325581395373, "13": -1.4412979989183672, "14": -2.36893455922117, "15": 5.0, "16": 0.0, "17": -4.085191995673295, "18": 0.2749594375337576, "19": 3.8102325581395373, "20": -2.835521903731749, "21": 0.9750567874526759, "22": 1.860465116279073, "23": 0.0, "24": 0.0}, "ev": {"0": 0, "1": -5.399069767441862, "2": -11.0, "3": -5.0420984315846376, "4": -2.0, "5": -2.0, "6": -4.958831800973497, "7": 0.08930232558139828, "8": 3.8102325581395355, "9": 3.8102325581395338, "10": 3.8102325581395355, "11": 8.810232558139532, "12": 11.0, "13": 4.29897241752303, "14": -11.0, "15": -11.0, "16": -10.240000000000002, "17": -3.389204975662558, "18": 0.7646078961601006, "19": 11.0, "20": 11.0, "21": 8.850859924283384, "22": -11.0, "23": -9.615467820443481, "24": -11.0}}, "stor_level": {"battery": {"0": 0, "1": 0.0, "2": 0.0, "3": 0.0, "4": 0.0, "5": 0.0, "6": 0.0, "7": 0.0, "8": 0.0, "9": 0.0, "10": 0.0, "11": 5.0, "12": 1.1897674418604627, "13": 2.63106544077883, "14": 5.0, "15": 0.0, "16": 0.0, "17": 4.085191995673295, "18": 3.8102325581395373, "19": 0.0, "20": 2.835521903731749, "21": 1.860465116279073, "22": 0.0, "23": 0.0, "24": 0.0}, "ev": {"0": 7.6000000000000005, "1": 12.999069767441863, "2": 23.999069767441863, "3": 29.0411681990265, "4": 31.0411681990265, "5": 33.0411681990265, "6": 38.0, "7": 37.9106976744186, "8": 34.10046511627907, "9": 30.290232558139536, "10": 26.48, "11": 17.66976744186047, "12": 6.669767441860468, "13": 2.370795024337438, "14": 13.370795024337438, "15": 24.37079502433744, "16": 34.61079502433744, "17": 38.0, "18": 37.2353921038399, "19": 26.235392103839903, "20": 15.235392103839903, "21": 6.384532179556519, "22": 17.38453217955652, "23": 27.0, "24": 38}}, "dual_con1": {"0": 0.0, "1": 0.0, "2": 0.0, "3": 0.0, "4": 0.0, "5": 0.0, "6": 0.0, "7": 0.0, "8": 0.0, "9": 0.0, "10": 0.0, "11": 0.0, "12": 0.0, "13": 0.0, "14": 0.0, "15": 0.0, "16": 0.0, "17": 0.0, "18": 0.0, "19": 0.0, "20": 0.0, "21": 0.0, "22": 0.0, "23": 0.0, "24": 0.0}, "dual_con2": {"0": 0.0, "1": -0.128, "2": -0.128, "3": -0.128, "4": -0.128, "5": -0.128, "6": -0.128, "7": -0.128, "8": -0.128, "9": -0.128, "10": -0.128, "11": -0.128, "12": -0.128, "13": -0.128, "14": -0.128, "15": -0.128, "16": -0.128, "17": -0.128, "18": -0.128, "19": -0.128, "20": -0.128, "21": -0.128, "22": -0.128, "23": -0.128, "24": -0.128}}