{"u": {"0": 0, "1": -0.0, "2": 1.0, "3": 1.0, "4": 1.0, "5": 1.0, "6": 1.0, "7": 1.0, "8": 1.0, "9": 1.0, "10": 1.0, "11": 1.0, "12": 1.0, "13": 1.0, "14": 1.0, "15": 1.0, "16": 1.0, "17": 1.0, "18": 1.0, "19": 1.0, "20": 1.0, "21": 1.0, "22": 1.0, "23": 1.0, "24": -0.0}, "p1": {"0": 0, "1": -0.0, "2": 8.253333333333334, "3": 7.066371011357493, "4": 4.980248783125994, "5": 13.999999999999998, "6": 8.139534883720927, "7": 6.1897674418604645, "8": 8.189767441860464, "9": 13.910697674418607, "10": 28.751627906976747, "11": 26.84093023255814, "12": 4.9999999999999964, "13": 6.279069767441857, "14": 17.0, "15": 12.840930232558136, "16": 14.170542635658911, "17": 11.648703803857932, "18": 4.608682170542636, "19": 1.1897674418604662, "20": 10.910697674418609, "21": 19.43530557057873, "22": 30.50669551108706, "23": 25.75656030286643, "24": -0.0}, "alpha": {"0": 0, "1": 0.64, "2": 0.0, "3": 0.6673445105462408, "4": 1.349088155759874, "5": 1.5360000000000005, "6": 2.0941395348837215, "7": 2.6790697674418604, "8": 2.67906976744186, "9": 1.562790697674418, "10": 0.0, "11": 0.0, "12": 1.5360000000000005, "13": 2.6522790697674425, "14": 1.5359999999999996, "15": 0.0, "16": 0.0, "17": 0.8402725797728521, "18": 2.2533953488372096, "19": 2.6790697674418604, "20": 1.562790697674418, "21": 1.623640886965922, "22": 1.3585029745808561, "23": 0.3025202812330967, "24": 0.7884800000000007}}