{"u": {"0": 0.0, "1": 1.0, "2": 1.0, "3": 1.0, "4": 1.0, "5": 1.0, "6": 1.0, "7": 1.0, "8": 1.0, "9": 1.0, "10": 1.0, "11": 1.0, "12": 1.0, "13": 1.0, "14": 1.0, "15": 1.0, "16": 1.0, "17": 1.0, "18": 1.0, "19": 1.0, "20": 1.0, "21": 1.0, "22": 1.0, "23": 1.0, "24": 1.0}, "p1": {"0": 0.0, "1": 8.399069767441862, "2": 7.000000000000002, "3": 4.4651162790697665, "4": 0.0, "5": 0.0, "6": 6.1897674418604645, "7": 8.958831800973497, "8": 9.67813953488372, "9": 10.189767441860466, "10": 16.189767441860464, "11": 14.189767441860466, "12": 1.1897674418604627, "13": 6.1897674418604645, "14": 14.931162790697659, "15": 8.533650621957781, "16": 14.240000000000002, "17": 16.751627906976744, "18": 8.110697674418606, "19": 1.1897674418604627, "20": 15.453153055705853, "21": 26.99290427257978, "22": 27.139534883720927, "23": 19.61546782044348, "24": 10.999999999999998}, "pg": {"0": 0, "1": 5.0, "2": 10.0, "3": 12.0, "4": 10.760237966468356, "5": 12.0, "6": 12.0, "7": 12.0, "8": 12.0, "9": 12.0, "10": 12.0, "11": 12.0, "12": 12.0, "13": 12.0, "14": 12.0, "15": 8.242033531638706, "16": 12.0, "17": 12.0, "18": 12.0, "19": 12.0, "20": 12.0, "21": 12.0, "22": 12.0, "23": 12.0, "24": 12.000000000000002}, "p2": {"0": 0, "1": 0.0, "2": 0.0, "3": 0.0, "4": 0.0, "5": 0.0, "6": 0.0, "7": 0.0, "8": 0.0, "9": 0.0, "10": 0.0, "11": 0.0, "12": 0.0, "13": 0.0, "14": 0.0, "15": 0.0, "16": 0.0, "17": 0.0, "18": 0.0, "19": 0.0, "20": 0.0, "21": 0.0, "22": 0.0, "23": 0.0, "24": 0.0}, "stor_net_i": {"battery": {"0": 0, "1": 0.0, "2": 0.0, "3": 0.0, "4": 0.0, "5": 0.0, "6": 0.0, "7": 0.0, "8": 0.0, "9": 0.0, "10": 0.0, "11": -5.0, "12": 5.0, "13": 0.0, "14": 0.0, "15": 0.0, "16": 0.0, "17": 0.0, "18": -5.0, "19": 3.8102325581395373, "20": 1.1897674418604627, "21": -3.244997295835592, "22": 1.860465116279073, "23": 1.384532179556519, "24": 0.0}, "ev": {"0": 0, "1": -5.399069767441862, "2": -9.000000000000002, "3": -6.4651162790697665, "4": -0.7602379664683561, "5": -2.0, "6": -2.1897674418604645, "7": 1.0411681990265027, "8": 2.3218604651162806, "9": 3.8102325581395338, "10": 3.8102325581395355, "11": 8.810232558139532, "12": 9.810232558139539, "13": 3.8102325581395355, "14": -8.931162790697659, "15": -0.7756841535964867, "16": -10.240000000000002, "17": -8.751627906976744, "18": 8.889302325581394, "19": 11.0, "20": 5.357079502433685, "21": 2.2520930232558136, "22": -11.0, "23": -11.0, "24": -11.0}}, "stor_level": {"battery": {"0": 0, "1": 0.0, "2": 0.0, "3": 0.0, "4": 0.0, "5": 0.0, "6": 0.0, "7": 0.0, "8": 0.0, "9": 0.0, "10": 0.0, "11": 5.0, "12": 0.0, "13": 0.0, "14": 0.0, "15": 0.0, "16": 0.0, "17": 0.0, "18": 5.0, "19": 1.1897674418604627, "20": 0.0, "21": 3.244997295835592, "22": 1.384532179556519, "23": 0.0, "24": 0.0}, "ev": {"0": 7.6000000000000005, "1": 12.999069767441863, "2": 21.999069767441867, "3": 28.464186046511635, "4": 29.22442401297999, "5": 31.22442401297999, "6": 33.414191454840456, "7": 32.373023255813955, "8": 30.051162790697674, "9": 26.240930232558142, "10": 22.430697674418607, "11": 13.620465116279075, "12": 3.8102325581395355, "13": 0.0, "14": 8.931162790697659, "15": 9.706846944294146, "16": 19.946846944294148, "17": 28.69847485127089, "18": 19.809172525689497, "19": 8.8091725256895, "20": 3.4520930232558165, "21": 1.2000000000000028, "22": 12.200000000000003, "23": 23.200000000000003, "24": 34.2}}, "dual_con1": {"0": 0.0, "1": 0.0, "2": 0.0, "3": 0.0, "4": 0.0, "5": 0.0, "6": 0.0, "7": 0.0, "8": 0.0, "9": 0.0, "10": 0.0, "11": 0.0, "12": 0.0, "13": 0.0, "14": 0.0, "15": 0.0, "16": 0.0, "17": 0.0, "18": 0.0, "19": 0.0, "20": 0.0, "21": 0.0, "22": 0.0, "23": 0.0, "24": 0.0}, "dual_con2": {"0": 0.0, "1": -0.128, "2": -0.128, "3": -0.128, "4": -0.128, "5": -0.128, "6": -0.128, "7": -0.128, "8": -0.128, "9": -0.128, "10": -0.128, "11": -0.128, "12": -0.128, "13": -0.128, "14": -0.128, "15": -0.128, "16": -0.128, "17": -0.128, "18": -0.128, "19": -0.128, "20": -0.128, "21": -0.128, "22": -0.128, "23": -0.128, "24": -0.128}}