{"u": {"0": 0, "1": -0.0, "2": 1.0, "3": 1.0, "4": 1.0, "5": 1.0, "6": 1.0, "7": 1.0, "8": 1.0, "9": 1.0, "10": 1.0, "11": 1.0, "12": 1.0, "13": 1.0, "14": 1.0, "15": 1.0, "16": 1.0, "17": 1.0, "18": 1.0, "19": 1.0, "20": 1.0, "21": 1.0, "22": 1.0, "23": 1.0, "24": 1.0}, "p1": {"0": 0, "1": -0.0, "2": 3.024186046511627, "3": 0.6781395348837194, "4": 3.524067063277446, "5": 14.47593293672255, "6": 10.826911844240122, "7": 7.105981611681983, "8": 9.09802055164954, "9": 13.867084910762578, "10": 16.45767441860465, "11": 14.189767441860466, "12": 1.1897674418604627, "13": 6.1897674418604645, "14": 16.910697674418603, "15": 10.432882639264456, "16": 2.6232558139534845, "17": 14.432882639264463, "18": 5.623255813953486, "19": 1.1897674418604627, "20": 13.835521903731749, "21": 21.65488372093023, "22": 28.910697674418603, "23": 19.18418604651163, "24": 0.0}, "alpha": {"0": 0, "1": 0.64, "2": 0.9287441860465119, "3": 2.232558139534884, "4": 1.678779881016766, "5": 1.3932201189832347, "6": 1.287926446727963, "7": 2.404205516495405, "8": 2.4065938345051374, "9": 1.5758745267712264, "10": 2.598697674418605, "11": 2.67906976744186, "12": 2.679069767441861, "13": 2.6790697674418604, "14": 1.5627906976744184, "15": 0.3093910221741504, "16": 1.9490232558139546, "17": 0.3093910221741492, "18": 1.9490232558139542, "19": 2.679069767441861, "20": 1.828413196322336, "21": 1.33953488372093, "22": 1.5627906976744184, "23": 2.0807441860465112, "24": 1.8822548837209303}}