{"u": {"0": 0.0, "1": 1.0, "2": 1.0, "3": 1.0, "4": 1.0, "5": 1.0, "6": 1.0, "7": 1.0, "8": 1.0, "9": 1.0, "10": 1.0, "11": 1.0, "12": 1.0, "13": 1.0, "14": 1.0, "15": 1.0, "16": 1.0, "17": 1.0, "18": 1.0, "19": 1.0, "20": 1.0, "21": 1.0, "22": 1.0, "23": 1.0, "24": 1.0}, "p1": {"0": 0.0, "1": 8.399069767441862, "2": 12.120000000000001, "3": 7.799069767441857, "4": 0.0, "5": 0.0, "6": 8.139534883720927, "7": 0.38453217955651553, "8": 21.615467820443484, "9": 1.1395348837209287, "10": 29.139534883720934, "11": 5.615467820443483, "12": 25.13953488372093, "13": 0.0, "14": 14.345390301063636, "15": 0.0, "16": 13.139534883720927, "17": 0.0, "18": 23.0, "19": 11.489994591671172, "20": 29.27906976744186, "21": 11.189767441860466, "22": 26.20186046511627, "23": 0.0, "24": 0.0}, "pg": {"0": 0, "1": 5.0, "2": 10.0, "3": 12.0, "4": 12.0, "5": 9.942325581395352, "6": 12.0, "7": 12.0, "8": 12.0, "9": 12.0, "10": 12.0, "11": 12.0, "12": 7.0, "13": 12.0, "14": 12.0, "15": 7.3203100775193946, "16": 12.0, "17": 12.0, "18": 12.0, "19": 12.0, "20": 12.0, "21": 12.0, "22": 12.0, "23": 12.0, "24": 12.0}, "p2": {"0": 0, "1": 0.0, "2": 0.0, "3": 0.0, "4": 0.0, "5": 0.0, "6": 0.0, "7": 0.0, "8": 0.0, "9": 0.0, "10": 0.0, "11": 0.0, "12": 0.0, "13": 0.0, "14": 0.0, "15": 0.0, "16": 0.0, "17": 0.0, "18": 0.0, "19": 0.0, "20": 0.0, "21": 0.0, "22": 0.0, "23": 0.0, "24": 0.0}, "stor_net_i": {"battery": {"0": 0, "1": 0.0, "2": -3.120000000000001, "3": -1.879999999999999, "4": 4.081860465116279, "5": -4.081860465116279, "6": 0.0, "7": 0.0, "8": 0.0, "9": 1.8604651162790713, "10": -1.8604651162790713, "11": 5.0, "12": 0.0, "13": 0.0, "14": 0.0, "15": -1.860465116279073, "16": 1.860465116279073, "17": 0.0, "18": 0.0, "19": -5.0, "20": 0.0, "21": 5.0, "22": 0.0, "23": -1.0, "24": 1.0}, "ev": {"0": 0, "1": -5.399069767441862, "2": -11.0, "3": -7.919069767441858, "4": -6.081860465116279, "5": 4.139534883720927, "6": -4.139534883720927, "7": 9.615467820443484, "8": -9.615467820443484, "9": 11.0, "10": -7.279069767441863, "11": 7.3845321795565155, "12": -4.1395348837209305, "13": 10.0, "14": -8.345390301063636, "15": 10.540155038759679, "16": -11.0, "17": 8.0, "18": -11.0, "19": 9.51000540832883, "20": -7.279069767441861, "21": 9.810232558139532, "22": -8.201860465116269, "23": 11.0, "24": -1.0}}, "stor_level": {"battery": {"0": 0, "1": 0.0, "2": 3.120000000000001, "3": 5.0, "4": 0.9181395348837214, "5": 5.0, "6": 5.0, "7": 5.0, "8": 5.0, "9": 3.1395348837209287, "10": 5.0, "11": 0.0, "12": 0.0, "13": 0.0, "14": 0.0, "15": 1.860465116279073, "16": 0.0, "17": 0.0, "18": 0.0, "19": 5.0, "20": 5.0, "21": 0.0, "22": 0.0, "23": 1.0, "24": 0.0}, "ev": {"0": 7.6000000000000005, "1": 12.999069767441863, "2": 23.999069767441863, "3": 31.91813953488372, "4": 38.0, "5": 33.86046511627907, "6": 38.0, "7": 28.384532179556516, "8": 38.0, "9": 27.0, "10": 34.27906976744186, "11": 26.894537587885345, "12": 31.034072471606276, "13": 21.034072471606276, "14": 29.37946277266991, "15": 18.839307733910232, "16": 29.839307733910232, "17": 21.839307733910232, "18": 32.83930773391023, "19": 23.329302325581402, "20": 30.608372093023263, "21": 20.79813953488373, "22": 29.0, "23": 18.0, "24": 19.0}}, "dual_con1": {"0": 0.0, "1": 0.0, "2": 0.0, "3": 0.0, "4": 0.0, "5": 0.0, "6": 0.0, "7": 0.0, "8": 0.0, "9": 0.0, "10": 0.0, "11": 0.0, "12": 0.0, "13": 0.0, "14": 0.0, "15": 0.0, "16": 0.0, "17": 0.0, "18": 0.0, "19": 0.0, "20": 0.0, "21": 0.0, "22": 0.0, "23": 0.0, "24": 0.0}, "dual_con2": {"0": 0.0, "1": -0.128, "2": -0.128, "3": -0.128, "4": -0.128, "5": -0.128, "6": -0.128, "7": -0.128, "8": -0.128, "9": -0.128, "10": -0.128, "11": -0.128, "12": -0.128, "13": -0.128, "14": -0.128, "15": -0.128, "16": -0.128, "17": -0.128, "18": -0.128, "19": -0.128, "20": -0.128, "21": -0.128, "22": -0.128, "23": -0.128, "24": -0.128}}