{"u": {"0": 0.0, "1": 0.0, "2": 1.0, "3": 1.0, "4": 1.0, "5": 1.0, "6": 1.0, "7": 1.0, "8": 1.0, "9": 1.0, "10": 1.0, "11": 1.0, "12": 1.0, "13": 1.0, "14": 1.0, "15": 1.0, "16": 1.0, "17": 1.0, "18": 1.0, "19": 1.0, "20": 1.0, "21": 1.0, "22": 1.0, "23": 1.0, "24": 1.0}, "p1": {"0": 0.0, "1": 0.0, "2": 2.3990697674418584, "3": 2.9820010816657643, "4": 0.9384147587284364, "5": 14.659344991286577, "6": 7.639911063037079, "7": 9.660328105282135, "8": 8.735503875968986, "9": 10.189767441860466, "10": 16.189767441860464, "11": 17.910697674418607, "12": 1.1897674418604627, "13": 6.1897674418604645, "14": 16.231007751937977, "15": 12.071937984496119, "16": 14.240000000000002, "17": 11.839307733910218, "18": 4.678139534883721, "19": 1.1897674418604627, "20": 10.910697674418609, "21": 31.01271317829459, "22": 28.999999999999993, "23": 0.0, "24": 7.599999999999998}, "pg": {"0": 0, "1": 0.0, "2": 5.0, "3": 10.0, "4": 12.0, "5": 11.340655008713423, "6": 12.0, "7": 12.0, "8": 12.0, "9": 12.0, "10": 12.0, "11": 12.0, "12": 12.0, "13": 12.0, "14": 12.0, "15": 12.0, "16": 12.0, "17": 12.0, "18": 12.0, "19": 12.0, "20": 12.0, "21": 12.0, "22": 10.987286821705418, "23": 12.0, "24": 7.0}, "p2": {"0": 0, "1": 2.754538789736203, "2": 0.0, "3": 0.0, "4": 0.0, "5": 0.0, "6": 0.0, "7": 0.0, "8": 0.0, "9": 0.0, "10": 0.0, "11": 0.0, "12": 3.4596069947719634, "13": 0.0, "14": 0.0, "15": 0.0, "16": 0.0, "17": 0.0, "18": 0.0, "19": 0.0, "20": 0.0, "21": 0.0, "22": 0.0, "23": 0.0, "24": 0.0}, "stor_net_i": {"battery": {"0": 0, "1": 0.0, "2": -1.7536085571780617, "3": -2.9820010816657643, "4": 4.735609638843826, "5": -5.0, "6": 5.0, "7": 0.0, "8": 0.0, "9": 0.0, "10": 0.0, "11": -5.0, "12": 0.3506255633675739, "13": 3.8102325581395355, "14": 0.7689922480620233, "15": 0.0701496304308673, "16": 0.0, "17": -0.22139534883720735, "18": -3.678139534883721, "19": 3.8102325581395373, "20": 0.08930232558139117, "21": -5.0, "22": 0.0, "23": 0.0, "24": 5.0}, "ev": {"0": 0, "1": 5.245461210263798, "2": 2.3545387897362033, "3": 0.0, "4": -7.674024397572264, "5": -11.0, "6": -8.63991106303708, "7": 0.3396718947178652, "8": 3.264496124031014, "9": 3.8102325581395338, "10": 3.8102325581395355, "11": 5.089302325581393, "12": 11.0, "13": 0.0, "14": -11.0, "15": -8.142087614926986, "16": -10.240000000000002, "17": -3.6179123850730104, "18": 11.0, "19": 11.0, "20": 11.0, "21": -0.012713178294589511, "22": -9.98728682170541, "23": 10.0, "24": -7.599999999999998}}, "stor_level": {"battery": {"0": 0, "1": 0.0, "2": 1.7536085571780617, "3": 4.735609638843826, "4": 0.0, "5": 5.0, "6": 0.0, "7": 0.0, "8": 0.0, "9": 0.0, "10": 0.0, "11": 5.0, "12": 4.649374436632426, "13": 0.8391418784928906, "14": 0.0701496304308673, "15": 0.0, "16": 0.0, "17": 0.22139534883720735, "18": 3.8995348837209285, "19": 0.08930232558139117, "20": 0.0, "21": 5.0, "22": 5.0, "23": 5.0, "24": 0.0}, "ev": {"0": 7.6000000000000005, "1": 2.3545387897362033, "2": 0.0, "3": 0.0, "4": 7.674024397572264, "5": 18.674024397572264, "6": 27.313935460609343, "7": 26.974263565891476, "8": 23.709767441860464, "9": 19.89953488372093, "10": 16.089302325581393, "11": 11.0, "12": 0.0, "13": 0.0, "14": 11.0, "15": 19.142087614926986, "16": 29.382087614926988, "17": 33.0, "18": 22.0, "19": 11.0, "20": 0.0, "21": 0.012713178294589511, "22": 10.0, "23": 0.0, "24": 7.6000000000000005}}, "dual_con1": {"0": 0.0, "1": -6.192, "2": 0.0, "3": 0.0, "4": -2.064, "5": 0.0, "6": -2.064, "7": -2.064, "8": -2.064, "9": -2.064, "10": -2.064, "11": -2.064, "12": -2.064, "13": -2.064, "14": -2.064, "15": -2.064, "16": -2.064, "17": -2.064, "18": -2.064, "19": -2.064, "20": -2.064, "21": 0.0, "22": 0.0, "23": 0.0, "24": 0.0}, "dual_con2": {"0": 0.0, "1": -0.3, "2": -0.3, "3": -0.3, "4": -0.3, "5": -0.128, "6": -0.3, "7": -0.3, "8": -0.3, "9": -0.3, "10": -0.3, "11": -0.3, "12": -0.3, "13": -0.3, "14": -0.3, "15": -0.3, "16": -0.3, "17": -0.3, "18": -0.3, "19": -0.3, "20": -0.3, "21": -0.128, "22": -0.128, "23": -0.128, "24": -0.128}}