{"u": {"0": 0, "1": -0.0, "2": 1.0, "3": 1.0, "4": 1.0, "5": 1.0, "6": 1.0, "7": 1.0, "8": 1.0, "9": 1.0, "10": 1.0, "11": 1.0, "12": 1.0, "13": 1.0, "14": 1.0, "15": 1.0, "16": 1.0, "17": 1.0, "18": 1.0, "19": 1.0, "20": 1.0, "21": 1.0, "22": 1.0, "23": 1.0, "24": 1.0}, "p1": {"0": 0, "1": -0.0, "2": 2.4212222823147656, "3": 0.6781395348837194, "4": 1.1033279250045034, "5": 15.865426356589147, "6": 8.210953668649719, "7": 9.910697674418602, "8": 8.189767441860464, "9": 10.87441860465116, "10": 21.633747971876677, "11": 26.751627906976747, "12": 4.9106976744186035, "13": 6.1897674418604645, "14": 16.910697674418603, "15": 12.751627906976744, "16": 7.920995132504039, "17": 5.707906976744178, "18": 3.1897674418604662, "19": 1.1897674418604662, "20": 7.189767441860468, "21": 16.12378583017853, "22": 28.910697674418603, "23": 21.000000000000004, "24": 4.533542455381287}, "alpha": {"0": 0, "1": 0.64, "2": 1.1096333153055702, "3": 2.232558139534884, "4": 2.4050016224986486, "5": 0.9763720930232562, "6": 2.072713899405084, "7": 1.562790697674419, "8": 2.67906976744186, "9": 2.473674418604652, "10": 1.2244802595997861, "11": 0.0, "12": 1.5627906976744188, "13": 2.6790697674418604, "14": 1.5627906976744184, "15": 0.0, "16": 0.7883526230394842, "17": 2.2236279069767466, "18": 2.67906976744186, "19": 2.6790697674418604, "20": 2.67906976744186, "21": 2.047515413737148, "22": 1.5627906976744184, "23": 1.5359999999999996, "24": 1.5559372633856132}}