{"u": {"0": 0, "1": 1.0, "2": 1.0, "3": 1.0, "4": 1.0, "5": 1.0, "6": 1.0, "7": 1.0, "8": 1.0, "9": 1.0, "10": 1.0, "11": 1.0, "12": 1.0, "13": 1.0, "14": 1.0, "15": 1.0, "16": 1.0, "17": 1.0, "18": 1.0, "19": 1.0, "20": 1.0, "21": 1.0, "22": 1.0, "23": 1.0, "24": 1.0}, "p1": {"0": 0, "1": 8.399069767441862, "2": 10.318377501352083, "3": 5.997447268793941, "4": 0.0, "5": -0.0, "6": 8.958831800973497, "7": 9.910697674418602, "8": 8.189767441860464, "9": 10.189767441860466, "10": 16.189767441860464, "11": 14.189767441860466, "12": 1.1897674418604627, "13": 7.142325581395337, "14": 19.36893455922117, "15": 13.70418604651162, "16": 14.240000000000002, "17": 15.474396971335853, "18": 11.002790697674417, "19": 1.1897674418604627, "20": 13.835521903731749, "21": 16.17408328826394, "22": 27.139534883720927, "23": 19.61546782044348, "24": 10.999999999999998}, "alpha": {"0": 0, "1": 1.1162790697674416, "2": 0.5404867495943753, "3": 1.656765819361817, "4": 1.9353600000000002, "5": 1.536, "6": 1.8483504597079505, "7": 1.562790697674419, "8": 2.67906976744186, "9": 2.67906976744186, "10": 2.6790697674418604, "11": 2.67906976744186, "12": 2.679069767441861, "13": 2.3933023255813985, "14": 1.0842963764196918, "15": 0.0, "16": 0.0, "17": 0.11079718766901078, "18": 1.8351627906976744, "19": 2.679069767441861, "20": 1.828413196322336, "21": 2.0410773391022152, "22": 2.094139534883721, "23": 1.9513596538669562, "24": 1.5360000000000003}}