{"u": {"0": 0, "1": -0.0, "2": 1.0, "3": 1.0, "4": 1.0, "5": 1.0, "6": 1.0, "7": 1.0, "8": 1.0, "9": 1.0, "10": 1.0, "11": 1.0, "12": 1.0, "13": 1.0, "14": 1.0, "15": 1.0, "16": 1.0, "17": 1.0, "18": 1.0, "19": 1.0, "20": 1.0, "21": 1.0, "22": 1.0, "23": 1.0, "24": 1.0}, "p1": {"0": 0, "1": -0.0, "2": 2.4212222823147656, "3": 0.6781395348837194, "4": 3.781936181719839, "5": 13.999999999999998, "6": 7.39777176852353, "7": 9.895813953488366, "8": 8.189767441860464, "9": 10.189767441860466, "10": 19.910697674418607, "11": 26.751627906976747, "12": 4.9106976744186035, "13": 6.1897674418604645, "14": 16.910697674418603, "15": 15.77302325581396, "16": 7.920995132504039, "17": 5.707906976744178, "18": 3.1897674418604662, "19": 1.1897674418604662, "20": 7.189767441860468, "21": 13.112428339643063, "22": 28.910697674418603, "23": 19.18418604651163, "24": 13.6279935100054}, "alpha": {"0": 0, "1": 0.64, "2": 1.1096333153055702, "3": 2.232558139534884, "4": 1.6014191454840478, "5": 1.5360000000000005, "6": 2.3166684694429405, "7": 1.56725581395349, "8": 2.67906976744186, "9": 2.67906976744186, "10": 1.562790697674418, "11": 0.0, "12": 1.5627906976744188, "13": 2.6790697674418604, "14": 1.5627906976744186, "15": 0.0, "16": 0.7883526230394842, "17": 2.2236279069767466, "18": 2.67906976744186, "19": 2.6790697674418604, "20": 2.67906976744186, "21": 2.4329691725256875, "22": 1.5627906976744184, "23": 2.0807441860465112, "24": 0.5391368307193096}}