{"u": {"0": 0, "1": -0.0, "2": 1.0, "3": 1.0, "4": 1.0, "5": 1.0, "6": 1.0, "7": 1.0, "8": 1.0, "9": 1.0, "10": 1.0, "11": 1.0, "12": 1.0, "13": 1.0, "14": 1.0, "15": 1.0, "16": 1.0, "17": 1.0, "18": 1.0, "19": 1.0, "20": 1.0, "21": 1.0, "22": 1.0, "23": 1.0, "24": 1.0}, "p1": {"0": 0, "1": -0.0, "2": 2.3990697674418584, "3": 2.9820010816657643, "4": 0.9384147587284364, "5": 14.659344991286577, "6": 7.639911063037079, "7": 9.660328105282135, "8": 8.735503875968986, "9": 10.189767441860466, "10": 16.189767441860464, "11": 17.910697674418607, "12": 1.1897674418604627, "13": 6.1897674418604645, "14": 16.231007751937977, "15": 12.071937984496119, "16": 14.240000000000002, "17": 11.839307733910218, "18": 4.678139534883721, "19": 1.1897674418604627, "20": 10.910697674418609, "21": 31.01271317829459, "22": 28.999999999999993, "23": 0.0, "24": 7.599999999999998}, "alpha": {"0": 0, "1": 0.64, "2": 1.1162790697674423, "3": 1.5413996755002708, "4": 2.454475572381469, "5": 1.3381965026140268, "6": 2.2440266810888763, "7": 1.6379015684153593, "8": 2.515348837209304, "9": 2.67906976744186, "10": 2.6790697674418604, "11": 1.562790697674418, "12": 2.679069767441861, "13": 2.6790697674418604, "14": 1.7666976744186065, "15": 0.0, "16": 0.0, "17": 0.8039286100594922, "18": 2.2325581395348837, "19": 2.679069767441861, "20": 1.562790697674418, "21": 0.0, "22": 1.536000000000001, "23": 1.8346666666666667, "24": 1.5360000000000005}}