{"u": {"0": 0, "1": 1.0, "2": 1.0, "3": 1.0, "4": 1.0, "5": 1.0, "6": 1.0, "7": 1.0, "8": 1.0, "9": 1.0, "10": 1.0, "11": 1.0, "12": 1.0, "13": 1.0, "14": 1.0, "15": 1.0, "16": 1.0, "17": 1.0, "18": 1.0, "19": 1.0, "20": 1.0, "21": 1.0, "22": 1.0, "23": 1.0, "24": 1.0}, "p1": {"0": 0, "1": 0.09463328698886375, "2": 0.0, "3": 0.0, "4": 0.0, "5": 0.0, "6": 3.0258425609922384, "7": 8.705833539967555, "8": 34.14783313603437, "9": 0.0, "10": 5.36869236731496, "11": 20.878250374152017, "12": 16.548700883514343, "13": 29.111607892543883, "14": 14.285434433834078, "15": 13.490729740167973, "16": 0.0, "17": 16.106426775169993, "18": 2.572352228424199, "19": 19.75760915322154, "20": 16.683334705072276, "21": 20.95792377558008, "22": 16.13179778437927, "23": 6.157307217686611, "24": 0.0}, "alpha": {"0": 0, "1": 1.6623461426902095, "2": 1.076908736226434, "3": 1.3409889183722128, "4": 1.3261411718070502, "5": 1.6540644442834653, "6": 1.6619050688603538, "7": 1.7493235375743792, "8": 1.2461581887952864, "9": 2.2578630449110806, "10": 2.964424499243343, "11": 1.3711654951172338, "12": 2.722876135860875, "13": 1.466257420233276, "14": 1.2735172006207474, "15": 1.5941808420716563, "16": 1.278647348038792, "17": 1.9478076868810232, "18": 2.9441337894623487, "19": 1.240793340919583, "20": 3.102539632601555, "21": 3.7202405786735095, "22": 2.4576503291908294, "23": 2.4862701506552156, "24": 1.7859237503005954}}