{"u": {"0": 0.0, "1": 1.0, "2": 1.0, "3": 1.0, "4": 1.0, "5": 1.0, "6": 1.0, "7": 1.0, "8": 1.0, "9": 1.0, "10": 1.0, "11": 1.0, "12": 1.0, "13": 1.0, "14": 1.0, "15": 1.0, "16": 1.0, "17": 1.0, "18": 1.0, "19": 1.0, "20": 1.0, "21": 1.0, "22": 1.0, "23": 1.0, "24": 1.0}, "p1": {"0": 0.0, "1": 0.09463328698886375, "2": 0.0, "3": 0.0, "4": 0.0, "5": 0.0, "6": 3.0258425609922384, "7": 8.705833539967555, "8": 34.14783313603437, "9": 0.0, "10": 5.36869236731496, "11": 20.878250374152017, "12": 16.548700883514343, "13": 29.111607892543883, "14": 14.285434433834078, "15": 13.490729740167973, "16": 0.0, "17": 16.106426775169993, "18": 2.572352228424199, "19": 19.75760915322154, "20": 16.683334705072276, "21": 20.95792377558008, "22": 16.13179778437927, "23": 6.157307217686611, "24": 0.0}, "pg": {"0": 0, "1": 5.0, "2": 6.58481689897452, "3": 7.998946400834966, "4": 4.5662088565221595, "5": 9.56620885652216, "6": 12.0, "7": 12.0, "8": 9.389850605958534, "9": 12.0, "10": 7.529340320535864, "11": 2.529340320535864, "12": 7.529340320535864, "13": 12.0, "14": 12.0, "15": 7.109111575292662, "16": 12.0, "17": 12.0, "18": 12.0, "19": 7.0, "20": 12.0, "21": 12.0, "22": 12.0, "23": 12.0, "24": 12.0}, "p2": {"0": 0, "1": 4.203442605115312, "2": 0.0, "3": 0.0, "4": 0.0, "5": 0.0, "6": 0.0, "7": 0.0, "8": 0.0, "9": 0.0, "10": 0.0, "11": 0.0, "12": 0.0, "13": 0.0, "14": 0.0, "15": 0.0, "16": 0.0, "17": 0.0, "18": 11.553736235238304, "19": 0.0, "20": 20.30638475000452, "21": 31.554450494268025, "22": 4.518587141329252, "23": 3.7929640733098644, "24": 11.26772702119235}, "stor_net_i": {"battery": {"0": null, "1": 0.0, "2": 0.0, "3": 0.0, "4": -5.0, "5": 0.22656457671822672, "6": 0.9492432221900415, "7": 3.8241922010917317, "8": -5.0, "9": 0.0, "10": 0.0, "11": 0.0, "12": 5.0, "13": -5.0, "14": 0.0, "15": 2.019170420851051, "16": -0.5378466518474596, "17": -1.4813237690035912, "18": 5.0, "19": -5.0, "20": 5.0, "21": 0.0, "22": -5.0, "23": 0.0, "24": 5.0}, "ev_1": {"0": 0, "1": 0, "2": 0, "3": 0, "4": 0, "5": 0, "6": 0, "7": 0, "8": 3.8000000000000007, "9": 0.0, "10": 0.0, "11": -2.339678405450842, "12": 2.339678405450842, "13": -10.804620491690436, "14": 10.804620491690436, "15": 0.0, "16": -4.2, "17": -11.0, "18": 0, "19": 0, "20": 0, "21": 0, "22": 0, "23": 0, "24": 0}, "ev_2": {"0": 0, "1": 0, "2": 0, "3": 0, "4": 0, "5": 0, "6": 0, "7": 0, "8": -8.673936389559598, "9": 2.35030533586124, "10": 10.123631053698361, "11": 0.0, "12": 0.0, "13": -4.5922648547795255, "14": -11.0, "15": -7.207735145220475, "16": 11.0, "17": -3.3999999999999986, "18": 0, "19": 0, "20": 0, "21": 0, "22": 0, "23": 0, "24": 0}, "ev_3": {"0": 0, "1": 0, "2": 0, "3": 0, "4": 0, "5": 0, "6": 0, "7": 0, "8": -11.0, "9": 3.799999999999997, "10": 11.0, "11": 0.0, "12": 0.0, "13": -11.0, "14": -11.0, "15": -0.8000000000000007, "16": 0.0, "17": 7.600000000000001, "18": 0, "19": 0, "20": 0, "21": 0, "22": 0, "23": 0, "24": 0}}, "stor_level": {"battery": {"0": 0, "1": 0.0, "2": 0.0, "3": 0.0, "4": 5.0, "5": 4.773435423281773, "6": 3.8241922010917317, "7": 0.0, "8": 5.0, "9": 5.0, "10": 5.0, "11": 5.0, "12": 0.0, "13": 5.0, "14": 5.0, "15": 2.980829579148949, "16": 3.518676230996409, "17": 5.0, "18": 0.0, "19": 5.0, "20": 0.0, "21": 0.0, "22": 5.0, "23": 5.0, "24": 0.0}, "ev_1": {"0": 0, "1": 0, "2": 0, "3": 0, "4": 0, "5": 0, "6": 0, "7": 0, "8": 7.6000000000000005, "9": 7.6000000000000005, "10": 7.6000000000000005, "11": 9.939678405450842, "12": 7.6000000000000005, "13": 18.404620491690437, "14": 7.6000000000000005, "15": 7.6000000000000005, "16": 11.8, "17": 22.8, "18": 0, "19": 0, "20": 0, "21": 0, "22": 0, "23": 0, "24": 0}, "ev_2": {"0": 0, "1": 0, "2": 0, "3": 0, "4": 0, "5": 0, "6": 0, "7": 0, "8": 20.0739363895596, "9": 17.72363105369836, "10": 7.6000000000000005, "11": 7.6000000000000005, "12": 7.6000000000000005, "13": 12.192264854779527, "14": 23.192264854779527, "15": 30.400000000000002, "16": 19.400000000000002, "17": 22.8, "18": 0, "19": 0, "20": 0, "21": 0, "22": 0, "23": 0, "24": 0}, "ev_3": {"0": 0, "1": 0, "2": 0, "3": 0, "4": 0, "5": 0, "6": 0, "7": 0, "8": 22.4, "9": 18.6, "10": 7.6000000000000005, "11": 7.6000000000000005, "12": 7.6000000000000005, "13": 18.6, "14": 29.6, "15": 30.400000000000002, "16": 30.400000000000002, "17": 22.8, "18": 0, "19": 0, "20": 0, "21": 0, "22": 0, "23": 0, "24": 0}}, "dual_con1": {"0": 0.0, "1": 0.0, "2": 0.0, "3": 0.0, "4": 0.0, "5": 0.0, "6": -1.536, "7": -1.536, "8": 0.0, "9": 0.0, "10": 0.0, "11": 0.0, "12": 0.0, "13": 0.0, "14": 0.0, "15": 0.0, "16": 0.0, "17": 0.0, "18": -2.064, "19": 0.0, "20": -0.5279999999999998, "21": -2.064, "22": -2.064, "23": -2.064, "24": -2.064}, "dual_con2": {"0": 0.0, "1": -0.3, "2": -0.128, "3": -0.128, "4": 0.0, "5": -0.256, "6": -0.256, "7": -0.256, "8": -0.128, "9": -0.128, "10": -0.128, "11": -0.128, "12": -0.128, "13": -0.128, "14": -0.128, "15": -0.128, "16": -0.128, "17": -0.128, "18": -0.3, "19": 0.0, "20": -0.3, "21": -0.3, "22": -0.3, "23": -0.3, "24": -0.3}}