charge_target,time,iterations
0.8,13578.85270023346,5
TOTAL,13578.94020819664,0
