charge_target,time,iterations
0.8,12.536207675933838,5
TOTAL,12.552627086639404,0
