{"u": {"0": 0, "1": 1.0, "2": 1.0, "3": 1.0, "4": 1.0, "5": 1.0, "6": 1.0, "7": 1.0, "8": 1.0, "9": 1.0, "10": 1.0, "11": 1.0, "12": 1.0, "13": 1.0, "14": 1.0, "15": 1.0, "16": 1.0, "17": 1.0, "18": 1.0, "19": 1.0, "20": 1.0, "21": 1.0, "22": 1.0, "23": 1.0, "24": 1.0}, "p1": {"0": 0, "1": 1.0204229885208145, "2": 0.0, "3": 0.0, "4": 0.0, "5": 0.0, "6": 2.9903840001022637, "7": 9.194187024956388, "8": 9.47485075510351, "9": 12.266238820859376, "10": 21.385742517115844, "11": 16.336109551416126, "12": 16.937296507622072, "13": 8.449206377548014, "14": 5.607092537681025, "15": 3.3474183956792007, "16": 2.2207524321444776, "17": 9.274513932406153, "18": 10.535968911124701, "19": 17.181044916515667, "20": 20.60808203593077, "21": 24.784874385509152, "22": 17.376118063974058, "23": 10.188440811483114, "24": 0.23218505826949176}, "alpha": {"0": 0, "1": 1.27665911951539, "2": 1.1325532554592832, "3": 1.3738640888782037, "4": 1.4054403218686606, "5": 1.4613108303104823, "6": 1.788930876079586, "7": 1.8002139447695347, "8": 2.232406144462836, "9": 2.0356132312962947, "10": 1.376666411467226, "11": 2.045474895887586, "12": 1.4571664019959436, "13": 2.014264879853287, "14": 1.7052117331867307, "15": 1.769122893987698, "16": 2.062410670380199, "17": 1.4444792516257334, "18": 1.9735134856098953, "19": 1.3948345964505053, "20": 1.9145022396783602, "21": 1.8598549351467948, "22": 1.7441696720689024, "23": 1.5001414888759872, "24": 1.4614381640429406}}