{"u": {"0": 0.0, "1": 1.0, "2": 1.0, "3": 1.0, "4": 1.0, "5": 1.0, "6": 1.0, "7": 1.0, "8": 1.0, "9": 1.0, "10": 1.0, "11": 1.0, "12": 1.0, "13": 1.0, "14": 1.0, "15": 1.0, "16": 1.0, "17": 1.0, "18": 1.0, "19": 1.0, "20": 1.0, "21": 1.0, "22": 1.0, "23": 1.0, "24": 1.0}, "p1": {"0": 0.0, "1": 0.0, "2": 0.0, "3": 0.0, "4": 0.0, "5": 0.0, "6": 0.9565853984021668, "7": 7.465205773880786, "8": 10.738373859855061, "9": 13.343929175296875, "10": 16.38317681652208, "11": 17.79620512813266, "12": 16.892705047706272, "13": 6.905963946186368, "14": 8.22020595288169, "15": 1.5818693995708237, "16": 1.0646472204546988, "17": 10.0057586616874, "18": 8.888639775070578, "19": 12.881772477799215, "20": 19.154289317629196, "21": 25.67300956232305, "22": 16.392796239684557, "23": 8.009117089448361, "24": 0.28199733329246257}, "pg": {"0": 0, "1": 5.0, "2": 9.839397044634353, "3": 12.0, "4": 12.0, "5": 12.0, "6": 12.0, "7": 12.0, "8": 12.0, "9": 12.0, "10": 12.0, "11": 7.0, "12": 8.019043691320249, "13": 11.450878811823857, "14": 12.0, "15": 12.0, "16": 12.0, "17": 12.0, "18": 12.0, "19": 12.0, "20": 12.0, "21": 12.0, "22": 12.0, "23": 7.0, "24": 8.689082875654048}, "p2": {"0": 0, "1": 6.38200779441552, "2": 0.0, "3": 0.0, "4": 0.0, "5": 0.0, "6": 3.1906586377171795, "7": 1.203899290796823, "8": 4.046343420001193, "9": 7.252426041324693, "10": 5.248479154383979, "11": 0.0, "12": 0.0, "13": 0.0, "14": 0.0, "15": 2.2399658588544114, "16": 6.240425776105887, "17": 1.2770554402453183, "18": 4.372187256296272, "19": 0.0, "20": 0.16908571696443886, "21": 2.8291294312030324, "22": 9.079937751666876, "23": 0.0, "24": 0.0}, "stor_net_i": {"battery": {"0": 0, "1": 0.0, "2": -0.5006684337361307, "3": -0.2599679626073321, "4": 0.3152787915045163, "5": -4.5546423951610535, "6": 0.0, "7": 0.0, "8": 5.0, "9": -5.0, "10": 5.0, "11": -3.634796004611715, "12": 3.634796004611715, "13": -0.6860491429730953, "14": -4.313950857026905, "15": 5.0, "16": 0.0, "17": 0.0, "18": -4.760340841568798, "19": 4.760340841568798, "20": -5.0, "21": 5.0, "22": 0.0, "23": -0.936037668345115, "24": 0.936037668345115}}, "stor_level": {"battery": {"0": 0, "1": 0.0, "2": 0.5006684337361307, "3": 0.7606363963434628, "4": 0.4453576048389465, "5": 5.0, "6": 5.0, "7": 5.0, "8": 0.0, "9": 5.0, "10": 0.0, "11": 3.634796004611715, "12": 0.0, "13": 0.6860491429730953, "14": 5.0, "15": 0.0, "16": 0.0, "17": 0.0, "18": 4.760340841568798, "19": 0.0, "20": 5.0, "21": 0.0, "22": 0.0, "23": 0.936037668345115, "24": 0.0}}, "dual_con1": {"0": 0.0, "1": 0.0, "2": 0.0, "3": 0.0, "4": 0.0, "5": 0.0, "6": -2.064, "7": -2.064, "8": -2.064, "9": -2.064, "10": -2.064, "11": 0.0, "12": 0.0, "13": 0.0, "14": 0.0, "15": -2.064, "16": -2.064, "17": -2.064, "18": -2.064, "19": -2.064, "20": -2.064, "21": -2.064, "22": -2.064, "23": 0.0, "24": 0.0}, "dual_con2": {"0": 0.0, "1": -0.3, "2": -0.128, "3": -0.128, "4": -0.128, "5": -0.128, "6": -0.3, "7": -0.3, "8": -0.3, "9": -0.3, "10": -0.3, "11": -0.128, "12": -0.128, "13": -0.128, "14": -0.128, "15": -0.3, "16": -0.3, "17": -0.3, "18": -0.3, "19": -0.3, "20": -0.3, "21": -0.3, "22": -0.3, "23": -0.128, "24": -0.128}}