stor_level,time,iterations
4,0.812859058380127,4
TOTAL,0.8179810047149658,0
