{"u": {"0": 0.0, "1": 1.0, "2": 1.0, "3": 1.0, "4": 1.0, "5": 1.0, "6": 1.0, "7": 1.0, "8": 1.0, "9": 1.0, "10": 1.0, "11": 1.0, "12": 1.0, "13": 1.0, "14": 1.0, "15": 1.0, "16": 1.0, "17": 1.0, "18": 1.0, "19": 1.0, "20": 1.0, "21": 1.0, "22": 1.0, "23": 1.0, "24": 1.0}, "p1": {"0": 0.0, "1": 0.8241332496356817, "2": 0.0, "3": 0.0, "4": 0.0, "5": 0.0, "6": 2.8870851201157226, "7": 9.987416360449647, "8": 39.092879033749135, "9": 0.0, "10": 9.37876525004953, "11": 16.166026128377794, "12": 20.705823425921213, "13": 26.084773147835108, "14": 18.115327718198657, "15": 13.59450367541784, "16": 0.0, "17": 17.353858922660237, "18": 5.105912775041087, "19": 18.23920675814191, "20": 19.02045298890586, "21": 24.84882399978622, "22": 17.585986150680338, "23": 9.949188545102794, "24": 0.38071939259818094}, "pg": {"0": 0, "1": 5.0, "2": 10.0, "3": 12.0, "4": 12.0, "5": 12.0, "6": 12.0, "7": 12.0, "8": 12.0, "9": 12.0, "10": 12.0, "11": 12.0, "12": 8.084286347316981, "13": 3.084286347316981, "14": 4.670321618365762, "15": 9.670321618365762, "16": 12.0, "17": 12.0, "18": 12.0, "19": 7.0, "20": 11.398800062180236, "21": 6.548747369143776, "22": 10.680217630010112, "23": 5.6802176300101115, "24": 10.680217630010112}, "p2": {"0": 0, "1": 2.3801482376998644, "2": 0.4868108808734384, "3": 0.7489560098661627, "4": 2.5579330940782565, "5": 0.0, "6": 0.38409188444716413, "7": 0.06884889552900475, "8": 0.0, "9": 0.0, "10": 0.0, "11": 0.0, "12": 0.0, "13": 0.0, "14": 0.0, "15": 0.0, "16": 0.0, "17": 0.0, "18": 2.7975800586705972, "19": 0.0, "20": 0.0, "21": 0.0, "22": 0.0, "23": 0.0, "24": 0.0}, "stor_net_i": {"battery": {"0": null, "1": 0.0, "2": 0.0, "3": 0.0, "4": -4.26673511849196, "5": -0.73326488150804, "6": 5.0, "7": 0.0, "8": -1.9202218922618641, "9": 1.9202218922618641, "10": 0.0, "11": -1.992821489578322, "12": -0.3066781973283259, "13": 2.299499686906648, "14": -5.0, "15": 0.0, "16": 0.0, "17": 0.0, "18": 5.0, "19": -3.3641341154903124, "20": -1.6358658845096876, "21": 0.0, "22": 1.26316565901422, "23": 1.6647986619310267, "24": 2.0720356790547516}, "ev_1": {"0": 0, "1": 0, "2": 0, "3": 0, "4": 0, "5": 0, "6": 0, "7": 0, "8": -11.0, "9": 3.799999999999997, "10": 11.0, "11": 0.0, "12": 0.0, "13": -8.801777066257173, "14": 8.801777066257173, "15": 0.0, "16": -4.2, "17": -11.0, "18": 0, "19": 0, "20": 0, "21": 0, "22": 0, "23": 0, "24": 0}, "ev_2": {"0": 0, "1": 0, "2": 0, "3": 0, "4": 0, "5": 0, "6": 0, "7": 0, "8": -11.0, "9": -5.091366983034504, "10": -0.614053188688791, "11": -2.2945798282767065, "12": 0.0, "13": 0.0, "14": 0.0, "15": 5.5525516805559825, "16": 6.290854098092137, "17": -4.243405778648118, "18": 0, "19": 0, "20": 0, "21": 0, "22": 0, "23": 0, "24": 0}, "ev_3": {"0": 0, "1": 0, "2": 0, "3": 0, "4": 0, "5": 0, "6": 0, "7": 0, "8": -7.200000000000001, "9": 11.0, "10": 0.0, "11": 0.0, "12": 0.0, "13": -0.8000000000000007, "14": -11.0, "15": -11.0, "16": 0.0, "17": 7.600000000000001, "18": 0, "19": 0, "20": 0, "21": 0, "22": 0, "23": 0, "24": 0}}, "stor_level": {"battery": {"0": 0, "1": 0.0, "2": 0.0, "3": 0.0, "4": 4.26673511849196, "5": 5.0, "6": 0.0, "7": 0.0, "8": 1.9202218922618641, "9": 0.0, "10": 0.0, "11": 1.992821489578322, "12": 2.299499686906648, "13": 0.0, "14": 5.0, "15": 5.0, "16": 5.0, "17": 5.0, "18": 0.0, "19": 3.3641341154903124, "20": 5.0, "21": 5.0, "22": 3.73683434098578, "23": 2.0720356790547516, "24": 0.0}, "ev_1": {"0": 0, "1": 0, "2": 0, "3": 0, "4": 0, "5": 0, "6": 0, "7": 0, "8": 22.4, "9": 18.6, "10": 7.6000000000000005, "11": 7.6000000000000005, "12": 7.6000000000000005, "13": 16.401777066257175, "14": 7.6000000000000005, "15": 7.6000000000000005, "16": 11.8, "17": 22.8, "18": 0, "19": 0, "20": 0, "21": 0, "22": 0, "23": 0, "24": 0}, "ev_2": {"0": 0, "1": 0, "2": 0, "3": 0, "4": 0, "5": 0, "6": 0, "7": 0, "8": 22.4, "9": 27.491366983034503, "10": 28.105420171723296, "11": 30.400000000000002, "12": 30.400000000000002, "13": 30.400000000000002, "14": 30.400000000000002, "15": 24.84744831944402, "16": 18.556594221351883, "17": 22.8, "18": 0, "19": 0, "20": 0, "21": 0, "22": 0, "23": 0, "24": 0}, "ev_3": {"0": 0, "1": 0, "2": 0, "3": 0, "4": 0, "5": 0, "6": 0, "7": 0, "8": 18.6, "9": 7.6000000000000005, "10": 7.6000000000000005, "11": 7.6000000000000005, "12": 7.6000000000000005, "13": 8.400000000000002, "14": 19.400000000000002, "15": 30.400000000000002, "16": 30.400000000000002, "17": 22.8, "18": 0, "19": 0, "20": 0, "21": 0, "22": 0, "23": 0, "24": 0}}, "dual_con1": {"0": 0.0, "1": 0.0, "2": 0.0, "3": -2.064, "4": -2.064, "5": -2.064, "6": -2.064, "7": -2.064, "8": 0.0, "9": 0.0, "10": 0.0, "11": 0.0, "12": 0.0, "13": 0.0, "14": 0.0, "15": 0.0, "16": 0.0, "17": 0.0, "18": -2.064, "19": 0.0, "20": 0.0, "21": 0.0, "22": 0.0, "23": 0.0, "24": 0.0}, "dual_con2": {"0": 0.0, "1": -0.3, "2": -0.3, "3": -0.3, "4": -0.3, "5": -0.3, "6": -0.3, "7": -0.3, "8": -0.128, "9": -0.128, "10": -0.128, "11": -0.128, "12": -0.128, "13": -0.128, "14": -0.128, "15": -0.128, "16": -0.128, "17": -0.128, "18": -0.3, "19": -0.128, "20": -0.128, "21": -0.128, "22": -0.128, "23": -0.128, "24": -0.128}}