{"u": {"0": 0.0, "1": 1.0, "2": 1.0, "3": 1.0, "4": 1.0, "5": 1.0, "6": 1.0, "7": 1.0, "8": 1.0, "9": 1.0, "10": 1.0, "11": 1.0, "12": 1.0, "13": 1.0, "14": 1.0, "15": 1.0, "16": 1.0, "17": 1.0, "18": 1.0, "19": 1.0, "20": 1.0, "21": 1.0, "22": 1.0, "23": 1.0, "24": 1.0}, "p1": {"0": 0.0, "1": 0.5158422448234283, "2": 0.0, "3": 0.0, "4": 0.04893647783348243, "5": 0.0, "6": 2.382097337615596, "7": 9.319643529538755, "8": 39.50142976996502, "9": 0.0, "10": 11.063720090621976, "11": 22.99553292056502, "12": 16.43686800406361, "13": 21.628350737747823, "14": 20.50557163768456, "15": 8.500462454761742, "16": 0.0, "17": 17.382264111680147, "18": 5.658177559897774, "19": 16.528751810328572, "20": 21.050634185823114, "21": 24.057682720763108, "22": 17.762022533520643, "23": 10.929532203399877, "24": 0.0}, "pg": {"0": 0, "1": 5.0, "2": 7.860344166309698, "3": 8.346580950206604, "4": 12.0, "5": 10.60503810631108, "6": 11.652944328547205, "7": 12.0, "8": 12.0, "9": 12.0, "10": 12.0, "11": 12.0, "12": 9.264501502798971, "13": 4.264501502798971, "14": 9.264501502798971, "15": 12.0, "16": 12.0, "17": 12.0, "18": 12.0, "19": 11.756825664611554, "20": 12.0, "21": 12.0, "22": 12.0, "23": 12.0, "24": 12.0}, "p2": {"0": 0, "1": 1.7058343617148024, "2": 0.0, "3": 0.0, "4": 0.0, "5": 0.0, "6": 0.0, "7": 2.8269270407680516, "8": 0.0, "9": 0.0, "10": 0.0, "11": 0.0, "12": 0.0, "13": 0.0, "14": 0.0, "15": 0.0, "16": 0.0, "17": 0.0, "18": 2.2978377221054878, "19": 0.0, "20": 0.0, "21": 1.505384477518085, "22": 0.0, "23": 0.0, "24": 0.0}, "stor_net_i": {"battery": {"0": null, "1": 0.0, "2": 0.0, "3": -0.3052637690372748, "4": 0.3052637690372748, "5": 0.0, "6": -5.0, "7": 5.0, "8": -5.0, "9": 5.0, "10": 0.0, "11": 0.0, "12": 0.0, "13": -0.38404926794091665, "14": -3.699543547239898, "15": 4.083592815180815, "16": -5.0, "17": 0.0, "18": 5.0, "19": -3.3735498303748557, "20": -1.6264501696251443, "21": 0.9726351838061369, "22": 0.7597180119191371, "23": 2.0797079375552414, "24": 1.1879388667194846}, "ev_1": {"0": 0, "1": 0, "2": 0, "3": 0, "4": 0, "5": 0, "6": 0, "7": 0, "8": -7.200000000000001, "9": 11.0, "10": 0.0, "11": -10.09089478749398, "12": 10.09089478749398, "13": 0.0, "14": 0.0, "15": 0.0, "16": -4.2, "17": -11.0, "18": 0, "19": 0, "20": 0, "21": 0, "22": 0, "23": 0, "24": 0}, "ev_2": {"0": 0, "1": 0, "2": 0, "3": 0, "4": 0, "5": 0, "6": 0, "7": 0, "8": -6.756471767944824, "9": -9.643816997647814, "10": 7.182378773569248, "11": 11.0, "12": 2.0179099920233874, "13": 0.0, "14": -11.0, "15": -8.065486122126718, "16": 10.513088281517351, "17": -6.647602159390633, "18": 0, "19": 0, "20": 0, "21": 0, "22": 0, "23": 0, "24": 0}, "ev_3": {"0": 0, "1": 0, "2": 0, "3": 0, "4": 0, "5": 0, "6": 0, "7": 0, "8": -7.200000000000001, "9": 11.0, "10": 0.0, "11": -11.0, "12": -10.16272518327002, "13": -1.637274816729981, "14": 0.0, "15": 0.0, "16": 0.0, "17": 7.600000000000001, "18": 0, "19": 0, "20": 0, "21": 0, "22": 0, "23": 0, "24": 0}}, "stor_level": {"battery": {"0": 0, "1": 0.0, "2": 0.0, "3": 0.3052637690372748, "4": 0.0, "5": 0.0, "6": 5.0, "7": 0.0, "8": 5.0, "9": 0.0, "10": 0.0, "11": 0.0, "12": 0.0, "13": 0.38404926794091665, "14": 4.083592815180815, "15": 0.0, "16": 5.0, "17": 5.0, "18": 0.0, "19": 3.3735498303748557, "20": 5.0, "21": 4.027364816193863, "22": 3.267646804274726, "23": 1.1879388667194846, "24": 0.0}, "ev_1": {"0": 0, "1": 0, "2": 0, "3": 0, "4": 0, "5": 0, "6": 0, "7": 0, "8": 18.6, "9": 7.6000000000000005, "10": 7.6000000000000005, "11": 17.69089478749398, "12": 7.6000000000000005, "13": 7.6000000000000005, "14": 7.6000000000000005, "15": 7.6000000000000005, "16": 11.8, "17": 22.8, "18": 0, "19": 0, "20": 0, "21": 0, "22": 0, "23": 0, "24": 0}, "ev_2": {"0": 0, "1": 0, "2": 0, "3": 0, "4": 0, "5": 0, "6": 0, "7": 0, "8": 18.156471767944822, "9": 27.800288765592637, "10": 20.61790999202339, "11": 9.617909992023389, "12": 7.6000000000000005, "13": 7.6000000000000005, "14": 18.6, "15": 26.66548612212672, "16": 16.152397840609368, "17": 22.8, "18": 0, "19": 0, "20": 0, "21": 0, "22": 0, "23": 0, "24": 0}, "ev_3": {"0": 0, "1": 0, "2": 0, "3": 0, "4": 0, "5": 0, "6": 0, "7": 0, "8": 18.6, "9": 7.6000000000000005, "10": 7.6000000000000005, "11": 18.6, "12": 28.76272518327002, "13": 30.400000000000002, "14": 30.400000000000002, "15": 30.400000000000002, "16": 30.400000000000002, "17": 22.8, "18": 0, "19": 0, "20": 0, "21": 0, "22": 0, "23": 0, "24": 0}}, "dual_con1": {"0": 0.0, "1": 0.0, "2": 0.0, "3": 0.0, "4": 0.0, "5": 0.0, "6": 0.0, "7": -2.064, "8": 0.0, "9": 0.0, "10": 0.0, "11": 0.0, "12": 0.0, "13": 0.0, "14": 0.0, "15": 0.0, "16": 0.0, "17": 0.0, "18": -2.064, "19": 0.0, "20": 0.0, "21": -2.064, "22": -2.064, "23": -2.064, "24": -2.064}, "dual_con2": {"0": 0.0, "1": -0.3, "2": -0.128, "3": -0.128, "4": -0.128, "5": -0.128, "6": -0.128, "7": -0.3, "8": -0.128, "9": -0.128, "10": -0.128, "11": -0.128, "12": -0.128, "13": -0.128, "14": -0.128, "15": -0.128, "16": -0.128, "17": -0.128, "18": -0.3, "19": -0.128, "20": -0.128, "21": -0.3, "22": -0.3, "23": -0.3, "24": -0.3}}