charge_target,time,iterations
0.8,4646.068951129913,5
TOTAL,4703.76033616066,0
