{"u": {"0": 0, "1": 1.0, "2": 1.0, "3": 1.0, "4": 1.0, "5": 1.0, "6": 1.0, "7": 1.0, "8": 1.0, "9": 1.0, "10": 1.0, "11": 1.0, "12": 1.0, "13": 1.0, "14": 1.0, "15": 1.0, "16": 1.0, "17": 1.0, "18": 1.0, "19": 1.0, "20": 1.0, "21": 1.0, "22": 1.0, "23": 1.0, "24": 1.0}, "p1": {"0": 0, "1": 0.7755619332101569, "2": 0.0, "3": 0.0, "4": 0.0, "5": 0.0, "6": 3.19539129088791, "7": 9.249026716120227, "8": 11.248331521661841, "9": 13.118320210601368, "10": 19.530645083865508, "11": 17.6431978455649, "12": 15.375697543425726, "13": 9.342154208420094, "14": 5.494383913837098, "15": 3.4391558588457514, "16": 3.3323071155198427, "17": 7.464361992892201, "18": 11.494610590940558, "19": 15.180104566693656, "20": 21.28441648180585, "21": 25.370373959581674, "22": 17.65293974923276, "23": 10.104846308777196, "24": 0.429050622419231}, "alpha": {"0": 0, "1": 1.330826199072093, "2": 1.1357594503689772, "3": 1.3483377290635783, "4": 1.3753190559872508, "5": 1.4652102630170452, "6": 1.7196419345981524, "7": 1.759644260577825, "8": 1.7614462578576564, "9": 1.800634880511737, "10": 1.7175879413897992, "11": 1.6976422714352273, "12": 1.757334789517441, "13": 1.7639359558771552, "14": 1.7306425646609793, "15": 1.7324585296003143, "16": 1.7490646964370353, "17": 1.7192382834894413, "18": 1.7082876931170996, "19": 1.7817633587226727, "20": 1.750565237671237, "21": 1.724843950878864, "22": 1.6402385937817088, "23": 1.504477996580594, "24": 1.4074208469099931}}