{"u": {"0": 0.0, "1": 1.0, "2": 1.0, "3": 1.0, "4": 1.0, "5": 1.0, "6": 1.0, "7": 1.0, "8": 1.0, "9": 1.0, "10": 1.0, "11": 1.0, "12": 1.0, "13": 1.0, "14": 1.0, "15": 1.0, "16": 1.0, "17": 1.0, "18": 1.0, "19": 1.0, "20": 1.0, "21": 1.0, "22": 1.0, "23": 1.0, "24": 1.0}, "p1": {"0": 0.0, "1": 0.9755615090701246, "2": 0.0, "3": 0.0, "4": 0.0, "5": 0.0, "6": 3.1454190762987615, "7": 9.58875941190287, "8": 38.76469725264961, "9": 0.0, "10": 9.747692593616357, "11": 17.896964736273144, "12": 20.13734293099555, "13": 25.455606054015888, "14": 17.91413972957216, "15": 12.743371085330844, "16": 0.0, "17": 17.07702314434164, "18": 5.200551631329613, "19": 18.18769563852119, "20": 18.13893432774915, "21": 23.789424898391232, "22": 17.308958385674675, "23": 10.328970365634715, "24": 0.15766902335109734}, "pg": {"0": 0, "1": 5.0, "2": 8.09212803173159, "3": 8.99303158756888, "4": 12.0, "5": 12.0, "6": 12.0, "7": 12.0, "8": 12.0, "9": 12.0, "10": 12.0, "11": 12.0, "12": 7.0, "13": 7.0, "14": 12.0, "15": 12.0, "16": 12.0, "17": 12.0, "18": 12.0, "19": 12.0, "20": 12.0, "21": 12.0, "22": 12.0, "23": 12.0, "24": 7.849704326566648}, "p2": {"0": 0, "1": 2.592989963794822, "2": 0.0, "3": 0.0, "4": 0.0, "5": 0.0, "6": 0.0, "7": 0.0, "8": 0.0, "9": 0.0, "10": 0.0, "11": 0.0, "12": 0.0, "13": 0.0, "14": 0.0, "15": 0.0, "16": 0.0, "17": 0.0, "18": 0.0, "19": 0.0, "20": 3.070191540473811, "21": 0.0, "22": 0.0, "23": 0.0, "24": 0.0}, "stor_net_i": {"battery": {"0": null, "1": 0.0, "2": 0.0, "3": -0.07036887103053857, "4": 0.047046802947059874, "5": -2.556350926332531, "6": 0.25476743965045756, "7": 0.32967297738273516, "8": 1.9952325773828168, "9": 0.0, "10": 0.0, "11": 0.0, "12": -1.5471760036877527, "13": -1.0201990274619916, "14": -2.4326249688502557, "15": 0.0, "16": 0.0, "17": 0.0, "18": 3.896523483904769, "19": 0.33524785957435554, "20": -0.8766028710273375, "21": 1.1689825731269892, "22": 0.4758489544212239, "23": -0.13096170096861037, "24": 0.13096170096861037}, "ev_1": {"0": 0, "1": 0, "2": 0, "3": 0, "4": 0, "5": 0, "6": 0, "7": 0, "8": -11.0, "9": 11.0, "10": 3.799999999999997, "11": 0.0, "12": 0.0, "13": 0.0, "14": 0.0, "15": 0.0, "16": -4.2, "17": -11.0, "18": 0, "19": 0, "20": 0, "21": 0, "22": 0, "23": 0, "24": 0}, "ev_2": {"0": 0, "1": 0, "2": 0, "3": 0, "4": 0, "5": 0, "6": 0, "7": 0, "8": -11.0, "9": -7.115895416098489, "10": 3.4295158016804663, "11": 7.48637961441802, "12": 11.0, "13": -1.1593547573195835, "14": -11.0, "15": -9.127438106213775, "16": 11.0, "17": -4.913207136466642, "18": 0, "19": 0, "20": 0, "21": 0, "22": 0, "23": 0, "24": 0}, "ev_3": {"0": 0, "1": 0, "2": 0, "3": 0, "4": 0, "5": 0, "6": 0, "7": 0, "8": -8.935814290047569, "9": 11.0, "10": 1.7358142900475677, "11": -3.7133667720449894, "12": -8.086633227955012, "13": -11.0, "14": 0.0, "15": 0.45080349533936115, "16": -0.45080349533936115, "17": 7.600000000000001, "18": 0, "19": 0, "20": 0, "21": 0, "22": 0, "23": 0, "24": 0}}, "stor_level": {"battery": {"0": 0, "1": 0.0, "2": 0.0, "3": 0.07036887103053857, "4": 0.023322068083478698, "5": 2.5796729944160095, "6": 2.324905554765552, "7": 1.9952325773828168, "8": 0.0, "9": 0.0, "10": 0.0, "11": 0.0, "12": 1.5471760036877535, "13": 2.5673750311497443, "14": 5.0, "15": 5.0, "16": 5.0, "17": 5.0, "18": 1.1034765160952311, "19": 0.7682286565208756, "20": 1.644831527548213, "21": 0.4758489544212239, "22": 0.0, "23": 0.13096170096861037, "24": 0.0}, "ev_1": {"0": 0, "1": 0, "2": 0, "3": 0, "4": 0, "5": 0, "6": 0, "7": 0, "8": 22.4, "9": 11.399999999999999, "10": 7.6000000000000005, "11": 7.6000000000000005, "12": 7.6000000000000005, "13": 7.6000000000000005, "14": 7.6000000000000005, "15": 7.6000000000000005, "16": 11.8, "17": 22.8, "18": 0, "19": 0, "20": 0, "21": 0, "22": 0, "23": 0, "24": 0}, "ev_2": {"0": 0, "1": 0, "2": 0, "3": 0, "4": 0, "5": 0, "6": 0, "7": 0, "8": 22.4, "9": 29.515895416098488, "10": 26.08637961441802, "11": 18.6, "12": 7.6000000000000005, "13": 8.759354757319585, "14": 19.759354757319585, "15": 28.88679286353336, "16": 17.88679286353336, "17": 22.8, "18": 0, "19": 0, "20": 0, "21": 0, "22": 0, "23": 0, "24": 0}, "ev_3": {"0": 0, "1": 0, "2": 0, "3": 0, "4": 0, "5": 0, "6": 0, "7": 0, "8": 20.33581429004757, "9": 9.33581429004757, "10": 7.6000000000000005, "11": 11.31336677204499, "12": 19.400000000000002, "13": 30.400000000000002, "14": 30.400000000000002, "15": 29.94919650466064, "16": 30.400000000000002, "17": 22.8, "18": 0, "19": 0, "20": 0, "21": 0, "22": 0, "23": 0, "24": 0}}, "dual_con1": {"0": 0.0, "1": 0.0, "2": 0.0, "3": 0.0, "4": 0.0, "5": 0.0, "6": 0.0, "7": 0.0, "8": 0.0, "9": 0.0, "10": 0.0, "11": 0.0, "12": 0.0, "13": 0.0, "14": 0.0, "15": 0.0, "16": 0.0, "17": 0.0, "18": -2.064, "19": -2.064, "20": -2.064, "21": -2.064, "22": -2.064, "23": 0.0, "24": 0.0}, "dual_con2": {"0": 0.0, "1": -0.3, "2": -0.128, "3": -0.128, "4": -0.128, "5": -0.128, "6": -0.128, "7": -0.128, "8": -0.128, "9": -0.128, "10": -0.128, "11": -0.128, "12": -0.128, "13": -0.128, "14": -0.128, "15": -0.128, "16": -0.128, "17": -0.128, "18": -0.3, "19": -0.3, "20": -0.3, "21": -0.3, "22": -0.3, "23": -0.128, "24": -0.128}}