stor_level,time,iterations
4,521.6199760437012,6
TOTAL,521.6302897930145,0
