{"u": {"0": 0.0, "1": 1.0, "2": 1.0, "3": 1.0, "4": 1.0, "5": 1.0, "6": 1.0, "7": 1.0, "8": 1.0, "9": 1.0, "10": 1.0, "11": 1.0, "12": 1.0, "13": 1.0, "14": 1.0, "15": 1.0, "16": 1.0, "17": 1.0, "18": 1.0, "19": 1.0, "20": 1.0, "21": 1.0, "22": 1.0, "23": 1.0, "24": 1.0}, "p1": {"0": 0.0, "1": 1.6641712684338668, "2": 0.0, "3": 0.0, "4": 0.0, "5": 0.0, "6": 3.4414259558375146, "7": 9.280320185042463, "8": 10.503223830763838, "9": 12.819099891878922, "10": 16.077694622993608, "11": 16.993814984848218, "12": 14.958875175893864, "13": 5.609766802919626, "14": 4.893027683370921, "15": 3.0392259240560797, "16": 0.0, "17": 7.350044449055716, "18": 10.94416520101162, "19": 16.010237123175944, "20": 20.643486812719676, "21": 24.83316355185429, "22": 17.263222642265067, "23": 9.859265493607204, "24": 0.21491221079852174}, "pg": {"0": 0, "1": 5.0, "2": 4.836896463595874, "3": 8.960659064036314, "4": 10.42768261674434, "5": 12.0, "6": 12.0, "7": 12.0, "8": 12.0, "9": 12.0, "10": 12.0, "11": 12.0, "12": 12.0, "13": 12.0, "14": 12.0, "15": 11.852106088449919, "16": 12.0, "17": 12.0, "18": 12.0, "19": 12.0, "20": 12.0, "21": 12.0, "22": 12.0, "23": 10.64145057370478, "24": 7.503334955648308}, "p2": {"0": 0, "1": 0.44018306049167055, "2": 0.0, "3": 0.0, "4": 0.0, "5": 0.0, "6": 3.8291738412752334, "7": 0.17699469247838806, "8": 1.8631474246590702, "9": 0.14498254685760337, "10": 2.4242346040498024, "11": 0.0, "12": 0.0, "13": 4.273422804329677, "14": 1.6468421523259593, "15": 0.0, "16": 0.0, "17": 0.0, "18": 0.4499954041511085, "19": 0.0, "20": 0.6054355676213596, "21": 0.0, "22": 1.81554402825817, "23": 0.0, "24": 0.0}, "stor_net_i": {"0": 0, "1": 0.0, "2": 0.0, "3": 0.0, "4": -1.2236841887018706, "5": -2.7763158112981294, "6": 0.0, "7": 0.0, "8": 0.0, "9": 4.0, "10": -3.6436036738840887, "11": -0.12081815983411559, "12": -0.23557816628179573, "13": 4.0, "14": 0.0, "15": -4.0, "16": 1.0782169997746358, "17": 1.0593427602121324, "18": 0.4020763902629092, "19": -2.5396361502496774, "20": 1.54345382318688, "21": -1.54345382318688, "22": 4.0, "23": -4.0, "24": 4.0}, "stor_level": {"0": 0, "1": 0.0, "2": 0.0, "3": 0.0, "4": 1.2236841887018706, "5": 4.0, "6": 4.0, "7": 4.0, "8": 4.0, "9": 0.0, "10": 3.6436036738840887, "11": 3.7644218337182043, "12": 4.0, "13": 0.0, "14": 0.0, "15": 4.0, "16": 2.921783000225364, "17": 1.8624402400132318, "18": 1.4603638497503226, "19": 4.0, "20": 2.45654617681312, "21": 4.0, "22": 0.0, "23": 4.0, "24": 0.0}, "dual_con1": {"0": 0.0, "1": 0.0, "2": 0.0, "3": 0.0, "4": 0.0, "5": 0.0, "6": -2.064, "7": -2.064, "8": -2.064, "9": -2.064, "10": -2.064, "11": -2.064, "12": -2.064, "13": -2.064, "14": -2.064, "15": 0.0, "16": -2.064, "17": -2.064, "18": -2.064, "19": -2.064, "20": -2.064, "21": -2.064, "22": -2.064, "23": 0.0, "24": 0.0}, "dual_con2": {"0": 0.0, "1": -0.3, "2": -0.128, "3": -0.128, "4": -0.128, "5": -0.128, "6": -0.3, "7": -0.3, "8": -0.3, "9": -0.3, "10": -0.3, "11": -0.3, "12": -0.3, "13": -0.3, "14": -0.3, "15": -0.128, "16": -0.3, "17": -0.3, "18": -0.3, "19": -0.3, "20": -0.3, "21": -0.3, "22": -0.3, "23": -0.128, "24": -0.128}}