{"u": {"0": 0, "1": 1.0, "2": 1.0, "3": 1.0, "4": 1.0, "5": 1.0, "6": 1.0, "7": 1.0, "8": 1.0, "9": 1.0, "10": 1.0, "11": 1.0, "12": 1.0, "13": 1.0, "14": 1.0, "15": 1.0, "16": 1.0, "17": 1.0, "18": 1.0, "19": 1.0, "20": 1.0, "21": 1.0, "22": 1.0, "23": 1.0, "24": 1.0}, "p1": {"0": 0, "1": 1.6641712684338668, "2": 0.0, "3": 0.0, "4": 0.0, "5": 0.0, "6": 3.4414259558375146, "7": 9.280320185042463, "8": 10.503223830763838, "9": 12.819099891878922, "10": 16.077694622993608, "11": 16.993814984848218, "12": 14.958875175893864, "13": 5.609766802919626, "14": 4.893027683370921, "15": 3.0392259240560797, "16": 0.0, "17": 7.350044449055716, "18": 10.94416520101162, "19": 16.010237123175944, "20": 20.643486812719676, "21": 24.83316355185429, "22": 17.263222642265067, "23": 9.859265493607204, "24": 0.21491221079852174}, "alpha": {"0": 0, "1": 1.0828814010180998, "2": 1.1124478445768358, "3": 1.3180623740175772, "4": 1.3529045904445203, "5": 1.4543265620310184, "6": 1.7078512228810523, "7": 1.750184534296331, "8": 1.9403793148766098, "9": 1.8878670655755774, "10": 2.7196755949651683, "11": 1.8661706445590232, "12": 1.905987372739936, "13": 2.855867057887452, "14": 1.844057395181292, "15": 1.828793359287991, "16": 2.799696478151782, "17": 1.7838653574434777, "18": 1.8574149814821912, "19": 1.608164193477328, "20": 1.9473902290441443, "21": 1.8858591445100628, "22": 1.7446849902849038, "23": 1.6273803074987077, "24": 1.4540349078360661}}