charge_target,time,iterations
0.8,521.5398390293121,6
TOTAL,521.6354811191559,0
