charge_target,time,iterations
0.8,441.54500222206116,5
TOTAL,447.40523886680603,0
