{"u": {"0": 0, "1": 1.0, "2": 1.0, "3": 1.0, "4": 1.0, "5": 1.0, "6": 1.0, "7": 1.0, "8": 1.0, "9": 1.0, "10": 1.0, "11": 1.0, "12": 1.0, "13": 1.0, "14": 1.0, "15": 1.0, "16": 1.0, "17": 1.0, "18": 1.0, "19": 1.0, "20": 1.0, "21": 1.0, "22": 1.0, "23": 1.0, "24": 1.0}, "p1": {"0": 0, "1": 0.0, "2": 0.0, "3": 0.0, "4": 0.0, "5": 0.0, "6": 2.168492906391883, "7": 7.925768927967496, "8": 9.703461104143537, "9": 11.438720903667372, "10": 14.361477803462718, "11": 15.31251505930776, "12": 10.459503289593895, "13": 8.463869446932641, "14": 4.806850023451194, "15": 3.294430759710595, "16": 2.8023145217008736, "17": 2.278589814231136, "18": 9.081826755399556, "19": 9.925917176372211, "20": 19.20425109735609, "21": 21.311114735886914, "22": 14.81726024983101, "23": 8.2655382706142, "24": 0.1966806101770402}, "alpha": {"0": 0, "1": 1.621852851777824, "2": 1.2624385357211085, "3": 1.393610101161586, "4": 1.3876376986503496, "5": 1.5189235572750706, "6": 1.9160650963987984, "7": 2.1267681784611088, "8": 2.2430116195744665, "9": 2.3360993940166757, "10": 3.2274765078855006, "11": 2.3731248808100505, "12": 3.198105844388408, "13": 2.0722993806058616, "14": 2.025418690128167, "15": 1.8807067572653124, "16": 1.921201955542715, "17": 3.2088876718622603, "18": 2.411451788563967, "19": 3.3581702372935265, "20": 2.4226808826690953, "21": 2.9425985729926056, "22": 2.4908214566319, "23": 2.0563254440306036, "24": 1.47695821731505}}