{"u": {"0": 0, "1": 1.0, "2": 1.0, "3": 1.0, "4": 1.0, "5": 1.0, "6": 1.0, "7": 1.0, "8": 1.0, "9": 1.0, "10": 1.0, "11": 1.0, "12": 1.0, "13": 1.0, "14": 1.0, "15": 1.0, "16": 1.0, "17": 1.0, "18": 1.0, "19": 1.0, "20": 1.0, "21": 1.0, "22": 1.0, "23": 1.0, "24": 1.0}, "p1": {"0": 0, "1": 0.0, "2": 0.0, "3": 0.0, "4": 0.0, "5": 0.0, "6": 1.550158750565565, "7": 10.892621405337678, "8": 10.413844197030796, "9": 13.874030135818058, "10": 18.108216222449933, "11": 11.469615609829578, "12": 14.589027859489091, "13": 9.28843093914575, "14": 4.444903900984869, "15": 0.4187760551428852, "16": 2.495752979279306, "17": 5.754849835806446, "18": 12.708470960302158, "19": 12.026713339786518, "20": 20.34698931284588, "21": 24.996157497465514, "22": 17.75578042777197, "23": 10.876191636618831, "24": 0.0}, "alpha": {"0": 0, "1": 1.3729938494748497, "2": 1.424141925326862, "3": 1.3902373759830586, "4": 1.4015594540994651, "5": 1.492666490483234, "6": 1.6605690214752513, "7": 1.6823573417381577, "8": 2.2848787811276177, "9": 1.7111752441344863, "10": 1.5938049084688433, "11": 2.769450527138024, "12": 1.5763397069390155, "13": 1.6989957349601035, "14": 1.9022692070629055, "15": 2.5335153598451368, "16": 1.5524632312267643, "17": 1.9059025622392947, "18": 1.7321407412986978, "19": 1.9406275506138593, "20": 1.5518804609272556, "21": 1.5002606897061779, "22": 1.5789229774703675, "23": 1.6243743464834912, "24": 1.4217235847325274}}