{"u": {"0": 0, "1": 1.0, "2": 1.0, "3": 1.0, "4": 1.0, "5": 1.0, "6": 1.0, "7": 1.0, "8": 1.0, "9": 1.0, "10": 1.0, "11": 1.0, "12": 1.0, "13": 1.0, "14": 1.0, "15": 1.0, "16": 1.0, "17": 1.0, "18": 1.0, "19": 1.0, "20": 1.0, "21": 1.0, "22": 1.0, "23": 1.0, "24": 1.0}, "p1": {"0": 0, "1": 5.177267082491635, "2": 4.99947661116032, "3": 0.0, "4": -0.0, "5": 1.7841319738017045, "6": 1.6839985244711784, "7": 11.35436670802507, "8": 12.083789851724287, "9": 6.842655432876219, "10": 22.12913247980973, "11": 11.050330242886394, "12": 14.259926716932688, "13": 6.9367776824689535, "14": 0.0, "15": 1.1495340336550743, "16": 0.0, "17": 8.970084162200854, "18": 17.215644802019273, "19": 13.33663874713436, "20": 14.39071120779844, "21": 32.96857296437598, "22": 17.371269213331875, "23": 0.0, "24": 0.0}, "alpha": {"0": 0, "1": 1.0947121716429336, "2": 1.2244354163177265, "3": 1.2391357385889556, "4": 1.3843564879504684, "5": 1.5472551728280615, "6": 1.560417089303568, "7": 1.8438337509319405, "8": 1.7838950847195707, "9": 2.6205876550170393, "10": 1.8875300312609058, "11": 1.8152361372209789, "12": 2.0950700497059365, "13": 1.9244917119631437, "14": 1.8432017472914073, "15": 2.37428796629148, "16": 2.4285186868601025, "17": 1.8413322643209702, "18": 1.759988588783564, "19": 1.8476499284095058, "20": 1.53876389244149, "21": 1.508536049633041, "22": 1.6942763418023956, "23": 1.7960058718803324, "24": 1.4245120810828802}}