{"u": {"0": 0.0, "1": 1.0, "2": 1.0, "3": 1.0, "4": 1.0, "5": 1.0, "6": 1.0, "7": 1.0, "8": 1.0, "9": 1.0, "10": 1.0, "11": 1.0, "12": 1.0, "13": 1.0, "14": 1.0, "15": 1.0, "16": 1.0, "17": 1.0, "18": 1.0, "19": 1.0, "20": 1.0, "21": 1.0, "22": 1.0, "23": 1.0, "24": 1.0}, "p1": {"0": 0.0, "1": 6.490709065242301, "2": 0.0, "3": 0.0, "4": 0.0, "5": 0.0, "6": 0.0, "7": 16.9574830979758, "8": 13.184817828938758, "9": 9.920149048814087, "10": 23.591324278062867, "11": 13.020515988895747, "12": 17.51699114737431, "13": 9.420276663269503, "14": 4.570365726638467, "15": 0.0, "16": 0.0, "17": 8.68036435129813, "18": 17.935877042570784, "19": 13.753378975445601, "20": 14.22752256131011, "21": 33.159304791275574, "22": 18.301936973957417, "23": 2.9090831558656056, "24": 0.0}, "pg": {"0": 0, "1": 5.0, "2": 7.626908908119595, "3": 12.0, "4": 12.0, "5": 12.0, "6": 12.0, "7": 12.0, "8": 12.0, "9": 12.0, "10": 12.0, "11": 12.0, "12": 12.0, "13": 12.0, "14": 12.0, "15": 12.0, "16": 12.0, "17": 10.64383262877771, "18": 12.0, "19": 12.0, "20": 12.0, "21": 12.0, "22": 12.0, "23": 12.0, "24": 11.50789942329136}, "p2": {"0": 0, "1": 0.0, "2": 0.0, "3": 0.0, "4": 0.0, "5": 0.0, "6": 0.0, "7": 0.0, "8": 0.0, "9": 0.0, "10": 0.0, "11": 0.0, "12": 0.0, "13": 0.0, "14": 0.0, "15": 0.0, "16": 0.0, "17": 0.0, "18": 0.0, "19": 0.0, "20": 0.0, "21": 0.0, "22": 0.0, "23": 0.0, "24": 0.0}, "stor_net_i": {"0": 0, "1": -4.26903245870407, "2": 0.23343525819010225, "3": -3.9586828188306704, "4": 0.35420024687075724, "5": -1.3949618936889205, "6": -2.964958333837199, "7": 0.18908747233100698, "8": 0.16014017308143735, "9": 7.4360339535381, "10": -5.345225413871642, "11": -0.11587785582470822, "12": -1.8695420442643815, "13": 2.451251492606394, "14": -1.499836133394835, "15": 4.518569147815839, "16": 1.3130882815173521, "17": 0.010464972213675594, "18": -4.979861760567523, "19": -0.8413513308803307, "20": 5.19666145488786, "21": -6.623602409188244, "22": 0.21980357148236251, "23": 10.100156985089512, "24": 1.6800394434281252}, "stor_level": {"0": 0, "1": 4.26903245870407, "2": 4.035597200513967, "3": 7.994280019344638, "4": 7.6400797724738805, "5": 9.035041666162801, "6": 12.0, "7": 11.810912527668993, "8": 11.650772354587556, "9": 4.2147384010494555, "10": 9.559963814921097, "11": 9.675841670745806, "12": 11.545383715010187, "13": 9.094132222403793, "14": 10.593968355798628, "15": 6.075399207982789, "16": 4.762310926465437, "17": 4.7518459542517615, "18": 9.731707714819285, "19": 10.573059045699615, "20": 5.376397590811756, "21": 12.0, "22": 11.780196428517637, "23": 1.6800394434281252, "24": 0.0}, "dual_con1": {"0": 0.0, "1": 0.0, "2": 0.0, "3": 0.0, "4": 0.0, "5": 0.0, "6": 0.0, "7": 0.0, "8": 0.0, "9": 0.0, "10": 0.0, "11": 0.0, "12": 0.0, "13": 0.0, "14": 0.0, "15": 0.0, "16": 0.0, "17": 0.0, "18": 0.0, "19": 0.0, "20": 0.0, "21": 0.0, "22": 0.0, "23": 0.0, "24": 0.0}, "dual_con2": {"0": 0.0, "1": -0.128, "2": -0.128, "3": -0.128, "4": -0.128, "5": -0.128, "6": -0.128, "7": -0.128, "8": -0.128, "9": -0.128, "10": -0.128, "11": -0.128, "12": -0.128, "13": -0.128, "14": -0.128, "15": -0.128, "16": -0.128, "17": -0.128, "18": -0.128, "19": -0.128, "20": -0.128, "21": -0.128, "22": -0.128, "23": -0.128, "24": -0.128}}