{"u": {"0": 0, "1": 1.0, "2": 1.0, "3": 1.0, "4": 1.0, "5": 1.0, "6": 1.0, "7": 1.0, "8": 1.0, "9": 1.0, "10": 1.0, "11": 1.0, "12": 1.0, "13": 1.0, "14": 1.0, "15": 1.0, "16": 1.0, "17": 1.0, "18": 1.0, "19": 1.0, "20": 1.0, "21": 1.0, "22": 1.0, "23": 1.0, "24": 1.0}, "p1": {"0": 0, "1": 0.811651574920945, "2": 0.0, "3": 0.0, "4": 0.0, "5": 0.0, "6": 3.596573559286373, "7": 9.922347087522732, "8": 38.04391137991761, "9": 0.0, "10": 12.565484117912831, "11": 17.162703048582685, "12": 20.180936743017316, "13": 19.794778222864412, "14": 20.822689817253668, "15": 11.49188773686292, "16": 0.0, "17": 15.349888438337379, "18": 4.540086582045646, "19": 12.355927890478142, "20": 18.071054895501884, "21": 22.858322251622006, "22": 16.905905644170623, "23": 9.978656371184421, "24": 0.5524517882504512}, "alpha": {"0": 0, "1": 1.4227685284534144, "2": 1.0634194965862798, "3": 1.3331071330858517, "4": 1.3651918643352938, "5": 1.488706060848385, "6": 1.6570279322140884, "7": 1.5592958737431795, "8": 1.9322083657013662, "9": 1.5359999999999998, "10": 1.8353037261017109, "11": 1.921978200173438, "12": 1.3989947391868025, "13": 1.4055665331406768, "14": 1.403193054823899, "15": 1.406433678941123, "16": 1.4150924671624436, "17": 2.0985001348260925, "18": 2.444196973452333, "19": 2.6292216328565554, "20": 2.7146835313494333, "21": 2.4785033245133996, "22": 1.864228306748814, "23": 1.5424030886446747, "24": 1.3702644635248655}}