{"u": {"0": 0.0, "1": 1.0, "2": 1.0, "3": 1.0, "4": 1.0, "5": 1.0, "6": 1.0, "7": 1.0, "8": 1.0, "9": 1.0, "10": 1.0, "11": 1.0, "12": 1.0, "13": 1.0, "14": 1.0, "15": 1.0, "16": 1.0, "17": 1.0, "18": 1.0, "19": 1.0, "20": 1.0, "21": 1.0, "22": 1.0, "23": 1.0, "24": 1.0}, "p1": {"0": 0.0, "1": 0.7412036703458398, "2": 0.0, "3": 0.0, "4": 0.0, "5": 0.0, "6": 2.0634786583122704, "7": 9.550676302765504, "8": 13.070799325420257, "9": 12.535685829103459, "10": 19.47372270979012, "11": 16.85559044077187, "12": 13.328645045950706, "13": 13.07444016870153, "14": 4.1580846407761385, "15": 4.404796789709367, "16": 6.4658326982522, "17": 6.265740374350273, "18": 10.473026052888276, "19": 14.707600747993313, "20": 19.00609379704009, "21": 24.773075293592786, "22": 17.361342793500462, "23": 9.354962955270741, "24": 0.5225756628884977}, "pg": {"0": 0, "1": 5.0, "2": 7.938508069591874, "3": 7.219684051099085, "4": 8.735570121775016, "5": 12.0, "6": 12.0, "7": 12.0, "8": 12.0, "9": 12.0, "10": 12.0, "11": 12.0, "12": 12.0, "13": 12.0, "14": 12.0, "15": 12.0, "16": 12.0, "17": 12.0, "18": 8.476919616256819, "19": 12.0, "20": 12.0, "21": 12.0, "22": 12.0, "23": 10.991721125175086, "24": 12.0}, "p2": {"0": 0, "1": 2.6608346726385097, "2": 0.0, "3": 0.0, "4": 0.0, "5": 0.0, "6": 0.0, "7": 0.0, "8": 0.7000257824798162, "9": 3.7672913199272724, "10": 0.4742352918417616, "11": 1.3975292121123175, "12": 1.040073374035872, "13": 1.045605078896152, "14": 0.0, "15": 0.0, "16": 0.0, "17": 0.0, "18": 0.0, "19": 3.0189393121194836, "20": 2.0150051839854903, "21": 6.087272425530781, "22": 1.431765023422205, "23": 0.0, "24": 0.0}, "stor_net_i": {"battery": {"0": 0, "1": 0.0, "2": 0.0, "3": 0.0, "4": -1.4045900684881971, "5": 0.32703963522983237, "6": -0.29377431408721577, "7": -3.6286752526544195, "8": 0.0, "9": 0.0, "10": 0.0, "11": 0.0, "12": 5.0, "13": -2.5295316051243137, "14": 0.7374668066860472, "15": 1.076475733978091, "16": 0.7155890644601755, "17": -1.4468665597855832, "18": -3.553133440214417, "19": 0.0, "20": 5.0, "21": 0.0, "22": 0.0, "23": -2.0454312567213737, "24": 2.0454312567213737}}, "stor_level": {"battery": {"0": 0, "1": 0.0, "2": 0.0, "3": 0.0, "4": 1.4045900684881971, "5": 1.0775504332583647, "6": 1.3713247473455805, "7": 5.0, "8": 5.0, "9": 5.0, "10": 5.0, "11": 5.0, "12": 0.0, "13": 2.5295316051243137, "14": 1.7920647984382665, "15": 0.7155890644601755, "16": 0.0, "17": 1.4468665597855832, "18": 5.0, "19": 5.0, "20": 0.0, "21": 0.0, "22": 0.0, "23": 2.0454312567213737, "24": 0.0}}, "dual_con1": {"0": 0.0, "1": 0.0, "2": 0.0, "3": 0.0, "4": 0.0, "5": 0.0, "6": 0.0, "7": 0.0, "8": -2.064, "9": -2.064, "10": -2.064, "11": -2.064, "12": -2.064, "13": -2.064, "14": -2.064, "15": -2.064, "16": -2.064, "17": 0.0, "18": 0.0, "19": -2.064, "20": -2.064, "21": -2.064, "22": -2.064, "23": 0.0, "24": 0.0}, "dual_con2": {"0": 0.0, "1": -0.3, "2": -0.128, "3": -0.128, "4": -0.128, "5": -0.128, "6": -0.128, "7": -0.128, "8": -0.3, "9": -0.3, "10": -0.3, "11": -0.3, "12": -0.3, "13": -0.3, "14": -0.3, "15": -0.3, "16": -0.3, "17": -0.128, "18": -0.128, "19": -0.3, "20": -0.3, "21": -0.3, "22": -0.3, "23": -0.128, "24": -0.128}}