{"u": {"0": 0.0, "1": 1.0, "2": 1.0, "3": 1.0, "4": 1.0, "5": 1.0, "6": 1.0, "7": 1.0, "8": 1.0, "9": 1.0, "10": 1.0, "11": 1.0, "12": 1.0, "13": 1.0, "14": 1.0, "15": 1.0, "16": 1.0, "17": 1.0, "18": 1.0, "19": 1.0, "20": 1.0, "21": 1.0, "22": 1.0, "23": 1.0, "24": 1.0}, "p1": {"0": 0.0, "1": 0.811651574920945, "2": 0.0, "3": 0.0, "4": 0.0, "5": 0.0, "6": 3.596573559286373, "7": 9.922347087522732, "8": 38.04391137991761, "9": 0.0, "10": 12.565484117912831, "11": 17.162703048582685, "12": 20.180936743017316, "13": 19.794778222864412, "14": 20.822689817253668, "15": 11.49188773686292, "16": 0.0, "17": 15.349888438337379, "18": 4.540086582045646, "19": 12.355927890478142, "20": 18.071054895501884, "21": 22.858322251622006, "22": 16.905905644170623, "23": 9.978656371184421, "24": 0.5524517882504512}, "pg": {"0": 0, "1": 5.0, "2": 7.938508069591874, "3": 7.550664104385904, "4": 12.0, "5": 12.0, "6": 10.500170420168514, "7": 7.9996539625883525, "8": 12.0, "9": 12.0, "10": 12.0, "11": 12.0, "12": 11.290563042003019, "13": 11.965114622466725, "14": 12.0, "15": 12.0, "16": 12.0, "17": 12.0, "18": 12.0, "19": 12.0, "20": 12.0, "21": 12.0, "22": 12.0, "23": 10.338151583899453, "24": 12.0}, "p2": {"0": 0, "1": 2.5903867680634045, "2": 0.0, "3": 0.0, "4": 0.0, "5": 0.0, "6": 0.0, "7": 0.0, "8": 0.0, "9": 0.0, "10": 0.0, "11": 0.0, "12": 0.0, "13": 0.0, "14": 0.0, "15": 0.0, "16": 0.0, "17": 0.0, "18": 0.0, "19": 0.37061216963465426, "20": 7.950044085523697, "21": 8.00202546750156, "22": 1.887202172752044, "23": 0.0, "24": 0.0}, "stor_net_i": {"battery": {"0": null, "1": 0.0, "2": 0.0, "3": -0.3309800532868188, "4": -4.669019946713181, "5": 0.32703963522983237, "6": -0.32703963522983237, "7": 0.0, "8": 0.0, "9": 0.0, "10": 5.0, "11": 0.0, "12": -5.0, "13": 5.0, "14": 0.0, "15": -5.0, "16": 0.3814217627123746, "17": 0.7618525904025937, "18": -1.1432743531149683, "19": 5.0, "20": 0.0, "21": 0.0, "22": 0.0, "23": -2.01555513135942, "24": 2.01555513135942}, "ev_1": {"0": 0, "1": 0, "2": 0, "3": 0, "4": 0, "5": 0, "6": 0, "7": 0, "8": -11.0, "9": 9.902781365033754, "10": -11.0, "11": 11.0, "12": 4.897218634966244, "13": 0.0, "14": -4.127138369791481, "15": 4.127138369791481, "16": -4.2, "17": -11.0, "18": 0, "19": 0, "20": 0, "21": 0, "22": 0, "23": 0, "24": 0}, "ev_2": {"0": 0, "1": 0, "2": 0, "3": 0, "4": 0, "5": 0, "6": 0, "7": 0, "8": -2.2730862720175367, "9": 3.6906123882984847, "10": 2.382473883719051, "11": -11.0, "12": 11.0, "13": -2.169379202857769, "14": -11.0, "15": -5.137753582966943, "16": 11.0, "17": -7.8928672141752845, "18": 0, "19": 0, "20": 0, "21": 0, "22": 0, "23": 0, "24": 0}, "ev_3": {"0": 0, "1": 0, "2": 0, "3": 0, "4": 0, "5": 0, "6": 0, "7": 0, "8": -11.0, "9": 2.7095833956984947, "10": 11.0, "11": 1.0904166043015024, "12": -11.0, "13": -11.0, "14": -0.8000000000000007, "15": 0.0, "16": 0.0, "17": 7.600000000000001, "18": 0, "19": 0, "20": 0, "21": 0, "22": 0, "23": 0, "24": 0}}, "stor_level": {"battery": {"0": 0, "1": 0.0, "2": 0.0, "3": 0.3309800532868188, "4": 5.0, "5": 4.672960364770168, "6": 5.0, "7": 5.0, "8": 5.0, "9": 5.0, "10": 0.0, "11": 0.0, "12": 5.0, "13": 0.0, "14": 0.0, "15": 5.0, "16": 4.618578237287625, "17": 3.8567256468850317, "18": 5.0, "19": 0.0, "20": 0.0, "21": 0.0, "22": 0.0, "23": 2.01555513135942, "24": 0.0}, "ev_1": {"0": 0, "1": 0, "2": 0, "3": 0, "4": 0, "5": 0, "6": 0, "7": 0, "8": 22.4, "9": 12.497218634966247, "10": 23.497218634966245, "11": 12.497218634966245, "12": 7.6000000000000005, "13": 7.6000000000000005, "14": 11.727138369791483, "15": 7.6000000000000005, "16": 11.8, "17": 22.8, "18": 0, "19": 0, "20": 0, "21": 0, "22": 0, "23": 0, "24": 0}, "ev_2": {"0": 0, "1": 0, "2": 0, "3": 0, "4": 0, "5": 0, "6": 0, "7": 0, "8": 13.673086272017537, "9": 9.982473883719052, "10": 7.6000000000000005, "11": 18.6, "12": 7.6000000000000005, "13": 9.76937920285777, "14": 20.76937920285777, "15": 25.907132785824714, "16": 14.907132785824716, "17": 22.8, "18": 0, "19": 0, "20": 0, "21": 0, "22": 0, "23": 0, "24": 0}, "ev_3": {"0": 0, "1": 0, "2": 0, "3": 0, "4": 0, "5": 0, "6": 0, "7": 0, "8": 22.4, "9": 19.690416604301504, "10": 8.690416604301504, "11": 7.6000000000000005, "12": 18.6, "13": 29.6, "14": 30.400000000000002, "15": 30.400000000000002, "16": 30.400000000000002, "17": 22.8, "18": 0, "19": 0, "20": 0, "21": 0, "22": 0, "23": 0, "24": 0}}, "dual_con1": {"0": 0.0, "1": 0.0, "2": 0.0, "3": 0.0, "4": 0.0, "5": 0.0, "6": 0.0, "7": 0.0, "8": 0.0, "9": 0.0, "10": 0.0, "11": 0.0, "12": 0.0, "13": 0.0, "14": 0.0, "15": 0.0, "16": 0.0, "17": 0.0, "18": 0.0, "19": -2.064, "20": -2.064, "21": -2.064, "22": -2.064, "23": 0.0, "24": 0.0}, "dual_con2": {"0": 0.0, "1": -0.3, "2": -0.128, "3": -0.128, "4": -0.128, "5": -0.128, "6": -0.128, "7": -0.128, "8": -0.128, "9": -0.128, "10": -0.128, "11": -0.128, "12": -0.128, "13": -0.128, "14": -0.128, "15": -0.128, "16": -0.128, "17": -0.128, "18": -0.128, "19": -0.3, "20": -0.3, "21": -0.3, "22": -0.3, "23": -0.128, "24": -0.128}}