charge_target,time,iterations
0.8,134.427011013031,6
TOTAL,134.527330160141,0
