charge_target,time,iterations
0.8,115.8517107963562,5
TOTAL,121.68955302238464,0
