{"u": {"0": 0.0, "1": 1.0, "2": 1.0, "3": 1.0, "4": 1.0, "5": 1.0, "6": 1.0, "7": 1.0, "8": 1.0, "9": 1.0, "10": 1.0, "11": 1.0, "12": 1.0, "13": 1.0, "14": 1.0, "15": 1.0, "16": 1.0, "17": 1.0, "18": 1.0, "19": 1.0, "20": 1.0, "21": 1.0, "22": 1.0, "23": 1.0, "24": 1.0}, "p1": {"0": 0.0, "1": 0.0, "2": 0.0, "3": 0.0, "4": 0.0, "5": 0.0, "6": 2.168492906391883, "7": 7.925768927967496, "8": 9.703461104143537, "9": 11.438720903667372, "10": 14.361477803462718, "11": 15.31251505930776, "12": 10.459503289593895, "13": 8.463869446932641, "14": 4.806850023451194, "15": 3.294430759710595, "16": 2.8023145217008736, "17": 2.278589814231136, "18": 9.081826755399556, "19": 9.925917176372211, "20": 19.20425109735609, "21": 21.311114735886914, "22": 14.81726024983101, "23": 8.2655382706142, "24": 0.1966806101770402}, "pg": {"0": 0, "1": 5.0, "2": 8.629798575920342, "3": 8.030094009099454, "4": 12.0, "5": 12.0, "6": 12.0, "7": 12.0, "8": 12.0, "9": 12.0, "10": 12.0, "11": 12.0, "12": 12.0, "13": 12.0, "14": 9.726818588381777, "15": 12.0, "16": 12.0, "17": 12.0, "18": 12.0, "19": 12.0, "20": 12.0, "21": 12.0, "22": 12.0, "23": 12.0, "24": 12.0}, "p2": {"0": 0, "1": 4.2582805275089886, "2": 0.0, "3": 0.0, "4": 0.0, "5": 0.0, "6": 0.0, "7": 0.0, "8": 4.66060709060136, "9": 5.9261089215793845, "10": 5.597514399524755, "11": 0.41524174162896443, "12": 4.090920566623446, "13": 0.5816828661865401, "14": 0.0, "15": 0.0, "16": 2.9804012799041804, "17": 8.156550379167907, "18": 0.7029677640471537, "19": 2.712529853032928, "20": 3.494536512188237, "21": 1.8215381386102347, "22": 0.0, "23": 3.9012414342260477, "24": 0.6094057727365314}, "stor_net_i": {"battery": {"0": 0, "1": 0.0, "2": 0.0, "3": -0.21184285900545063, "4": -1.2787734279261844, "5": -1.942323808032576, "6": 0.053881367601617214, "7": -1.6209412726374062, "8": 5.0, "9": 0.0, "10": 0.0, "11": 0.0, "12": 0.0, "13": 0.0, "14": -0.14241916535109844, "15": -4.857580834648902, "16": 5.0, "17": 0.0, "18": 0.0, "19": 0.0, "20": 0.0, "21": -3.3901822623457054, "22": -1.6098177376542946, "23": 5.0, "24": 0.0}}, "stor_level": {"battery": {"0": 0, "1": 0.0, "2": 0.0, "3": 0.21184285900545063, "4": 1.490616286931635, "5": 3.432940094964211, "6": 3.379058727362594, "7": 5.0, "8": 0.0, "9": 0.0, "10": 0.0, "11": 0.0, "12": 0.0, "13": 0.0, "14": 0.14241916535109844, "15": 5.0, "16": 0.0, "17": 0.0, "18": 0.0, "19": 0.0, "20": 0.0, "21": 3.3901822623457054, "22": 5.0, "23": 0.0, "24": 0.0}}, "dual_con1": {"0": 0.0, "1": 0.0, "2": 0.0, "3": 0.0, "4": 0.0, "5": 0.0, "6": 0.0, "7": 0.0, "8": -2.064, "9": -2.064, "10": -2.064, "11": -2.064, "12": -2.064, "13": -2.064, "14": 0.0, "15": 0.0, "16": -2.064, "17": -2.064, "18": -2.064, "19": -2.064, "20": -2.064, "21": -2.064, "22": -2.064, "23": -2.064, "24": -2.064}, "dual_con2": {"0": 0.0, "1": -0.3, "2": -0.128, "3": -0.128, "4": -0.128, "5": -0.128, "6": -0.128, "7": -0.128, "8": -0.3, "9": -0.3, "10": -0.3, "11": -0.3, "12": -0.3, "13": -0.3, "14": -0.128, "15": -0.128, "16": -0.3, "17": -0.3, "18": -0.3, "19": -0.3, "20": -0.3, "21": -0.3, "22": -0.3, "23": -0.3, "24": -0.3}}