stor_level,time,iterations
4,6.61830997467041,7
TOTAL,6.659259080886841,0
