stor_level,time,iterations
4,6.429218053817749,7
TOTAL,6.440195083618164,0
