stor_level,time,iterations
4,7.699261903762817,7
TOTAL,7.714087247848511,0
