{"u": {"0": 0, "1": 1.0, "2": 1.0, "3": 1.0, "4": 1.0, "5": 1.0, "6": 1.0, "7": 1.0, "8": 1.0, "9": 1.0, "10": 1.0, "11": 1.0, "12": 1.0, "13": 1.0, "14": 1.0, "15": 1.0, "16": 1.0, "17": 1.0, "18": 1.0, "19": 1.0, "20": 1.0, "21": 1.0, "22": 1.0, "23": 1.0, "24": 1.0}, "p1": {"0": 0, "1": 0.0, "2": 0.0, "3": 0.0, "4": 0.0, "5": 0.0, "6": 1.0100559571179286, "7": 8.966771683108705, "8": 10.229174892099925, "9": 13.413196201802995, "10": 16.249952978560557, "11": 12.90463813307102, "12": 12.631281580013464, "13": 7.299559242503721, "14": 3.211790767276945, "15": 2.6792972605944008, "16": 0.818578237287605, "17": 5.572004216361739, "18": 10.912869137222637, "19": 11.908098339542676, "20": 19.42418401619778, "21": 21.139652280876337, "22": 15.952644107376983, "23": 9.774018490472606, "24": 0.0}, "alpha": {"0": 0, "1": 0.8840073797932478, "2": 1.1213987838574173, "3": 1.2286741488741786, "4": 1.367098263037123, "5": 1.2607620472325594, "6": 2.1835937918089674, "7": 2.299038962719476, "8": 2.376756574095314, "9": 1.9051188945913256, "10": 2.2077260191683465, "11": 2.376837056840413, "12": 2.1997657340618986, "13": 2.4160743236657822, "14": 2.3186927543793887, "15": 1.8976592745908079, "16": 2.0924741270533067, "17": 2.021612152187849, "18": 2.327171624641368, "19": 1.9996348961971353, "20": 1.906657022795184, "21": 2.738087585970987, "22": 2.1743200808635246, "23": 2.029972452692991, "24": 1.5521102731622185}}