{"u": {"0": 0, "1": 1.0, "2": 1.0, "3": 1.0, "4": 1.0, "5": 1.0, "6": 1.0, "7": 1.0, "8": 1.0, "9": 1.0, "10": 1.0, "11": 1.0, "12": 1.0, "13": 1.0, "14": 1.0, "15": 1.0, "16": 1.0, "17": 1.0, "18": 1.0, "19": 1.0, "20": 1.0, "21": 1.0, "22": 1.0, "23": 1.0, "24": 1.0}, "p1": {"0": 0, "1": 0.8323658843606783, "2": 0.0, "3": 0.0, "4": 0.0, "5": 0.0, "6": 2.868900369603768, "7": 9.984729578622833, "8": 39.15495628027992, "9": 0.0, "10": 9.381191854960873, "11": 16.26506728758726, "12": 20.694327520679614, "13": 26.088834535232966, "14": 18.044221071982495, "15": 13.4292661243766, "16": 0.0, "17": 17.42823921179904, "18": 5.10786064014594, "19": 18.293706620077195, "20": 19.03182837868005, "21": 24.851171179535477, "22": 17.594117807663366, "23": 9.974590444989524, "24": 0.3723796622126354}, "alpha": {"0": 0, "1": 1.3151800052806994, "2": 1.1147144961078608, "3": 1.3297125213051484, "4": 1.3508481142319544, "5": 1.456127233068679, "6": 1.7471098891186903, "7": 1.53869112641435, "8": 1.5286180549317256, "9": 1.474866490711711, "10": 1.6354089754821572, "11": 1.5508808472059328, "12": 1.306954832806595, "13": 1.2507173618922556, "14": 1.3683964419508423, "15": 1.571893429349794, "16": 1.3432597294426114, "17": 1.7450997429603428, "18": 2.241825620643952, "19": 1.3160311559547215, "20": 2.426451486399128, "21": 1.880648646143571, "22": 1.6577646577038965, "23": 1.5436228665044407, "24": 1.4242861013355927}}