{"u": {"0": 0.0, "1": 1.0, "2": 1.0, "3": 1.0, "4": 1.0, "5": 1.0, "6": 1.0, "7": 1.0, "8": 1.0, "9": 1.0, "10": 1.0, "11": 1.0, "12": 1.0, "13": 1.0, "14": 1.0, "15": 1.0, "16": 1.0, "17": 1.0, "18": 1.0, "19": 1.0, "20": 1.0, "21": 1.0, "22": 1.0, "23": 1.0, "24": 1.0}, "p1": {"0": 0.0, "1": 1.7945812954230824, "2": 0.0, "3": 0.0, "4": 0.0, "5": 0.0, "6": 2.674916222070685, "7": 8.452275578377636, "8": 10.37107599605091, "9": 12.256867630546436, "10": 18.015782412465427, "11": 16.2091629595976, "12": 14.190570610066244, "13": 8.456968195611974, "14": 4.6495329488197505, "15": 2.748916945379152, "16": 2.738746332340776, "17": 6.5477299530804185, "18": 10.38424056017265, "19": 14.1671347541659, "20": 20.060702406499708, "21": 23.919992185237913, "22": 16.08836898443086, "23": 8.436304971000673, "24": 0.0}, "pg": {"0": 0, "1": 5.0, "2": 7.814069427837918, "3": 10.787092285155321, "4": 12.0, "5": 9.511561528542412, "6": 10.917059127406462, "7": 12.0, "8": 11.025723634868312, "9": 9.268001765785103, "10": 9.855462262570875, "11": 12.0, "12": 12.0, "13": 12.0, "14": 11.867287096815879, "15": 12.0, "16": 11.60710374704368, "17": 12.0, "18": 12.0, "19": 12.0, "20": 12.0, "21": 8.570190544264637, "22": 12.0, "23": 12.0, "24": 10.854218239891642}, "p2": {"0": 0, "1": 2.8415258327830557, "2": 0.0, "3": 0.0, "4": 2.484952172756916, "5": 0.0, "6": 0.0, "7": 1.8645217321458976, "8": 0.0, "9": 0.0, "10": 0.0, "11": 0.12616330158845201, "12": 6.077861828714333, "13": 1.5910240891145548, "14": 0.0, "15": 3.044717406789667, "16": 0.0, "17": 1.7507983011387136, "18": 3.583290003017563, "19": 0.34299258191597204, "20": 4.770983992149091, "21": 0.0, "22": 0.2226230927718511, "23": 1.2631026431864854, "24": 0.0}, "dual_con1": {"0": 0.0, "1": 0.0, "2": 0.0, "3": 0.0, "4": -2.064, "5": 0.0, "6": 0.0, "7": -2.064, "8": 0.0, "9": 0.0, "10": 0.0, "11": -2.064, "12": -2.064, "13": -2.064, "14": 0.0, "15": -2.064, "16": 0.0, "17": -2.064, "18": -2.064, "19": -2.064, "20": -2.064, "21": 0.0, "22": -2.064, "23": -2.064, "24": 0.0}, "dual_con2": {"0": 0.0, "1": -0.3, "2": -0.128, "3": -0.128, "4": -0.3, "5": -0.128, "6": -0.128, "7": -0.3, "8": -0.128, "9": -0.128, "10": -0.128, "11": -0.3, "12": -0.3, "13": -0.3, "14": -0.128, "15": -0.3, "16": -0.128, "17": -0.3, "18": -0.3, "19": -0.3, "20": -0.3, "21": -0.128, "22": -0.3, "23": -0.3, "24": -0.128}}