{"u": {"0": 0, "1": 1.0, "2": 1.0, "3": 1.0, "4": 1.0, "5": 1.0, "6": 1.0, "7": 1.0, "8": 1.0, "9": 1.0, "10": 1.0, "11": 1.0, "12": 1.0, "13": 1.0, "14": 1.0, "15": 1.0, "16": 1.0, "17": 1.0, "18": 1.0, "19": 1.0, "20": 1.0, "21": 1.0, "22": 1.0, "23": 1.0, "24": 1.0}, "p1": {"0": 0, "1": 1.491779435310277, "2": 0.0, "3": 0.0, "4": 0.0, "5": 0.0, "6": 3.2945205017991874, "7": 9.307527963884626, "8": 11.115537099980262, "9": 12.945182449684097, "10": 18.048384092894597, "11": 17.18296634090263, "12": 14.208151225609985, "13": 7.86376160364674, "14": 5.2003330847281575, "15": 3.2865493913610884, "16": 2.503434931779509, "17": 6.093733625323466, "18": 10.139714006290593, "19": 14.781958455831118, "20": 20.619266582106324, "21": 24.923177092882767, "22": 17.260262027856694, "23": 9.771686512246797, "24": 0.32532660866967866}, "alpha": {"0": 0, "1": 1.1437852502001338, "2": 1.1139795986659535, "3": 1.3210806009050877, "4": 1.3436322002794046, "5": 1.4579327499048822, "6": 1.7121380276301301, "7": 1.7393221985679848, "8": 1.7968471571959692, "9": 1.84402573094638, "10": 2.109864605033846, "11": 1.8175787160132335, "12": 2.083941241770884, "13": 2.183205115988101, "14": 1.8013189083088297, "15": 1.7793840798086669, "16": 1.9998436432087345, "17": 2.118207709769114, "18": 2.1036610891874785, "19": 1.8977323474333416, "20": 1.9643809271732569, "21": 1.856810815206726, "22": 1.7507865428731173, "23": 1.6023863030081966, "24": 1.4420702100537486}}