charge_target,time,iterations
0.8,1.844292163848877,4
TOTAL,1.854454755783081,0
