charge_target,time,iterations
0.8,1291.9807102680206,5
TOTAL,1291.9997355937958,0
