charge_target,time,iterations
0.8,447.32533407211304,5
TOTAL,447.33207178115845,0
