{"u": {"0": 0.0, "1": 1.0, "2": 1.0, "3": 1.0, "4": 1.0, "5": 1.0, "6": 1.0, "7": 1.0, "8": 1.0, "9": 1.0, "10": 1.0, "11": 1.0, "12": 1.0, "13": 1.0, "14": 1.0, "15": 1.0, "16": 1.0, "17": 1.0, "18": 1.0, "19": 1.0, "20": 1.0, "21": 1.0, "22": 1.0, "23": 1.0, "24": 1.0}, "p1": {"0": 0.0, "1": 0.7684678058658365, "2": 0.0, "3": 0.0, "4": 0.0, "5": 0.0, "6": 3.0156268724733906, "7": 9.28928216814646, "8": 11.05884186118453, "9": 13.1100394849298, "10": 19.456366887481877, "11": 17.19724236058547, "12": 15.038624858216824, "13": 9.972098803673488, "14": 5.8066423821350845, "15": 3.006142616317737, "16": 4.552705420440439, "17": 7.472130172561894, "18": 11.327213690362461, "19": 15.253550431281397, "20": 21.209607769897346, "21": 25.31796210053795, "22": 17.643616679789236, "23": 10.062528645824726, "24": 0.40485923578826544}, "pg": {"0": 0, "1": 5.0, "2": 7.560302908930929, "3": 12.0, "4": 12.0, "5": 12.0, "6": 12.0, "7": 12.0, "8": 12.0, "9": 7.250047164878211, "10": 12.0, "11": 10.246775063283451, "12": 11.103564500352167, "13": 12.0, "14": 12.0, "15": 12.0, "16": 9.999414783931357, "17": 12.0, "18": 12.0, "19": 12.0, "20": 12.0, "21": 12.0, "22": 12.0, "23": 10.159945641522265, "24": 11.6110050657042}, "p2": {"0": 0, "1": 2.3041128242867694, "2": 0.0, "3": 0.0, "4": 0.0, "5": 0.06723031635035603, "6": 0.0, "7": 0.8296917578968959, "8": 0.6335190227688834, "9": 0.0, "10": 0.0, "11": 0.0, "12": 0.0, "13": 0.0, "14": 0.0, "15": 0.0, "16": 0.0, "17": 0.46116214726570703, "18": 3.6712109960889077, "19": 2.2009710497823676, "20": 0.6838280380014652, "21": 2.8614918597861596, "22": 0.0, "23": 0.0, "24": 0.0}, "stor_net_i": {"battery": {"0": 0, "1": 0.0, "2": -2.110900832546852, "3": -2.153075789109245, "4": -0.7360233783439032, "5": 2.4288491731642807, "6": 2.5711508268357193, "7": 0.0, "8": 0.0, "9": -0.7912048790027058, "10": 0.7912048790027058, "11": 0.0, "12": -5.0, "13": 1.6894677105833313, "14": 1.1377037440354236, "15": 0.2540505226221921, "16": -3.081221977240947, "17": 0.0, "18": 0.0, "19": 0.0, "20": 0.0, "21": 5.0, "22": -0.5450339472629686, "23": 0.5450339472629686, "24": 0.0}}, "stor_level": {"battery": {"0": 0, "1": 0.0, "2": 2.110900832546852, "3": 4.263976621656097, "4": 5.0, "5": 2.5711508268357193, "6": 0.0, "7": 0.0, "8": 0.0, "9": 0.7912048790027058, "10": 0.0, "11": 0.0, "12": 5.0, "13": 3.3105322894166687, "14": 2.172828545381245, "15": 1.918778022759053, "16": 5.0, "17": 5.0, "18": 5.0, "19": 5.0, "20": 5.0, "21": 0.0, "22": 0.5450339472629686, "23": 0.0, "24": 0.0}}, "dual_con1": {"0": 0.0, "1": 0.0, "2": 0.0, "3": 0.0, "4": 0.0, "5": -2.064, "6": -2.064, "7": -2.064, "8": -2.064, "9": 0.0, "10": 0.0, "11": 0.0, "12": 0.0, "13": 0.0, "14": 0.0, "15": 0.0, "16": 0.0, "17": -2.064, "18": -2.064, "19": -2.064, "20": -2.064, "21": -2.064, "22": 0.0, "23": 0.0, "24": 0.0}, "dual_con2": {"0": 0.0, "1": -0.3, "2": -0.128, "3": -0.128, "4": -0.128, "5": -0.3, "6": -0.3, "7": -0.3, "8": -0.3, "9": -0.128, "10": -0.128, "11": -0.128, "12": -0.128, "13": -0.128, "14": -0.128, "15": -0.128, "16": -0.128, "17": -0.3, "18": -0.3, "19": -0.3, "20": -0.3, "21": -0.3, "22": -0.128, "23": -0.128, "24": -0.128}}