{"u": {"0": 0, "1": 1.0, "2": 1.0, "3": 1.0, "4": 1.0, "5": 1.0, "6": 1.0, "7": 1.0, "8": 1.0, "9": 1.0, "10": 1.0, "11": 1.0, "12": 1.0, "13": 1.0, "14": 1.0, "15": 1.0, "16": 1.0, "17": 1.0, "18": 1.0, "19": 1.0, "20": 1.0, "21": 1.0, "22": 1.0, "23": 1.0, "24": 1.0}, "p1": {"0": 0, "1": 0.7684678058658365, "2": 0.0, "3": 0.0, "4": 0.0, "5": 0.0, "6": 3.01562702936101, "7": 9.289282236007097, "8": 11.05884160343385, "9": 13.1100394849298, "10": 19.456368550507822, "11": 17.197245693344904, "12": 15.038615775297542, "13": 9.972091704683272, "14": 5.806618079381732, "15": 3.006138331906577, "16": 4.552641314013339, "17": 7.4730260834281985, "18": 11.326934991327025, "19": 15.253725679532268, "20": 21.209609768684018, "21": 25.318005701524267, "22": 17.64360520975959, "23": 10.062554124473616, "24": 0.40485141530856694}, "alpha": {"0": 0, "1": 1.3379616603982267, "2": 1.1312540442027936, "3": 1.357446785068686, "4": 1.3695776023007502, "5": 1.464336603050169, "6": 1.7623118911916753, "7": 1.7492153291978427, "8": 1.8183475189698108, "9": 1.8029881545210324, "10": 1.7258969291750472, "11": 1.802469194743412, "12": 1.8333697006816272, "13": 1.616409390683912, "14": 1.661705651299439, "15": 1.8341585004280112, "16": 1.4706409542418202, "17": 1.7137011106677595, "18": 1.7470596770212985, "19": 1.7598822961402965, "20": 1.7731170693947593, "21": 1.740598289542677, "22": 1.6429184370720928, "23": 1.517233762657906, "24": 1.4145445754074144}}