{"u": {"0": 0.0, "1": 1.0, "2": 1.0, "3": 1.0, "4": 1.0, "5": 1.0, "6": 1.0, "7": 1.0, "8": 1.0, "9": 1.0, "10": 1.0, "11": 1.0, "12": 1.0, "13": 1.0, "14": 1.0, "15": 1.0, "16": 1.0, "17": 1.0, "18": 1.0, "19": 1.0, "20": 1.0, "21": 1.0, "22": 1.0, "23": 1.0, "24": 1.0}, "p1": {"0": 0.0, "1": 0.7684678058658365, "2": 0.0, "3": 0.0, "4": 0.0, "5": 0.0, "6": 3.01562702936101, "7": 9.289282236007097, "8": 11.05884160343385, "9": 13.1100394849298, "10": 19.456368550507822, "11": 17.197245693344904, "12": 15.038615775297542, "13": 9.972091704683272, "14": 5.806618079381732, "15": 3.006138331906577, "16": 4.552641314013339, "17": 7.4730260834281985, "18": 11.326934991327025, "19": 15.253725679532268, "20": 21.209609768684018, "21": 25.318005701524267, "22": 17.64360520975959, "23": 10.062554124473616, "24": 0.40485141530856694}, "pg": {"0": 0, "1": 5.0, "2": 7.560302908930929, "3": 12.0, "4": 12.0, "5": 12.0, "6": 12.0, "7": 12.0, "8": 12.0, "9": 7.2500455018522665, "10": 12.0, "11": 10.246771730524017, "12": 11.10357358327145, "13": 12.0, "14": 12.0, "15": 12.0, "16": 9.999514576513185, "17": 12.0, "18": 12.0, "19": 12.0, "20": 12.0, "21": 12.0, "22": 12.0, "23": 10.159931632903023, "24": 11.611012886183898}, "p2": {"0": 0, "1": 2.3041128242867694, "2": 0.0, "3": 0.0, "4": 0.0, "5": 0.0672301594627367, "6": 0.0, "7": 0.8296916900362596, "8": 0.6335192805195629, "9": 0.0, "10": 0.0, "11": 0.0, "12": 0.0, "13": 0.0, "14": 0.0, "15": 0.0, "16": 0.0, "17": 0.4602662363994021, "18": 3.671489695124343, "19": 2.2007958015314966, "20": 0.683826039214793, "21": 2.861448258799843, "22": 0.0, "23": 0.0, "24": 0.0}, "stor_net_i": {"battery": {"0": 0, "1": 0.0, "2": -2.110900832546852, "3": -2.153075789109245, "4": -0.7360233783439032, "5": 2.4288493300519, "6": 2.5711506699481, "7": 0.0, "8": 0.0, "9": -0.7912032159767612, "10": 0.7912032159767612, "11": 0.0, "12": -5.0, "13": 1.6894748095735466, "14": 1.1377280467887765, "15": 0.25405480703335215, "16": -3.081257663395675, "17": 0.0, "18": 0.0, "19": 0.0, "20": 0.0, "21": 5.0, "22": -0.5450224772333208, "23": 0.5450224772333208, "24": 0.0}}, "stor_level": {"battery": {"0": 0, "1": 0.0, "2": 2.110900832546852, "3": 4.263976621656097, "4": 5.0, "5": 2.5711506699481, "6": 0.0, "7": 0.0, "8": 0.0, "9": 0.7912032159767612, "10": 0.0, "11": 0.0, "12": 5.0, "13": 3.3105251904264534, "14": 2.172797143637677, "15": 1.9187423366043248, "16": 5.0, "17": 5.0, "18": 5.0, "19": 5.0, "20": 5.0, "21": 0.0, "22": 0.5450224772333208, "23": 0.0, "24": 0.0}}, "dual_con1": {"0": 0.0, "1": 0.0, "2": 0.0, "3": 0.0, "4": 0.0, "5": -2.064, "6": -2.064, "7": -2.064, "8": -2.064, "9": 0.0, "10": 0.0, "11": 0.0, "12": 0.0, "13": 0.0, "14": 0.0, "15": 0.0, "16": 0.0, "17": -2.064, "18": -2.064, "19": -2.064, "20": -2.064, "21": -2.064, "22": 0.0, "23": 0.0, "24": 0.0}, "dual_con2": {"0": 0.0, "1": -0.3, "2": -0.128, "3": -0.128, "4": -0.128, "5": -0.3, "6": -0.3, "7": -0.3, "8": -0.3, "9": -0.128, "10": -0.128, "11": -0.128, "12": -0.128, "13": -0.128, "14": -0.128, "15": -0.128, "16": -0.128, "17": -0.3, "18": -0.3, "19": -0.3, "20": -0.3, "21": -0.3, "22": -0.128, "23": -0.128, "24": -0.128}}