{"u": {"0": 0.0, "1": 1.0, "2": 1.0, "3": 1.0, "4": 1.0, "5": 1.0, "6": 1.0, "7": 1.0, "8": 1.0, "9": 1.0, "10": 1.0, "11": 1.0, "12": 1.0, "13": 1.0, "14": 1.0, "15": 1.0, "16": 1.0, "17": 1.0, "18": 1.0, "19": 1.0, "20": 1.0, "21": 1.0, "22": 1.0, "23": 1.0, "24": 1.0}, "p1": {"0": 0.0, "1": 4.109725379146479, "2": 5.618027616375375, "3": 0.0, "4": 0.0, "5": 0.8986010356112004, "6": 9.40071014136503, "7": 7.298027365882639, "8": 12.015150711480906, "9": 14.11608937089249, "10": 19.7540379919756, "11": 17.61928209999421, "12": 7.578906097985417, "13": 9.143362064886027, "14": 13.611182222570635, "15": 0.4350396391411042, "16": 0.028528236533331253, "17": 5.597955392987391, "18": 6.213752772781323, "19": 4.112510112877903, "20": 8.7108869163204, "21": 16.745147352690108, "22": 21.63852094241372, "23": 3.265746918009892, "24": 7.421512321720801}, "pg": {"0": 0, "1": 5.0, "2": 10.0, "3": 12.0, "4": 12.0, "5": 12.0, "6": 12.0, "7": 12.0, "8": 12.0, "9": 7.0, "10": 12.0, "11": 12.0, "12": 12.0, "13": 11.539576656096074, "14": 12.0, "15": 12.0, "16": 12.0, "17": 12.0, "18": 12.0, "19": 12.0, "20": 12.0, "21": 12.0, "22": 12.0, "23": 12.0, "24": 9.913476919786945}, "p2": {"0": 0, "1": 0.0, "2": 0.0, "3": 0.0, "4": 0.0, "5": 0.0, "6": 0.0, "7": 0.0, "8": 0.0, "9": 0.0, "10": 0.0, "11": 0.0, "12": 0.0, "13": 0.0, "14": 0.0, "15": 0.0, "16": 0.0, "17": 0.0, "18": 0.0, "19": 0.0, "20": 0.0, "21": 2.2728598303461727, "22": 0.0, "23": 0.9254701373764469, "24": 0.0}, "stor_net_i": {"battery": {"0": 0, "1": 0.0, "2": 0.0, "3": 0.0, "4": 0.0, "5": 0.0, "6": -5.0, "7": 0.0, "8": 0.0, "9": 0.0, "10": 5.0, "11": 0.0, "12": 0.0, "13": 0.0, "14": -5.0, "15": 5.0, "16": 0.0, "17": 0.0, "18": -3.2356130073351146, "19": -1.7643869926648854, "20": 3.6856330788446794, "21": -3.6856330788446794, "22": 0.0, "23": 5.0, "24": 0.0}, "ev": {"0": 0, "1": -3.5391201283044413, "2": -6.069922785757617, "3": -2.8108723927123958, "4": -3.843013490872284, "5": -3.574827882666858, "6": -2.453499063636654, "7": 5.035665064005233, "8": 1.1595852006237664, "9": 7.410115814381548, "10": -8.71833428187032, "11": -4.125288311707749, "12": 5.182069521878347, "13": -4.708834099041198, "14": -9.343723164319373, "15": 2.6653802443070678, "16": 1.5809960103391756, "17": -0.8789117015642844, "18": 7.263255565974568, "19": 11.0, "20": 11.0, "21": 5.369279880943473, "22": -4.756475192855678, "23": 4.756475192855678, "24": -7.6000000000000005}}, "stor_level": {"battery": {"0": 0, "1": 0.0, "2": 0.0, "3": 0.0, "4": 0.0, "5": 0.0, "6": 5.0, "7": 5.0, "8": 5.0, "9": 5.0, "10": 0.0, "11": 0.0, "12": 0.0, "13": 0.0, "14": 5.0, "15": 0.0, "16": 0.0, "17": 0.0, "18": 3.2356130073351146, "19": 5.0, "20": 1.3143669211553206, "21": 5.0, "22": 5.0, "23": 0.0, "24": 0.0}, "ev": {"0": 7.6000000000000005, "1": 11.139120128304441, "2": 17.20904291406206, "3": 20.019915306774458, "4": 23.86292879764674, "5": 27.437756680313598, "6": 29.891255743950254, "7": 24.85559067994502, "8": 23.696005479321254, "9": 16.28588966493971, "10": 25.00422394681003, "11": 29.129512258517778, "12": 23.94744273663943, "13": 28.65627683568063, "14": 38.0, "15": 35.334619755692934, "16": 33.75362374535376, "17": 34.63253544691804, "18": 27.369279880943473, "19": 16.369279880943473, "20": 5.369279880943473, "21": 0.0, "22": 4.756475192855678, "23": 0.0, "24": 7.6000000000000005}}, "dual_con1": {"0": 0.0, "1": 0.0, "2": 0.0, "3": 0.0, "4": 0.0, "5": 0.0, "6": 0.0, "7": 0.0, "8": 0.0, "9": 0.0, "10": 0.0, "11": 0.0, "12": 0.0, "13": 0.0, "14": 0.0, "15": -2.064, "16": -2.064, "17": -2.064, "18": -2.064, "19": -2.064, "20": -2.064, "21": -2.064, "22": -2.064, "23": -2.064, "24": 0.0}, "dual_con2": {"0": 0.0, "1": -0.128, "2": -0.128, "3": -0.128, "4": -0.128, "5": -0.128, "6": -0.128, "7": -0.128, "8": -0.128, "9": -0.128, "10": -0.128, "11": -0.128, "12": -0.128, "13": -0.128, "14": -0.128, "15": -0.3, "16": -0.3, "17": -0.3, "18": -0.3, "19": -0.3, "20": -0.3, "21": -0.3, "22": -0.3, "23": -0.3, "24": -0.128}}