{"u": {"0": 0.0, "1": 1.0, "2": 1.0, "3": 1.0, "4": 1.0, "5": 1.0, "6": 1.0, "7": 1.0, "8": 1.0, "9": 1.0, "10": 1.0, "11": 1.0, "12": 1.0, "13": 1.0, "14": 1.0, "15": 1.0, "16": 1.0, "17": 1.0, "18": 1.0, "19": 1.0, "20": 1.0, "21": 1.0, "22": 1.0, "23": 1.0, "24": 1.0}, "p1": {"0": 0.0, "1": 4.1890430675732055, "2": 5.7775652494316585, "3": 0.0, "4": 0.0, "5": 0.8866951996380735, "6": 9.61419598822335, "7": 7.263399691502408, "8": 11.91956364813164, "9": 14.162652413431996, "10": 19.76131642621677, "11": 17.61583715830657, "12": 7.751669571507044, "13": 9.189143352494284, "14": 13.054559506010175, "15": 6.154467514941466, "16": 4.774826947697077, "17": 4.828841321961001, "18": 4.320101697536469, "19": 2.211302188944458, "20": 9.09327836292315, "21": 17.5872766468075, "22": 25.83553910457347, "23": 20.643716155011383, "24": 0.0}, "pg": {"0": 0, "1": 5.0, "2": 10.0, "3": 12.0, "4": 12.0, "5": 12.0, "6": 12.0, "7": 12.0, "8": 12.0, "9": 12.0, "10": 12.0, "11": 12.0, "12": 10.652068964776912, "13": 5.6520689647769125, "14": 10.652068964776912, "15": 11.569138720110262, "16": 6.569138720110262, "17": 11.569138720110262, "18": 12.0, "19": 12.0, "20": 12.0, "21": 12.0, "22": 12.0, "23": 11.242735989861478, "24": 6.242735989861478}, "p2": {"0": 0, "1": 0.0, "2": 0.0, "3": 0.0, "4": 0.0, "5": 0.0, "6": 0.0, "7": 0.0, "8": 0.0, "9": 0.0, "10": 0.0, "11": 0.0, "12": 0.0, "13": 0.0, "14": 0.0, "15": 0.0, "16": 0.0, "17": 0.0, "18": 0.0, "19": 0.0, "20": 0.0, "21": 0.0, "22": 0.0, "23": 0.0, "24": 0.0}, "stor_net_i": {"battery": {"0": 0, "1": 0.0, "2": 0.0, "3": 0.0, "4": 0.0, "5": 0.0, "6": -5.0, "7": 0.0, "8": 0.0, "9": 0.0, "10": 5.0, "11": 0.0, "12": 0.0, "13": 0.0, "14": -1.4391694125358256, "15": 1.4391694125358256, "16": 0.0, "17": 0.0, "18": -5.0, "19": 0.13682093126855932, "20": 4.863179068731441, "21": 0.0, "22": -5.0, "23": 0.0, "24": 5.0}, "ev": {"0": 0, "1": -3.618437816731168, "2": -6.2294604188139004, "3": -2.8108723927123958, "4": -3.843013490872284, "5": -3.56292204669373, "6": -2.6669849104949748, "7": 5.070292738385465, "8": 1.2551722639730336, "9": 2.3635527718420413, "10": -8.725612716111488, "11": -4.121843370020109, "12": 6.3572370835798075, "13": 1.1328923046697064, "14": -11.0, "15": 0.9376442358606187, "16": 2.2655585790651678, "17": 0.32106364935184395, "18": 10.921293633884307, "19": 11.0, "20": 9.440062563510487, "21": 3.114377338327575, "22": -3.953493355015425, "23": -5.9387598966308435, "24": -1.507746748353732}}, "stor_level": {"battery": {"0": 0, "1": 0.0, "2": 0.0, "3": 0.0, "4": 0.0, "5": 0.0, "6": 5.0, "7": 5.0, "8": 5.0, "9": 5.0, "10": 0.0, "11": 0.0, "12": 0.0, "13": 0.0, "14": 1.4391694125358256, "15": 0.0, "16": 0.0, "17": 0.0, "18": 5.0, "19": 4.863179068731441, "20": 0.0, "21": 0.0, "22": 5.0, "23": 5.0, "24": 0.0}, "ev": {"0": 7.6000000000000005, "1": 11.218437816731168, "2": 17.44789823554507, "3": 20.258770628257466, "4": 24.10178411912975, "5": 27.664706165823482, "6": 30.331691076318457, "7": 25.26139833793299, "8": 24.006226073959958, "9": 21.642673302117917, "10": 30.368286018229405, "11": 34.490129388249514, "12": 28.132892304669706, "13": 27.0, "14": 38.0, "15": 37.06235576413938, "16": 34.79679718507421, "17": 34.47573353572237, "18": 23.554439901838062, "19": 12.554439901838062, "20": 3.114377338327575, "21": 0.0, "22": 3.953493355015425, "23": 9.892253251646268, "24": 11.4}}, "dual_con1": {"0": 0.0, "1": 0.0, "2": 0.0, "3": 0.0, "4": 0.0, "5": 0.0, "6": 0.0, "7": 0.0, "8": 0.0, "9": 0.0, "10": 0.0, "11": 0.0, "12": 0.0, "13": 0.0, "14": 0.0, "15": 0.0, "16": 0.0, "17": 0.0, "18": 0.0, "19": 0.0, "20": 0.0, "21": 0.0, "22": 0.0, "23": 0.0, "24": 0.0}, "dual_con2": {"0": 0.0, "1": -0.128, "2": -0.128, "3": -0.128, "4": -0.128, "5": -0.128, "6": -0.128, "7": -0.128, "8": -0.128, "9": -0.128, "10": -0.128, "11": -0.128, "12": -0.128, "13": -0.128, "14": -0.128, "15": -0.128, "16": -0.128, "17": -0.128, "18": -0.128, "19": -0.128, "20": -0.128, "21": -0.128, "22": -0.128, "23": -0.128, "24": -0.128}}