{"u": {"0": 0, "1": 1.0, "2": 1.0, "3": 1.0, "4": 1.0, "5": 1.0, "6": 1.0, "7": 1.0, "8": 1.0, "9": 1.0, "10": 1.0, "11": 1.0, "12": 1.0, "13": 1.0, "14": 1.0, "15": 1.0, "16": 1.0, "17": 1.0, "18": 1.0, "19": 1.0, "20": 1.0, "21": 1.0, "22": 1.0, "23": 1.0, "24": 1.0}, "p1": {"0": 0, "1": 4.1890430675732055, "2": 5.7775652494316585, "3": 0.0, "4": 0.0, "5": 0.8866951996380735, "6": 9.61419598822335, "7": 7.263399691502408, "8": 11.91956364813164, "9": 14.162652413431996, "10": 19.76131642621677, "11": 17.61583715830657, "12": 7.751669571507044, "13": 9.189143352494284, "14": 13.054559506010175, "15": 6.154467514941466, "16": 4.774826947697077, "17": 4.828841321961001, "18": 4.320101697536469, "19": 2.211302188944458, "20": 9.09327836292315, "21": 17.5872766468075, "22": 25.83553910457347, "23": 20.643716155011383, "24": 0.0}, "alpha": {"0": 0, "1": 1.056246988917093, "2": 1.455153792451516, "3": 1.990465888643983, "4": 1.5711493077502992, "5": 2.1777097005722057, "6": 1.9136712483005316, "7": 1.8990900925495993, "8": 1.6758109055609456, "9": 1.628234275970924, "10": 1.679575072135588, "11": 1.654668852508593, "12": 1.738659128548226, "13": 1.8594469942520429, "14": 1.8735721481974301, "15": 1.3308729465261675, "16": 1.5452718601721462, "17": 1.9540076034119416, "18": 2.2450794907393297, "19": 2.3415893433168398, "20": 2.345742158709719, "21": 1.6914340303673054, "22": 1.4644802686287468, "23": 1.5601271534972847, "24": 1.0930249361683197}}