{"u": {"0": 0, "1": 1.0, "2": 1.0, "3": 1.0, "4": 1.0, "5": 1.0, "6": 1.0, "7": 1.0, "8": 1.0, "9": 1.0, "10": 1.0, "11": 1.0, "12": 1.0, "13": 1.0, "14": 1.0, "15": 1.0, "16": 1.0, "17": 1.0, "18": 1.0, "19": 1.0, "20": 1.0, "21": 1.0, "22": 1.0, "23": 1.0, "24": 1.0}, "p1": {"0": 0, "1": 7.833955766098125, "2": 7.255842121759381, "3": 1.82982213872857, "4": 0.0, "5": 0.0, "6": 7.570078000148108, "7": 5.215601624311185, "8": 15.834367848760158, "9": 9.573110871835405, "10": 23.824686823879937, "11": 13.796719063482435, "12": 19.852075998395566, "13": 5.29438255163765, "14": 9.560839428739879, "15": 0.0, "16": 7.521654904423697, "17": 0.5613589270575225, "18": 13.56656600304184, "19": 8.65498160692771, "20": 22.44659678911214, "21": 16.89553161947158, "22": 19.1507083748737, "23": 2.386642238003125, "24": 4.2334710937659565}, "alpha": {"0": 0, "1": 0.9206724767417254, "2": 1.5915067841439772, "3": 2.1263324580357796, "4": 1.4333332530510505, "5": 1.490305142889508, "6": 1.6739691899113665, "7": 1.5283795127069184, "8": 1.596129645372518, "9": 1.6215867384497937, "10": 1.6320939528367684, "11": 1.5625742809557435, "12": 1.6434972004819435, "13": 1.7903752345089388, "14": 1.8615781713784048, "15": 1.7797744278299539, "16": 1.8639135286732154, "17": 1.9965723218828813, "18": 1.7536001990879426, "19": 1.508705229805772, "20": 1.6593909632670876, "21": 2.034830514159123, "22": 2.4118743312619086, "23": 2.5988829216194, "24": 1.5219293072916658}}