{"u": {"0": 0.0, "1": 1.0, "2": 1.0, "3": 1.0, "4": 1.0, "5": 1.0, "6": 1.0, "7": 1.0, "8": 1.0, "9": 1.0, "10": 1.0, "11": 1.0, "12": 1.0, "13": 1.0, "14": 1.0, "15": 1.0, "16": 1.0, "17": 1.0, "18": 1.0, "19": 1.0, "20": 1.0, "21": 1.0, "22": 1.0, "23": 1.0, "24": 1.0}, "p1": {"0": 0.0, "1": 2.426732880425245, "2": 3.597566456066481, "3": 0.0, "4": 0.0, "5": 3.4514410560538185, "6": 10.088978106629579, "7": 7.563269890262975, "8": 12.13083921581298, "9": 13.421553790633192, "10": 18.921168692140075, "11": 16.888883126411546, "12": 3.966727584673734, "13": 9.10158033350283, "14": 17.339189868737886, "15": 8.840472699339447, "16": 7.417290874156347, "17": 6.097075443258719, "18": 4.959400372766833, "19": 2.507636213753484, "20": 9.50957347153027, "21": 17.731680527583574, "22": 27.9416810441353, "23": 19.732366251311973, "24": 8.530179403440656}, "pg": {"0": 0, "1": 5.0, "2": 10.0, "3": 12.0, "4": 12.0, "5": 12.0, "6": 12.0, "7": 12.0, "8": 12.0, "9": 12.0, "10": 12.0, "11": 12.0, "12": 12.0, "13": 10.876478563398367, "14": 5.876478563398367, "15": 5.865841817823943, "16": 7.0, "17": 12.0, "18": 12.0, "19": 12.0, "20": 12.0, "21": 12.0, "22": 12.0, "23": 12.0, "24": 12.0}, "p2": {"0": 0, "1": 0.0, "2": 0.0, "3": 0.0, "4": 0.0, "5": 0.0, "6": 0.0, "7": 0.0, "8": 0.0, "9": 0.0, "10": 0.0, "11": 0.0, "12": 0.0, "13": 0.0, "14": 0.0, "15": 0.0, "16": 0.0, "17": 0.0, "18": 0.0, "19": 0.0, "20": 0.0, "21": 0.0, "22": 0.0, "23": 0.0, "24": 0.0}, "stor_net_i": {"battery": {"0": 0, "1": 0.0, "2": 0.0, "3": 0.0, "4": 0.0, "5": 0.0, "6": -5.0, "7": 0.0, "8": 0.0, "9": 0.0, "10": 0.0, "11": 0.0, "12": 0.0, "13": 5.0, "14": -0.9482093738849908, "15": 0.9482093738849908, "16": 0.0, "17": 0.0, "18": -4.8404869064595335, "19": -0.1595130935404665, "20": 2.8869465236348084, "21": -0.6474470640546883, "22": -2.23949945958012, "23": 4.795190161932908, "24": 0.2048098380670922}, "ev": {"0": 0, "1": -1.8561276295832076, "2": -4.049461625448723, "3": -2.8108723927123958, "4": -3.843013490872284, "5": -6.127667903109476, "6": -3.141767028901203, "7": 4.770422539624896, "8": 1.043896696291693, "9": 3.104651394640845, "10": -2.8854649820347937, "11": -3.394889338125086, "12": 8.79424803519003, "13": -9.003954274960293, "14": -11.0, "15": 4.445895992399791, "16": -0.80776662728384, "17": -1.3780317518356124, "18": 10.122481865113478, "19": 11.0, "20": 11.0, "21": 3.6174205216061885, "22": -8.820135834997139, "23": -10.579864165002864, "24": -11.0}}, "stor_level": {"battery": {"0": 0, "1": 0.0, "2": 0.0, "3": 0.0, "4": 0.0, "5": 0.0, "6": 5.0, "7": 5.0, "8": 5.0, "9": 5.0, "10": 5.0, "11": 5.0, "12": 5.0, "13": 0.0, "14": 0.9482093738849908, "15": 0.0, "16": 0.0, "17": 0.0, "18": 4.8404869064595335, "19": 5.0, "20": 2.1130534763651916, "21": 2.76050054041988, "22": 5.0, "23": 0.2048098380670922, "24": 0.0}, "ev": {"0": 7.6000000000000005, "1": 9.456127629583207, "2": 13.50558925503193, "3": 16.316461647744326, "4": 20.15947513861661, "5": 26.287143041726086, "6": 29.42891007062729, "7": 24.658487531002393, "8": 23.6145908347107, "9": 20.509939440069857, "10": 23.39540442210465, "11": 26.790293760229737, "12": 17.996045725039707, "13": 27.0, "14": 38.0, "15": 33.55410400760021, "16": 34.36187063488405, "17": 35.73990238671966, "18": 25.61742052160619, "19": 14.617420521606189, "20": 3.6174205216061885, "21": 0.0, "22": 8.820135834997139, "23": 19.400000000000002, "24": 30.400000000000002}}, "dual_con1": {"0": 0.0, "1": 0.0, "2": 0.0, "3": 0.0, "4": 0.0, "5": 0.0, "6": 0.0, "7": 0.0, "8": 0.0, "9": 0.0, "10": 0.0, "11": 0.0, "12": 0.0, "13": 0.0, "14": 0.0, "15": 0.0, "16": 0.0, "17": 0.0, "18": 0.0, "19": 0.0, "20": 0.0, "21": 0.0, "22": 0.0, "23": 0.0, "24": 0.0}, "dual_con2": {"0": 0.0, "1": -0.128, "2": -0.128, "3": -0.128, "4": -0.128, "5": -0.128, "6": -0.128, "7": -0.128, "8": -0.128, "9": -0.128, "10": -0.128, "11": -0.128, "12": -0.128, "13": -0.128, "14": -0.128, "15": -0.128, "16": -0.128, "17": -0.128, "18": -0.128, "19": -0.128, "20": -0.128, "21": -0.128, "22": -0.128, "23": -0.128, "24": -0.128}}