{"u": {"0": 0, "1": 1.0, "2": 1.0, "3": 1.0, "4": 1.0, "5": 1.0, "6": 1.0, "7": 1.0, "8": 1.0, "9": 1.0, "10": 1.0, "11": 1.0, "12": 1.0, "13": 1.0, "14": 1.0, "15": 1.0, "16": 1.0, "17": 1.0, "18": 1.0, "19": 1.0, "20": 1.0, "21": 1.0, "22": 1.0, "23": 1.0, "24": 1.0}, "p1": {"0": 0, "1": 4.109725379146479, "2": 5.618027616375375, "3": 0.0, "4": 0.0, "5": 0.8986010356112004, "6": 9.40071014136503, "7": 7.298027365882639, "8": 12.015150711480906, "9": 14.11608937089249, "10": 19.7540379919756, "11": 17.61928209999421, "12": 7.578906097985417, "13": 9.143362064886027, "14": 13.611182222570635, "15": 0.4350396391411042, "16": 0.028528236533331253, "17": 5.597955392987391, "18": 6.213752772781323, "19": 4.112510112877903, "20": 8.7108869163204, "21": 16.745147352690108, "22": 21.63852094241372, "23": 3.265746918009892, "24": 7.421512321720801}, "alpha": {"0": 0, "1": 1.0728602954451074, "2": 1.5066450823683981, "3": 1.9845145435996807, "4": 1.5199817544676772, "5": 2.1738079497802683, "6": 1.97744700235802, "7": 1.8770917902355324, "8": 1.633784786556172, "9": 1.6422031887327744, "10": 1.6817586024079385, "11": 1.6787153700023074, "12": 1.7915381706047127, "13": 1.8686813805345204, "14": 1.7017853332293253, "15": 2.8430881082578257, "16": 2.878371529040118, "17": 1.7327233821040362, "18": 2.137874168165906, "19": 2.3081369661368494, "20": 2.3225173210002588, "21": 1.8539591895893306, "22": 1.7436237172765758, "23": 1.713435313642883, "24": 1.589546303484096}}