{"u": {"0": 0.0, "1": 1.0, "2": 1.0, "3": 1.0, "4": 1.0, "5": 1.0, "6": 1.0, "7": 1.0, "8": 1.0, "9": 1.0, "10": 1.0, "11": 1.0, "12": 1.0, "13": 1.0, "14": 1.0, "15": 1.0, "16": 1.0, "17": 1.0, "18": 1.0, "19": 1.0, "20": 1.0, "21": 1.0, "22": 1.0, "23": 1.0, "24": 1.0}, "p1": {"0": 0.0, "1": 4.178644051603527, "2": 5.91580557993913, "3": 0.0, "4": 0.0, "5": 0.9002338859016881, "6": 9.535557292416565, "7": 7.162995217998278, "8": 11.73487092669922, "9": 14.296834350203506, "10": 19.808161780913125, "11": 17.595826625243316, "12": 7.7482291654155055, "13": 9.264719422389478, "14": 13.107918305737025, "15": 6.11403433228617, "16": 4.724624757399866, "17": 4.823891249403136, "18": 4.269770574407271, "19": 2.1596936157852014, "20": 8.993703110372051, "21": 17.754120076262268, "22": 25.657307124298057, "23": 19.87150805755865, "24": 0.0}, "pg": {"0": 0, "1": 5.0, "2": 7.0, "3": 12.0, "4": 12.0, "5": 12.0, "6": 12.0, "7": 12.0, "8": 12.0, "9": 12.0, "10": 12.0, "11": 12.0, "12": 9.452882149801727, "13": 12.0, "14": 12.0, "15": 8.986385551162002, "16": 8.884899489472641, "17": 8.405557497127127, "18": 12.0, "19": 12.0, "20": 12.0, "21": 12.0, "22": 10.235912057451102, "23": 12.0, "24": 12.0}, "p2": {"0": 0, "1": 0.0, "2": 0.0, "3": 0.0, "4": 0.0, "5": 0.0, "6": 0.0, "7": 0.0, "8": 0.0, "9": 0.0, "10": 0.0, "11": 0.0, "12": 0.0, "13": 0.0, "14": 0.0, "15": 0.0, "16": 0.0, "17": 0.0, "18": 0.0, "19": 0.0, "20": 0.0, "21": 0.0, "22": 0.0, "23": 0.0, "24": 0.0}, "stor_net_i": {"battery": {"0": 0, "1": 0.0, "2": 0.0, "3": 0.0, "4": 0.0, "5": 0.0, "6": -5.0, "7": 0.0, "8": 0.0, "9": 0.0, "10": 0.0, "11": 0.0, "12": 0.0, "13": 2.8404592474857626, "14": -2.8404592474857626, "15": 5.0, "16": 0.0, "17": 0.0, "18": -5.0, "19": 0.18842950442781614, "20": 3.402816884793028, "21": 1.408753610779156, "22": -5.0, "23": 0.0, "24": 5.0}, "ev": {"0": 0, "1": -3.6080388007614896, "2": -3.367700749321372, "3": -2.8108723927123958, "4": -3.843013490872284, "5": -3.5764607329573455, "6": -2.5883462146881886, "7": 5.170697211889596, "8": 1.4398649854054533, "9": 2.2293708350705312, "10": -3.7724580708078435, "11": -4.101832836956856, "12": 7.559864304646531, "13": -8.131074047934337, "14": -11.0, "15": 0.0, "16": 0.0, "17": 3.4895949448928434, "18": 10.971624757013505, "19": 11.0, "20": 11.0, "21": 1.5387802980936502, "22": -2.0111734321911143, "23": -5.923815809316633, "24": -7.265010758492254}}, "stor_level": {"battery": {"0": 0, "1": 0.0, "2": 0.0, "3": 0.0, "4": 0.0, "5": 0.0, "6": 5.0, "7": 5.0, "8": 5.0, "9": 5.0, "10": 5.0, "11": 5.0, "12": 5.0, "13": 2.1595407525142374, "14": 5.0, "15": 0.0, "16": 0.0, "17": 0.0, "18": 5.0, "19": 4.811570495572184, "20": 1.408753610779156, "21": 0.0, "22": 5.0, "23": 5.0, "24": 0.0}, "ev": {"0": 7.6000000000000005, "1": 11.20803880076149, "2": 14.575739550082861, "3": 17.386611942795255, "4": 21.22962543366754, "5": 24.806086166624887, "6": 27.394432381313074, "7": 22.223735169423477, "8": 20.783870184018024, "9": 18.554499348947495, "10": 22.326957419755338, "11": 26.428790256712194, "12": 18.868925952065663, "13": 27.0, "14": 38.0, "15": 38.0, "16": 38.0, "17": 34.51040505510716, "18": 23.53878029809365, "19": 12.53878029809365, "20": 1.5387802980936502, "21": 0.0, "22": 2.0111734321911143, "23": 7.934989241507747, "24": 15.200000000000001}}, "dual_con1": {"0": 0.0, "1": 0.0, "2": 0.0, "3": 0.0, "4": 0.0, "5": 0.0, "6": 0.0, "7": 0.0, "8": 0.0, "9": 0.0, "10": 0.0, "11": 0.0, "12": 0.0, "13": 0.0, "14": 0.0, "15": 0.0, "16": 0.0, "17": 0.0, "18": 0.0, "19": 0.0, "20": 0.0, "21": 0.0, "22": 0.0, "23": 0.0, "24": 0.0}, "dual_con2": {"0": 0.0, "1": -0.128, "2": -0.128, "3": -0.128, "4": -0.128, "5": -0.128, "6": -0.128, "7": -0.128, "8": -0.128, "9": -0.128, "10": -0.128, "11": -0.128, "12": -0.128, "13": -0.128, "14": -0.128, "15": -0.128, "16": -0.128, "17": -0.128, "18": -0.128, "19": -0.128, "20": -0.128, "21": -0.128, "22": -0.128, "23": -0.128, "24": -0.128}}