{"u": {"0": 0, "1": 1.0, "2": 1.0, "3": 1.0, "4": 1.0, "5": 1.0, "6": 1.0, "7": 1.0, "8": 1.0, "9": 1.0, "10": 1.0, "11": 1.0, "12": 1.0, "13": 1.0, "14": 1.0, "15": 1.0, "16": 1.0, "17": 1.0, "18": 1.0, "19": 1.0, "20": 1.0, "21": 1.0, "22": 1.0, "23": 1.0, "24": 1.0}, "p1": {"0": 0, "1": 4.170684188990993, "2": 5.883843697642167, "3": 0.0, "4": 0.0, "5": 0.837002953058298, "6": 9.5340578644857, "7": 7.223267706229233, "8": 11.811929472887371, "9": 14.193841374472393, "10": 19.789062868918528, "11": 17.6824353211491, "12": 7.787533862645439, "13": 9.260045228961728, "14": 13.087350408994737, "15": 6.085237236648769, "16": 4.746472201376761, "17": 4.872384714190854, "18": 4.321144921776948, "19": 2.2837744452191515, "20": 9.077038793751942, "21": 18.011648906754047, "22": 24.94376026879395, "23": 20.307876678880564, "24": 2.2077086618016413}, "alpha": {"0": 0, "1": 1.0617546524917563, "2": 1.4232702579883667, "3": 1.9833280212002353, "4": 1.5746629650263213, "5": 2.192287374546137, "6": 1.9383726854218248, "7": 1.9038996881315513, "8": 1.6998211581342255, "9": 1.6188775876588053, "10": 1.6712511393250615, "11": 1.6498694036558383, "12": 1.7278998412067081, "13": 1.8381764313118116, "14": 1.8637348773020623, "15": 1.3414192408974535, "16": 1.5481940808281076, "17": 1.9421925857429874, "18": 2.245426523467186, "19": 2.3199976664344346, "20": 2.3452143437389585, "21": 1.6237749578039826, "22": 1.80407391936258, "23": 1.703427395373124, "24": 2.0805370024230916}}