{"u": {"0": 0.0, "1": 1.0, "2": 1.0, "3": 1.0, "4": 1.0, "5": 1.0, "6": 1.0, "7": 1.0, "8": 1.0, "9": 1.0, "10": 1.0, "11": 1.0, "12": 1.0, "13": 1.0, "14": 1.0, "15": 1.0, "16": 1.0, "17": 1.0, "18": 1.0, "19": 1.0, "20": 1.0, "21": 1.0, "22": 1.0, "23": 1.0, "24": 1.0}, "p1": {"0": 0.0, "1": 6.447240228550822, "2": 6.211562801797031, "3": 0.0, "4": 0.0, "5": 0.0, "6": 10.477780129139441, "7": 7.909949340805245, "8": 11.760995066228558, "9": 13.088959335040999, "10": 18.615160920187453, "11": 16.537706727538286, "12": 3.497898450547371, "13": 8.738743036911718, "14": 17.539770753495805, "15": 8.880553497107655, "16": 8.33390687044591, "17": 6.858254351300655, "18": 6.280286250169233, "19": 2.219831061493011, "20": 10.163371839781274, "21": 19.153187233258414, "22": 27.99365566748927, "23": 19.608994489934492, "24": 11.91560808981668}, "pg": {"0": 0, "1": 5.0, "2": 10.0, "3": 12.0, "4": 12.0, "5": 12.0, "6": 12.0, "7": 12.0, "8": 9.437245850233039, "9": 4.4372458502330385, "10": 6.328398627025585, "11": 11.328398627025585, "12": 12.0, "13": 12.0, "14": 7.0, "15": 12.0, "16": 12.0, "17": 12.0, "18": 12.0, "19": 12.0, "20": 12.0, "21": 12.0, "22": 12.0, "23": 12.0, "24": 8.819381151691069}, "p2": {"0": 0, "1": 0.0, "2": 0.0, "3": 0.0, "4": 0.0, "5": 0.0, "6": 0.0, "7": 0.0, "8": 0.0, "9": 0.0, "10": 0.0, "11": 0.0, "12": 0.0, "13": 0.0, "14": 0.0, "15": 0.0, "16": 0.0, "17": 0.0, "18": 0.0, "19": 0.0, "20": 0.0, "21": 0.0, "22": 0.0, "23": 0.0, "24": 0.0}, "stor_net_i": {"battery": {"0": 0, "1": 0.0, "2": 0.0, "3": 0.0, "4": 0.0, "5": 0.0, "6": -5.0, "7": 0.0, "8": 0.0, "9": 0.0, "10": 0.0, "11": 0.0, "12": 0.0, "13": 5.0, "14": -2.272311695244543, "15": 2.272311695244543, "16": 0.0, "17": 0.0, "18": -5.0, "19": 0.1282920587200067, "20": 2.2331481553838053, "21": -2.2498302961725862, "22": -0.11160991793122577, "23": 5.0, "24": 0.0}, "ev": {"0": 0, "1": -5.876634977708784, "2": -6.663457971179273, "3": -2.8108723927123958, "4": -3.843013490872284, "5": -2.6762268470556574, "6": -3.5305690514110655, "7": 4.4237430890826275, "8": 3.976494995643076, "9": 11.0, "10": 3.092144162892243, "11": -2.372111566277411, "12": 9.263077169316393, "13": -9.764638414970815, "14": -11.0, "15": -3.0524453089040264, "16": -6.724382623573403, "17": -2.1392106598775484, "18": 8.961109081251543, "19": 11.0, "20": 11.0, "21": 3.798297048049246, "22": -11.0, "23": -10.661302241692475, "24": -11.0}}, "stor_level": {"battery": {"0": 0, "1": 0.0, "2": 0.0, "3": 0.0, "4": 0.0, "5": 0.0, "6": 5.0, "7": 5.0, "8": 5.0, "9": 5.0, "10": 5.0, "11": 5.0, "12": 5.0, "13": 0.0, "14": 2.272311695244543, "15": 0.0, "16": 0.0, "17": 0.0, "18": 5.0, "19": 4.871707941279993, "20": 2.638559785896188, "21": 4.888390082068774, "22": 5.0, "23": 0.0, "24": 0.0}, "ev": {"0": 7.6000000000000005, "1": 13.476634977708784, "2": 20.140092948888057, "3": 22.95096534160045, "4": 26.793978832472735, "5": 29.47020567952839, "6": 33.000774730939455, "7": 28.577031641856827, "8": 24.60053664621375, "9": 13.600536646213751, "10": 10.508392483321508, "11": 12.880504049598919, "12": 3.617426880282526, "13": 13.38206529525334, "14": 24.38206529525334, "15": 27.434510604157367, "16": 34.15889322773077, "17": 36.29810388760832, "18": 27.336994806356774, "19": 16.336994806356774, "20": 5.336994806356774, "21": 1.5386977583075279, "22": 12.538697758307528, "23": 23.200000000000003, "24": 34.2}}, "dual_con1": {"0": 0.0, "1": 0.0, "2": 0.0, "3": 0.0, "4": 0.0, "5": 0.0, "6": 0.0, "7": 0.0, "8": 0.0, "9": 0.0, "10": 0.0, "11": 0.0, "12": 0.0, "13": 0.0, "14": 0.0, "15": 0.0, "16": 0.0, "17": 0.0, "18": 0.0, "19": 0.0, "20": 0.0, "21": 0.0, "22": 0.0, "23": 0.0, "24": 0.0}, "dual_con2": {"0": 0.0, "1": -0.128, "2": -0.128, "3": -0.128, "4": -0.128, "5": -0.128, "6": -0.128, "7": -0.128, "8": -0.128, "9": -0.128, "10": -0.128, "11": -0.128, "12": -0.128, "13": -0.128, "14": -0.128, "15": -0.128, "16": -0.128, "17": -0.128, "18": -0.128, "19": -0.128, "20": -0.128, "21": -0.128, "22": -0.128, "23": -0.128, "24": -0.128}}