{"u": {"0": 0.0, "1": 1.0, "2": 1.0, "3": 1.0, "4": 1.0, "5": 1.0, "6": 1.0, "7": 1.0, "8": 1.0, "9": 1.0, "10": 1.0, "11": 1.0, "12": 1.0, "13": 1.0, "14": 1.0, "15": 1.0, "16": 1.0, "17": 1.0, "18": 1.0, "19": 1.0, "20": 1.0, "21": 1.0, "22": 1.0, "23": 1.0, "24": 1.0}, "p1": {"0": 0.0, "1": 2.369087297527321, "2": 3.337875993102255, "3": 0.0, "4": 0.0, "5": 3.941794566269511, "6": 10.354971121118725, "7": 7.59414031228933, "8": 11.810070281140135, "9": 13.125258435537477, "10": 18.89718883907083, "11": 16.983527008205183, "12": 4.023991167253429, "13": 9.034914681783992, "14": 17.155959507265557, "15": 0.0, "16": 8.109022163829216, "17": 6.223622473430746, "18": 5.047266333988835, "19": 2.420395900482019, "20": 9.659662530548294, "21": 17.526271197153772, "22": 27.77768496565556, "23": 19.729264476189698, "24": 8.528602938683573}, "pg": {"0": 0, "1": 5.0, "2": 10.0, "3": 12.0, "4": 12.0, "5": 12.0, "6": 12.0, "7": 12.0, "8": 12.0, "9": 12.0, "10": 12.0, "11": 12.0, "12": 12.0, "13": 12.0, "14": 12.0, "15": 12.0, "16": 12.0, "17": 12.0, "18": 12.0, "19": 12.0, "20": 12.0, "21": 12.0, "22": 12.0, "23": 12.0, "24": 12.0}, "p2": {"0": 0, "1": 2.9289384897369986, "2": 0.0, "3": 0.0, "4": 0.0, "5": 0.0, "6": 0.0, "7": 0.0, "8": 0.0, "9": 0.0, "10": 0.0, "11": 0.0, "12": 0.0, "13": 0.0, "14": 0.0, "15": 0.0, "16": 0.0, "17": 0.0, "18": 0.0, "19": 0.0, "20": 0.9287270567916526, "21": 15.653182763170339, "22": 0.0, "23": 0.0, "24": 0.24640288809986188}, "stor_net_i": {"battery": {"0": 0, "1": 0.0, "2": 0.0, "3": 0.0, "4": 0.0, "5": 0.0, "6": 0.0, "7": 0.0, "8": 0.0, "9": -5.0, "10": 0.0, "11": 0.0, "12": 5.0, "13": 0.0, "14": 0.0, "15": 0.0, "16": 0.0, "17": -3.9511583524625333, "18": -1.0488416475374667, "19": 4.694953779441136, "20": 0.30504622055886443, "21": 0.0, "22": 0.0, "23": -2.2408584747090288, "24": 2.2408584747090288}, "ev": {"0": 0, "1": -2.2254451571117144, "2": -7.888473916718178, "3": -2.153075789109245, "4": -0.7360233783439032, "5": -1.4457150767548743, "6": -4.768193421809615, "7": 2.5248336137540264, "8": -0.11770939718672224, "9": -0.5563766647321717, "10": 1.3503829274137544, "11": -1.5395095843362618, "12": 0.11819819131556208, "13": 2.6266518324728274, "14": -10.211613381095049, "15": 3.260193138939929, "16": -8.638123936698367, "17": 5.660828198859388, "18": 11.0, "19": 10.339171801140608, "20": 11.0, "21": 0.0, "22": -10.679102233129292, "23": -8.72089776687071, "24": -11.0}}, "stor_level": {"battery": {"0": 0, "1": 0.0, "2": 0.0, "3": 0.0, "4": 0.0, "5": 0.0, "6": 0.0, "7": 0.0, "8": 0.0, "9": 5.0, "10": 5.0, "11": 5.0, "12": 0.0, "13": 0.0, "14": 0.0, "15": 0.0, "16": 0.0, "17": 3.9511583524625333, "18": 5.0, "19": 0.30504622055886443, "20": 0.0, "21": 0.0, "22": 0.0, "23": 2.2408584747090288, "24": 0.0}, "ev": {"0": 7.6000000000000005, "1": 9.825445157111714, "2": 17.713919073829892, "3": 19.866994862939137, "4": 20.60301824128304, "5": 22.04873331803791, "6": 26.816926739847524, "7": 24.292093126093498, "8": 24.40980252328022, "9": 24.966179188012394, "10": 23.61579626059864, "11": 25.1553058449349, "12": 25.03710765361934, "13": 22.410455821146513, "14": 32.62206920224156, "15": 29.361876063301633, "16": 38.0, "17": 32.33917180114061, "18": 21.33917180114061, "19": 11.0, "20": 0.0, "21": 0.0, "22": 10.679102233129292, "23": 19.400000000000002, "24": 30.400000000000002}}, "dual_con1": {"0": 0.0, "1": 0.0, "2": 0.0, "3": -2.064, "4": -2.064, "5": -2.064, "6": -2.064, "7": -2.064, "8": -2.064, "9": -2.064, "10": -2.064, "11": -2.064, "12": -2.064, "13": -2.064, "14": -2.064, "15": -2.064, "16": -2.064, "17": -2.064, "18": -2.064, "19": -2.064, "20": -2.064, "21": -2.064, "22": -2.064, "23": -2.064, "24": -2.064}, "dual_con2": {"0": 0.0, "1": -0.3, "2": -0.3, "3": -0.3, "4": -0.3, "5": -0.3, "6": -0.3, "7": -0.3, "8": -0.3, "9": -0.3, "10": -0.3, "11": -0.3, "12": -0.3, "13": -0.3, "14": -0.3, "15": -0.3, "16": -0.3, "17": -0.3, "18": -0.3, "19": -0.3, "20": -0.3, "21": -0.3, "22": -0.3, "23": -0.3, "24": -0.3}}