stor_level,time,iterations
4,0.5960800647735596,3
TOTAL,0.6259939670562744,0
