stor_level,time,iterations
4,0.7005112171173096,3
TOTAL,0.706895112991333,0
