stor_level,time,iterations
4,0.7708511352539062,3
TOTAL,0.7780368328094482,0
