{"u": {"0": 0.0, "1": 1.0, "2": 1.0, "3": 1.0, "4": 1.0, "5": 1.0, "6": 1.0, "7": 1.0, "8": 1.0, "9": 1.0, "10": 1.0, "11": 1.0, "12": 1.0, "13": 1.0, "14": 1.0, "15": 1.0, "16": 1.0, "17": 1.0, "18": 1.0, "19": 1.0, "20": 1.0, "21": 1.0, "22": 1.0, "23": 1.0, "24": 1.0}, "p1": {"0": 0.0, "1": 0.0, "2": 0.0, "3": 0.0, "4": 0.0, "5": 0.0, "6": 3.9999999999999987, "7": 10.0, "8": 11.999999999999996, "9": 13.999999999999998, "10": 20.0, "11": 18.000000000000004, "12": 16.000000000000004, "13": 10.0, "14": 5.999999999999996, "15": 3.9999999999999987, "16": 3.9999999999999987, "17": 8.0, "18": 11.999999999999996, "19": 16.000000000000004, "20": 21.999999999999996, "21": 26.000000000000004, "22": 18.000000000000004, "23": 10.0, "24": 0.0}, "pg": {"0": 0, "1": 8.0, "2": 8.0, "3": 10.0, "4": 10.0, "5": 10.0, "6": 12.000000000000002, "7": 12.0, "8": 12.000000000000004, "9": 12.000000000000002, "10": 12.0, "11": 11.999999999999996, "12": 11.999999999999996, "13": 12.0, "14": 12.000000000000004, "15": 12.000000000000002, "16": 12.000000000000002, "17": 12.0, "18": 12.000000000000004, "19": 11.999999999999996, "20": 12.000000000000004, "21": 11.999999999999996, "22": 11.999999999999996, "23": 12.0, "24": 12.0}, "p2": {"0": 0, "1": 0.0, "2": 0.0, "3": 0.0, "4": 0.0, "5": 0.0, "6": 0.0, "7": 0.0, "8": 0.0, "9": 0.0, "10": 0.0, "11": 0.0, "12": 0.0, "13": 0.0, "14": 0.0, "15": 0.0, "16": 0.0, "17": 0.0, "18": 0.0, "19": 0.0, "20": 0.0, "21": 0.0, "22": 0.0, "23": 0.0, "24": 0.0}, "dual_con1": {"0": 0.0, "1": 0.0, "2": 0.0, "3": 0.0, "4": 0.0, "5": 0.0, "6": 0.0, "7": 0.0, "8": 0.0, "9": 0.0, "10": 0.0, "11": 0.0, "12": 0.0, "13": 0.0, "14": 0.0, "15": 0.0, "16": 0.0, "17": 0.0, "18": 0.0, "19": 0.0, "20": 0.0, "21": 0.0, "22": 0.0, "23": 0.0, "24": 0.0}, "dual_con2": {"0": 0.0, "1": -0.128, "2": -0.128, "3": -0.128, "4": -0.128, "5": -0.128, "6": -0.128, "7": -0.128, "8": -0.128, "9": -0.128, "10": -0.128, "11": -0.128, "12": -0.128, "13": -0.128, "14": -0.128, "15": -0.128, "16": -0.128, "17": -0.128, "18": -0.128, "19": -0.128, "20": -0.128, "21": -0.128, "22": -0.128, "23": -0.128, "24": -0.128}}