stor_level,time,iterations
4,1.0578129291534424,5
TOTAL,1.0633652210235596,0
