{"u": {"0": 0.0, "1": 1.0, "2": 1.0, "3": 1.0, "4": 1.0, "5": 1.0, "6": 1.0, "7": 1.0, "8": 1.0, "9": 1.0, "10": 1.0, "11": 1.0, "12": 1.0, "13": 1.0, "14": 1.0, "15": 1.0, "16": 1.0, "17": 1.0, "18": 1.0, "19": 1.0, "20": 1.0, "21": 1.0, "22": 1.0, "23": 1.0, "24": 1.0}, "p1": {"0": 0.0, "1": 1.412403100775193, "2": 0.0, "3": 0.0, "4": 0.0, "5": 0.0, "6": 2.139534883720927, "7": 10.0, "8": 36.358831800973505, "9": 0.0, "10": 7.382866414277991, "11": 17.4046511627907, "12": 22.973643410852716, "13": 33.49457364341086, "14": 12.836372814133764, "15": 22.59116639625023, "16": 0.0, "17": 13.055813953488366, "18": 3.1897674418604662, "19": 14.184186046511629, "20": 30.395110870740947, "21": 26.000000000000004, "22": 14.27906976744186, "23": 10.0, "24": 0.0}, "pg": {"0": 0, "1": 5.0, "2": 8.0, "3": 11.0, "4": 12.0, "5": 12.0, "6": 12.0, "7": 12.0, "8": 12.0, "9": 12.0, "10": 12.0, "11": 12.0, "12": 7.0, "13": 2.981272760050471, "14": 7.981272760050471, "15": 12.0, "16": 12.0, "17": 12.0, "18": 12.0, "19": 12.0, "20": 7.325819361817194, "21": 12.0, "22": 12.0, "23": 12.0, "24": 12.0}, "p2": {"0": 0, "1": 1.587596899224807, "2": 0.0, "3": 0.0, "4": 0.0, "5": 0.0, "6": 0.0, "7": 0.0, "8": 0.0, "9": 0.0, "10": 0.0, "11": 0.0, "12": 0.0, "13": 0.0, "14": 0.0, "15": 0.0, "16": 0.0, "17": 0.0, "18": 3.8102325581395338, "19": 1.8158139534883713, "20": 0.0, "21": 0.0, "22": 0.0, "23": 0.0, "24": 0.0}, "stor_net_i": {"battery": {"0": null, "1": 0.0, "2": 0.0, "3": -1.0, "4": -2.0, "5": -2.0, "6": 1.860465116279073, "7": 0.0, "8": -1.860465116279073, "9": 0.0, "10": 5.0, "11": -0.685884261763114, "12": 0.685884261763114, "13": -5.0, "14": 1.5911663962502303, "15": 3.4088336037497697, "16": -5.0, "17": 0.0, "18": 5.0, "19": 0.0, "20": -3.720930232558141, "21": 0.0, "22": 3.720930232558141, "23": 0.0, "24": 0.0}, "ev_1": {"0": 0, "1": 0, "2": 0, "3": 0, "4": 0, "5": 0, "6": 0, "7": 0, "8": -11.0, "9": 11.0, "10": 3.799999999999997, "11": -11.0, "12": 0.0, "13": 11.0, "14": -4.408811970434465, "15": -11.0, "16": 11.0, "17": -10.791188029565534, "18": 0, "19": 0, "20": 0, "21": 0, "22": 0, "23": 0, "24": 0}, "ev_2": {"0": 0, "1": 0, "2": 0, "3": 0, "4": 0, "5": 0, "6": 0, "7": 0, "8": -0.4983666846944317, "9": -8.0, "10": 11.0, "11": 1.2983666846944288, "12": -1.8595276726158296, "13": -9.47584640346133, "14": 11.0, "15": -11.0, "16": -2.0, "17": -1.8646259239228336, "18": 0, "19": 0, "20": 0, "21": 0, "22": 0, "23": 0, "24": 0}, "ev_3": {"0": 0, "1": 0, "2": 0, "3": 0, "4": 0, "5": 0, "6": 0, "7": 0, "8": -11.0, "9": 11.0, "10": -7.1828664142779886, "11": 10.982866414277986, "12": -0.8000000000000007, "13": -11.0, "14": -11.0, "15": 0.0, "16": 0.0, "17": 7.600000000000001, "18": 0, "19": 0, "20": 0, "21": 0, "22": 0, "23": 0, "24": 0}}, "stor_level": {"battery": {"0": 0, "1": 0.0, "2": 0.0, "3": 1.0, "4": 3.0, "5": 5.0, "6": 3.139534883720927, "7": 3.139534883720927, "8": 5.0, "9": 5.0, "10": 0.0, "11": 0.6858842617631149, "12": 0.0, "13": 5.0, "14": 3.4088336037497697, "15": 0.0, "16": 5.0, "17": 5.0, "18": 0.0, "19": 0.0, "20": 3.720930232558141, "21": 3.720930232558141, "22": 0.0, "23": 0.0, "24": 0.0}, "ev_1": {"0": 0, "1": 0, "2": 0, "3": 0, "4": 0, "5": 0, "6": 0, "7": 0, "8": 22.4, "9": 11.399999999999999, "10": 7.6000000000000005, "11": 18.6, "12": 18.6, "13": 7.6000000000000005, "14": 12.008811970434467, "15": 23.008811970434465, "16": 12.008811970434465, "17": 22.8, "18": 0, "19": 0, "20": 0, "21": 0, "22": 0, "23": 0, "24": 0}, "ev_2": {"0": 0, "1": 0, "2": 0, "3": 0, "4": 0, "5": 0, "6": 0, "7": 0, "8": 11.898366684694432, "9": 19.89836668469443, "10": 8.89836668469443, "11": 7.6000000000000005, "12": 9.459527672615831, "13": 18.935374076077167, "14": 7.935374076077167, "15": 18.935374076077167, "16": 20.935374076077167, "17": 22.8, "18": 0, "19": 0, "20": 0, "21": 0, "22": 0, "23": 0, "24": 0}, "ev_3": {"0": 0, "1": 0, "2": 0, "3": 0, "4": 0, "5": 0, "6": 0, "7": 0, "8": 22.4, "9": 11.399999999999999, "10": 18.582866414277987, "11": 7.6000000000000005, "12": 8.400000000000002, "13": 19.400000000000002, "14": 30.400000000000002, "15": 30.400000000000002, "16": 30.400000000000002, "17": 22.8, "18": 0, "19": 0, "20": 0, "21": 0, "22": 0, "23": 0, "24": 0}}, "dual_con1": {"0": 0.0, "1": 0.0, "2": 0.0, "3": 0.0, "4": 0.0, "5": 0.0, "6": 0.0, "7": 0.0, "8": 0.0, "9": 0.0, "10": 0.0, "11": 0.0, "12": 0.0, "13": 0.0, "14": 0.0, "15": 0.0, "16": 0.0, "17": 0.0, "18": -2.064, "19": -2.064, "20": 0.0, "21": 0.0, "22": 0.0, "23": 0.0, "24": 0.0}, "dual_con2": {"0": 0.0, "1": -0.3, "2": -0.128, "3": -0.128, "4": -0.128, "5": -0.128, "6": -0.128, "7": -0.128, "8": -0.128, "9": -0.128, "10": -0.128, "11": -0.128, "12": -0.128, "13": -0.128, "14": -0.128, "15": -0.128, "16": -0.128, "17": -0.128, "18": -0.3, "19": -0.3, "20": -0.128, "21": -0.128, "22": -0.128, "23": -0.128, "24": -0.128}}