{"u": {"0": 0, "1": 1.0, "2": 1.0, "3": 1.0, "4": 1.0, "5": 1.0, "6": 1.0, "7": 1.0, "8": 1.0, "9": 1.0, "10": 1.0, "11": 1.0, "12": 1.0, "13": 1.0, "14": 1.0, "15": 1.0, "16": 1.0, "17": 1.0, "18": 1.0, "19": 1.0, "20": 1.0, "21": 1.0, "22": 1.0, "23": 1.0, "24": 1.0}, "p1": {"0": 0, "1": 1.412403100775193, "2": 0.0, "3": 0.0, "4": 0.0, "5": 0.0, "6": 2.139534883720927, "7": 10.0, "8": 36.358831800973505, "9": -0.0, "10": 7.382866414277991, "11": 17.4046511627907, "12": 22.973643410852716, "13": 33.49457364341086, "14": 12.836372814133764, "15": 22.59116639625023, "16": 0.0, "17": 13.055813953488366, "18": 3.1897674418604662, "19": 14.184186046511629, "20": 30.395110870740947, "21": 26.000000000000004, "22": 14.27906976744186, "23": 10.0, "24": 0.0}, "alpha": {"0": 0, "1": 1.116279069767442, "2": 1.42336, "3": 1.28, "4": 1.6, "5": 1.5181395348837214, "6": 2.0941395348837215, "7": 1.5359999999999998, "8": 1.8483504597079499, "9": 1.536, "10": 2.0211400757166023, "11": 1.7146046511627904, "12": 2.4439069767441857, "13": 1.327627906976744, "14": 1.2850881557598701, "15": 2.5586500811249318, "16": 0.8269593798449614, "17": 1.7592558139534888, "18": 2.6790697674418604, "19": 2.0807441860465117, "20": 0.13374580854515886, "21": 1.5359999999999996, "22": 2.6522790697674425, "23": 1.5359999999999998, "24": 1.536}}