{"u": {"0": 0, "1": 1.0, "2": 1.0, "3": 1.0, "4": 1.0, "5": 1.0, "6": 1.0, "7": 1.0, "8": 1.0, "9": 1.0, "10": 1.0, "11": 1.0, "12": 1.0, "13": 1.0, "14": 1.0, "15": 1.0, "16": 1.0, "17": 1.0, "18": 1.0, "19": 1.0, "20": 1.0, "21": 1.0, "22": 1.0, "23": 1.0, "24": 1.0}, "p1": {"0": 0, "1": 0.7379452284123573, "2": 0.0, "3": 0.0, "4": 0.0, "5": 0.0, "6": 2.6849998901314684, "7": 9.925832858666995, "8": 39.27307826498824, "9": 0.0, "10": 9.379782778221747, "11": 16.14132263862246, "12": 20.314398643974588, "13": 25.91942379821698, "14": 17.783860527674026, "15": 13.349624721119495, "16": 0.0, "17": 17.68801709079797, "18": 5.131803850800315, "19": 18.315472015574933, "20": 18.89122219263786, "21": 25.06785234407472, "22": 17.41957735277686, "23": 9.985640483484254, "24": 0.34320779565022974}, "alpha": {"0": 0, "1": 1.3417097713073016, "2": 1.1132589580915457, "3": 1.3352278861903597, "4": 1.3465367381723332, "5": 1.4631959667785621, "6": 1.791287387650127, "7": 1.5574493221110632, "8": 1.5126963663922925, "9": 1.5029490892311157, "10": 1.6410202682402055, "11": 1.563523063155035, "12": 1.328041034982001, "13": 1.256226135192228, "14": 1.4068691453133253, "15": 1.6221573937019944, "16": 1.3468667760422313, "17": 1.725764821241912, "18": 2.2360498253287293, "19": 1.3165683791575833, "20": 2.467274298734722, "21": 1.81577296290204, "22": 1.7119575711884387, "23": 1.539067918986818, "24": 1.4338081213511535}}