{"u": {"0": 0.0, "1": 1.0, "2": 1.0, "3": 1.0, "4": 1.0, "5": 1.0, "6": 1.0, "7": 1.0, "8": 1.0, "9": 1.0, "10": 1.0, "11": 1.0, "12": 1.0, "13": 1.0, "14": 1.0, "15": 1.0, "16": 1.0, "17": 1.0, "18": 1.0, "19": 1.0, "20": 1.0, "21": 1.0, "22": 1.0, "23": 1.0, "24": 1.0}, "p1": {"0": 0.0, "1": 5.392150803421865, "2": 0.8995807594094334, "3": 0.0, "4": 0.0, "5": 3.1858793420749656, "6": 4.634814708308621, "7": 7.629509157708791, "8": 11.368988152279725, "9": 10.235697796648937, "10": 23.031954749892574, "11": 6.258155890476051, "12": 13.772693662499089, "13": 0.0, "14": 4.55114752565213, "15": 2.0757879683389984, "16": 11.068576740302557, "17": 10.693377140049414, "18": 12.431711910176803, "19": 14.210385117931716, "20": 14.312232384095264, "21": 33.19570687467455, "22": 14.717329976743208, "23": 0.0, "24": 0.0}, "pg": {"0": 0, "1": 5.0, "2": 10.0, "3": 10.00519236014701, "4": 12.0, "5": 12.0, "6": 12.0, "7": 12.0, "8": 12.0, "9": 12.0, "10": 12.0, "11": 12.0, "12": 12.0, "13": 12.0, "14": 12.0, "15": 12.0, "16": 12.0, "17": 12.0, "18": 12.0, "19": 12.0, "20": 12.0, "21": 12.0, "22": 12.0, "23": 12.0, "24": 12.0}, "p2": {"0": 0, "1": 0.0, "2": 0.0, "3": 0.0, "4": 0.0, "5": 0.0, "6": 0.0, "7": 0.0, "8": 0.0, "9": 0.0, "10": 0.0, "11": 0.47414282493537563, "12": 1.8747554406108389, "13": 11.871528155875897, "14": 0.0, "15": 0.962163247068343, "16": 0.0, "17": 0.0, "18": 0.0, "19": 0.0, "20": 0.0, "21": 2.565278967801568, "22": 0.0, "23": 0.0, "24": 0.0}, "stor_net_i": {"0": 0, "1": -3.1704741968836343, "2": -3.0392365930997354, "3": -1.9638751789776805, "4": 0.35420024687075724, "5": -4.580841235763886, "6": -7.59977304214582, "7": 9.517061412598018, "8": 1.975969849740471, "9": 7.120485205703247, "10": -4.7858558857013485, "11": 6.1723394176596145, "12": 0.0, "13": 0.0, "14": -1.4806179324084976, "15": 1.4806179324084976, "16": -9.755488458785205, "17": -3.3587151877598984, "18": 0.5243033718264574, "19": -1.2983574733664458, "20": 5.111951632102706, "21": -9.225283460388788, "22": 3.8044105686965715, "23": 13.009240140955118, "24": 1.1879388667194846}, "stor_level": {"0": 0, "1": 3.1704741968836343, "2": 6.20971078998337, "3": 8.173585968961051, "4": 7.819385722090294, "5": 12.40022695785418, "6": 20.0, "7": 10.482938587401982, "8": 8.506968737661511, "9": 1.3864835319582642, "10": 6.172339417659613, "11": 0.0, "12": 0.0, "13": 0.0, "14": 1.4806179324084976, "15": 0.0, "16": 9.755488458785205, "17": 13.114203646545104, "18": 12.589900274718646, "19": 13.888257748085092, "20": 8.776306115982386, "21": 18.001589576371174, "22": 14.197179007674603, "23": 1.1879388667194846, "24": 0.0}, "dual_con1": {"0": 0.0, "1": 0.0, "2": 0.0, "3": 0.0, "4": 0.0, "5": 0.0, "6": 0.0, "7": -2.064, "8": -2.064, "9": -2.064, "10": -2.064, "11": -2.064, "12": -2.064, "13": -2.064, "14": -2.064, "15": -2.064, "16": -2.064, "17": -2.064, "18": -2.064, "19": -2.064, "20": -2.064, "21": -2.064, "22": -2.064, "23": -2.064, "24": -2.064}, "dual_con2": {"0": 0.0, "1": -0.128, "2": -0.128, "3": -0.128, "4": -0.128, "5": -0.128, "6": -0.128, "7": -0.3, "8": -0.3, "9": -0.3, "10": -0.3, "11": -0.3, "12": -0.3, "13": -0.3, "14": -0.3, "15": -0.3, "16": -0.3, "17": -0.3, "18": -0.3, "19": -0.3, "20": -0.3, "21": -0.3, "22": -0.3, "23": -0.3, "24": -0.3}}