{"u": {"0": 0.0, "1": 1.0, "2": 1.0, "3": 1.0, "4": 1.0, "5": 1.0, "6": 1.0, "7": 1.0, "8": 1.0, "9": 1.0, "10": 1.0, "11": 1.0, "12": 1.0, "13": 1.0, "14": 1.0, "15": 1.0, "16": 1.0, "17": 1.0, "18": 1.0, "19": 1.0, "20": 1.0, "21": 1.0, "22": 1.0, "23": 1.0, "24": 1.0}, "p1": {"0": 0.0, "1": 0.0, "2": 0.0, "3": 0.0, "4": 0.0, "5": 0.0, "6": 1.550158750565565, "7": 10.892621405337678, "8": 10.413844197030796, "9": 13.874030135818058, "10": 18.108216222449933, "11": 11.469615609829578, "12": 14.589027859489091, "13": 9.28843093914575, "14": 4.444903900984869, "15": 0.4187760551428852, "16": 2.495752979279306, "17": 5.754849835806446, "18": 12.708470960302158, "19": 12.026713339786518, "20": 20.34698931284588, "21": 24.996157497465514, "22": 17.75578042777197, "23": 10.876191636618831, "24": 0.0}, "pg": {"0": 0, "1": 5.0, "2": 7.860344166309698, "3": 12.0, "4": 10.485438449948402, "5": 12.0, "6": 12.0, "7": 12.0, "8": 12.0, "9": 12.0, "10": 12.0, "11": 12.0, "12": 12.0, "13": 12.0, "14": 12.0, "15": 12.0, "16": 12.0, "17": 12.0, "18": 12.0, "19": 12.0, "20": 12.0, "21": 12.0, "22": 12.0, "23": 12.0, "24": 12.0}, "p2": {"0": 0, "1": 2.2216766065382307, "2": 0.0, "3": 0.0, "4": 0.0, "5": 0.0, "6": 0.0, "7": 0.0, "8": 4.667215836492655, "9": 0.0, "10": 8.137882641741292, "11": 1.4350225232414608, "12": 1.0584212436208364, "13": 1.2087229089889107, "14": 0.0, "15": 2.3334862145714084, "16": 0.0, "17": 0.0, "18": 0.0, "19": 0.0, "20": 0.0, "21": 0.0, "22": 0.0, "23": 0.0, "24": 0.0}, "stor_net_i": {"0": 0, "1": 0.0, "2": 0.0, "3": -3.9586828188306704, "4": 1.868761796922355, "5": -1.3949618936889205, "6": -4.515117084402764, "7": 6.253949164969129, "8": -1.7361020315032558, "9": 3.4821528665341273, "10": -8.0, "11": 0.0, "12": 0.0, "13": 1.3743743077412365, "14": -1.3743743077412365, "15": 1.7663068781015454, "16": -1.182664697761954, "17": 1.579812116483069, "18": 0.24754432170110263, "19": 0.8853143047787526, "20": -0.9228052966479119, "21": 1.5395448846218152, "22": 0.7659601176678095, "23": 2.133048504336287, "24": 1.1879388667194846}, "stor_level": {"0": 0, "1": 0.0, "2": 0.0, "3": 3.9586828188306704, "4": 2.0899210219083155, "5": 3.484882915597236, "6": 8.0, "7": 1.7460508350308714, "8": 3.4821528665341273, "9": 0.0, "10": 8.0, "11": 8.0, "12": 8.0, "13": 6.6256256922587635, "14": 8.0, "15": 6.233693121898455, "16": 7.4163578196604085, "17": 5.83654570317734, "18": 5.589001381476237, "19": 4.703687076697484, "20": 5.626492373345396, "21": 4.086947488723581, "22": 3.3209873710557716, "23": 1.1879388667194846, "24": 0.0}, "dual_con1": {"0": 0.0, "1": 0.0, "2": 0.0, "3": 0.0, "4": 0.0, "5": 0.0, "6": 0.0, "7": -2.064, "8": -2.064, "9": -2.064, "10": -2.064, "11": -2.064, "12": -2.064, "13": -2.064, "14": -2.064, "15": -2.064, "16": -2.064, "17": -2.064, "18": -2.064, "19": -2.064, "20": -2.064, "21": -2.064, "22": -2.064, "23": -2.064, "24": -2.064}, "dual_con2": {"0": 0.0, "1": -0.3, "2": -0.128, "3": -0.128, "4": -0.128, "5": -0.128, "6": -0.128, "7": -0.3, "8": -0.3, "9": -0.3, "10": -0.3, "11": -0.3, "12": -0.3, "13": -0.3, "14": -0.3, "15": -0.3, "16": -0.3, "17": -0.3, "18": -0.3, "19": -0.3, "20": -0.3, "21": -0.3, "22": -0.3, "23": -0.3, "24": -0.3}}