{"u": {"0": 0, "1": 1.0, "2": 1.0, "3": 1.0, "4": 1.0, "5": 1.0, "6": 1.0, "7": 1.0, "8": 1.0, "9": 1.0, "10": 1.0, "11": 1.0, "12": 1.0, "13": 1.0, "14": 1.0, "15": 1.0, "16": 1.0, "17": 1.0, "18": 1.0, "19": 1.0, "20": 1.0, "21": 1.0, "22": 1.0, "23": 1.0, "24": 1.0}, "p1": {"0": 0, "1": 5.392150803421865, "2": 0.8995807594094334, "3": 0.0, "4": 0.0, "5": 3.1858793420749656, "6": 4.634814708308621, "7": 7.629509157708791, "8": 11.368988152279725, "9": 10.235697796648937, "10": 23.031954749892574, "11": 6.258155890476051, "12": 13.772693662499089, "13": 0.0, "14": 4.55114752565213, "15": 2.0757879683389984, "16": 11.068576740302557, "17": 10.693377140049414, "18": 12.431711910176803, "19": 14.210385117931716, "20": 14.312232384095264, "21": 33.19570687467455, "22": 14.717329976743208, "23": 0.0, "24": 0.0}, "alpha": {"0": 0, "1": 1.0902470553638648, "2": 1.8525594139307477, "3": 1.5646038159528506, "4": 1.3997933926170636, "5": 1.7267309623460827, "6": 1.5751722341523353, "7": 2.0612910160268245, "8": 1.6983355945529386, "9": 1.6026749458852234, "10": 1.6166833502360527, "11": 2.8328884429440824, "12": 1.8212399660360146, "13": 2.716468709174266, "14": 1.570396119662726, "15": 1.7124404879408452, "16": 1.552153317384777, "17": 1.6243443709664027, "18": 1.8151684563363049, "19": 1.5855260171702987, "20": 1.5623075395524422, "21": 1.4403958765434701, "22": 1.8904581127789943, "23": 1.5201313428552203, "24": 1.4001993489553382}}