{"u": {"0": 0.0, "1": 1.0, "2": 1.0, "3": 1.0, "4": 1.0, "5": 1.0, "6": 1.0, "7": 1.0, "8": 1.0, "9": 1.0, "10": 1.0, "11": 1.0, "12": 1.0, "13": 1.0, "14": 1.0, "15": 1.0, "16": 1.0, "17": 1.0, "18": 1.0, "19": 1.0, "20": 1.0, "21": 1.0, "22": 1.0, "23": 1.0, "24": 1.0}, "p1": {"0": 0.0, "1": 5.177267082491635, "2": 4.99947661116032, "3": 0.0, "4": 0.0, "5": 1.7841319738017045, "6": 1.6839985244711784, "7": 11.35436670802507, "8": 12.083789851724287, "9": 6.842655432876219, "10": 22.12913247980973, "11": 11.050330242886394, "12": 14.259926716932688, "13": 6.9367776824689535, "14": 0.0, "15": 1.1495340336550743, "16": 0.0, "17": 8.970084162200854, "18": 17.215644802019273, "19": 13.33663874713436, "20": 14.39071120779844, "21": 32.96857296437598, "22": 17.371269213331875, "23": 0.0, "24": 0.0}, "pg": {"0": 0, "1": 2.2363718907185284, "2": 7.236371890718528, "3": 12.0, "4": 12.0, "5": 12.0, "6": 12.0, "7": 12.0, "8": 12.0, "9": 12.0, "10": 12.0, "11": 12.0, "12": 12.0, "13": 12.0, "14": 12.0, "15": 12.0, "16": 12.0, "17": 12.0, "18": 12.0, "19": 12.0, "20": 12.0, "21": 12.0, "22": 12.0, "23": 12.0, "24": 12.0}, "p2": {"0": 0, "1": 0.0, "2": 0.0, "3": 0.0, "4": 0.0, "5": 0.0, "6": 0.0, "7": 0.0, "8": 0.0, "9": 1.5668995820536153, "10": 0.0, "11": 0.0, "12": 0.0, "13": 12.046200123072072, "14": 0.0, "15": 0.0, "16": 0.0, "17": 0.0, "18": 0.0, "19": 0.0, "20": 0.0, "21": 0.0, "22": 7.628589733396947, "23": 0.0, "24": 0.0}, "stor_net_i": {"0": 0, "1": -0.1919623666719339, "2": -4.3755043355691505, "3": -3.9586828188306704, "4": 0.35420024687075724, "5": -3.179093867490625, "6": -4.648956858308377, "7": 5.792203862281738, "8": 1.2611681502959087, "9": 8.946627987422353, "10": -3.883033615618505, "11": 1.8543078901846446, "12": 1.38752238617724, "13": -7.111449649665129, "14": 3.0705295932436325, "15": 3.3690351141607646, "16": 1.3130882815173521, "17": -1.6354222099113382, "18": -4.259629520016013, "19": -0.42461110256908974, "20": 5.03347280839953, "21": -6.4328705822886505, "22": -6.478118401289041, "23": 13.009240140955118, "24": 1.1879388667194846}, "stor_level": {"0": 0, "1": 0.1919623666719339, "2": 4.567466702241084, "3": 8.526149521071755, "4": 8.171949274200998, "5": 11.351043141691623, "6": 16.0, "7": 10.207796137718262, "8": 8.946627987422353, "9": 0.0, "10": 3.883033615618505, "11": 2.02872572543386, "12": 0.6412033392566201, "13": 7.752652988921749, "14": 4.682123395678117, "15": 1.3130882815173521, "16": 0.0, "17": 1.6354222099113382, "18": 5.895051729927351, "19": 6.319662832496441, "20": 1.2861900240969106, "21": 7.719060606385561, "22": 14.197179007674603, "23": 1.1879388667194846, "24": 0.0}, "dual_con1": {"0": 0.0, "1": 0.0, "2": 0.0, "3": 0.0, "4": 0.0, "5": 0.0, "6": 0.0, "7": -2.064, "8": -2.064, "9": -2.064, "10": -2.064, "11": -2.064, "12": -2.064, "13": -2.064, "14": -2.064, "15": -2.064, "16": -2.064, "17": -2.064, "18": -2.064, "19": -2.064, "20": -2.064, "21": -2.064, "22": -2.064, "23": -2.064, "24": -2.064}, "dual_con2": {"0": 0.0, "1": -0.128, "2": -0.128, "3": -0.128, "4": -0.128, "5": -0.128, "6": -0.128, "7": -0.3, "8": -0.3, "9": -0.3, "10": -0.3, "11": -0.3, "12": -0.3, "13": -0.3, "14": -0.3, "15": -0.3, "16": -0.3, "17": -0.3, "18": -0.3, "19": -0.3, "20": -0.3, "21": -0.3, "22": -0.3, "23": -0.3, "24": -0.3}}