{"u": {"0": 0, "1": 1.0, "2": 1.0, "3": 1.0, "4": 1.0, "5": 1.0, "6": 1.0, "7": 1.0, "8": 1.0, "9": 1.0, "10": 1.0, "11": 1.0, "12": 1.0, "13": 1.0, "14": 1.0, "15": 1.0, "16": 1.0, "17": 1.0, "18": 1.0, "19": 1.0, "20": 1.0, "21": 1.0, "22": 1.0, "23": 1.0, "24": 1.0}, "p1": {"0": 0, "1": 1.6318924667086905, "2": 0.0, "3": 0.0, "4": 0.0, "5": 0.0, "6": 2.5141732546157716, "7": 10.570666862304979, "8": 11.887799664226403, "9": 12.506136141898178, "10": 20.412758908008144, "11": 12.138080442954218, "12": 17.705590061139002, "13": 9.376538700030393, "14": 0.727426615821491, "15": 1.4230883093973397, "16": 2.9639263017456727, "17": 8.432635707233537, "18": 11.416268885324643, "19": 10.305294712768008, "20": 21.43078792328359, "21": 23.400747715202186, "22": 13.749561445993063, "23": 10.81011949322011, "24": 0.0}, "alpha": {"0": 0, "1": 0.8581284579166828, "2": 1.2286696338786915, "3": 1.3181775439553292, "4": 1.3784511365884482, "5": 1.4091954416010686, "6": 1.6113646702601907, "7": 1.7789437046479672, "8": 1.842692140968936, "9": 2.129943147199329, "10": 1.2691070888923282, "11": 2.568911077200632, "12": 1.1370294772285674, "13": 1.6725634066947102, "14": 3.017512392611919, "15": 2.2322216835688007, "16": 1.572754702652523, "17": 1.378799212759357, "18": 2.119801363791953, "19": 2.4570531387194126, "20": 1.4667261471544526, "21": 1.9788836243851773, "22": 2.780788672004039, "23": 1.6441959895031075, "24": 1.4444085851302053}}