{"u": {"0": 0.0, "1": 1.0, "2": 1.0, "3": 1.0, "4": 1.0, "5": 1.0, "6": 1.0, "7": 1.0, "8": 1.0, "9": 1.0, "10": 1.0, "11": 1.0, "12": 1.0, "13": 1.0, "14": 1.0, "15": 1.0, "16": 1.0, "17": 1.0, "18": 1.0, "19": 1.0, "20": 1.0, "21": 1.0, "22": 1.0, "23": 1.0, "24": 1.0}, "p1": {"0": 0.0, "1": 0.244003432111624, "2": 0.0, "3": 0.0, "4": 0.0, "5": 0.0, "6": 1.0100559571178511, "7": 8.966771683108705, "8": 10.229174892099993, "9": 13.41319620180339, "10": 16.249952978560557, "11": 12.90463813307102, "12": 12.631281580013464, "13": 7.299559242504049, "14": 3.2117907672770762, "15": 2.679297260594401, "16": 0.8185782372875625, "17": 5.572004216361739, "18": 10.912869137222707, "19": 11.908098339542516, "20": 19.42418401619778, "21": 21.139652280876344, "22": 15.952644107376983, "23": 9.774018490472606, "24": 0.0}, "pg": {"0": 0, "1": 5.0, "2": 7.860344166309698, "3": 8.04131718116933, "4": 12.0, "5": 10.60503810631108, "6": 8.02498570904495, "7": 12.0, "8": 12.0, "9": 12.0, "10": 12.0, "11": 12.0, "12": 12.0, "13": 12.0, "14": 11.858738825966556, "15": 12.0, "16": 12.0, "17": 12.0, "18": 12.0, "19": 12.0, "20": 12.0, "21": 12.0, "22": 12.0, "23": 12.0, "24": 12.0}, "p2": {"0": 0, "1": 1.9776731744266067, "2": 0.0, "3": 0.0, "4": 0.35420024687075724, "5": 0.0, "6": 0.0, "7": 8.179798887198103, "8": 3.115783109920203, "9": 3.9429868005487965, "10": 1.9961458856306677, "11": 0.0, "12": 3.0161675230964633, "13": 4.5719689133718475, "14": 0.0, "15": 1.8392718872214378, "16": 0.4945100442297896, "17": 1.7626577359277764, "18": 2.043146144780554, "19": 1.003929305022755, "20": 0.0, "21": 5.396050101210985, "22": 2.5690964380627968, "23": 3.2352216504825115, "24": 1.1879388667194846}, "stor_net_i": {"0": 0, "1": 0.0, "2": 0.0, "3": 0.0, "4": 0.0, "5": 0.0, "6": 0.0, "7": 0.0, "8": 0.0, "9": 0.0, "10": 0.0, "11": 0.0, "12": 0.0, "13": 0.0, "14": 0.0, "15": 0.0, "16": 0.0, "17": 0.0, "18": 0.0, "19": 0.0, "20": 0.0, "21": 0.0, "22": 0.0, "23": 0.0, "24": 0.0}, "stor_level": {"0": 0, "1": 0.0, "2": 0.0, "3": 0.0, "4": 0.0, "5": 0.0, "6": 0.0, "7": 0.0, "8": 0.0, "9": 0.0, "10": 0.0, "11": 0.0, "12": 0.0, "13": 0.0, "14": 0.0, "15": 0.0, "16": 0.0, "17": 0.0, "18": 0.0, "19": 0.0, "20": 0.0, "21": 0.0, "22": 0.0, "23": 0.0, "24": 0.0}, "dual_con1": {"0": 0.0, "1": 0.0, "2": 0.0, "3": 0.0, "4": -2.064, "5": 0.0, "6": 0.0, "7": -2.064, "8": -2.064, "9": -2.064, "10": -2.064, "11": -2.064, "12": -2.064, "13": -2.064, "14": 0.0, "15": -2.064, "16": -2.064, "17": -2.064, "18": -2.064, "19": -2.064, "20": -2.064, "21": -2.064, "22": -2.064, "23": -2.064, "24": -2.064}, "dual_con2": {"0": 0.0, "1": -0.3, "2": -0.128, "3": -0.128, "4": -0.3, "5": -0.128, "6": -0.128, "7": -0.3, "8": -0.3, "9": -0.3, "10": -0.3, "11": -0.3, "12": -0.3, "13": -0.3, "14": -0.128, "15": -0.3, "16": -0.3, "17": -0.3, "18": -0.3, "19": -0.3, "20": -0.3, "21": -0.3, "22": -0.3, "23": -0.3, "24": -0.3}}