{"u": {"0": 0, "1": 1.0, "2": 1.0, "3": 1.0, "4": 1.0, "5": 1.0, "6": 1.0, "7": 1.0, "8": 1.0, "9": 1.0, "10": 1.0, "11": 1.0, "12": 1.0, "13": 1.0, "14": 1.0, "15": 1.0, "16": 1.0, "17": 1.0, "18": 1.0, "19": 1.0, "20": 1.0, "21": 1.0, "22": 1.0, "23": 1.0, "24": 1.0}, "p1": {"0": 0, "1": 6.490709065242301, "2": 0.0, "3": 0.0, "4": 0.0, "5": 0.0, "6": 0.0, "7": 16.9574830979758, "8": 13.184817828938758, "9": 9.920149048814087, "10": 23.591324278062867, "11": 13.020515988895747, "12": 17.51699114737431, "13": 9.420276663269503, "14": 4.570365726638467, "15": 0.0, "16": 0.0, "17": 8.68036435129813, "18": 17.935877042570784, "19": 13.753378975445601, "20": 14.22752256131011, "21": 33.159304791275574, "22": 18.301936973957417, "23": 2.9090831558656056, "24": 0.0}, "alpha": {"0": 0, "1": 1.0606795768177348, "2": 1.2202341267503107, "3": 1.2006621316524022, "4": 1.3693002403186803, "5": 1.993904031920273, "6": 1.5066418755139634, "7": 1.5428988339467207, "8": 1.4535866915552291, "9": 1.6973395702356788, "10": 1.448872491784965, "11": 1.4041804134181726, "12": 1.5979507205734487, "13": 1.5994420177229767, "14": 1.924630659366825, "15": 2.2367251759217996, "16": 1.6892952252443625, "17": 1.688248207591789, "18": 1.7239189166181101, "19": 1.7226278599161338, "20": 1.5877204863879888, "21": 1.451316501563162, "22": 1.4150760136147333, "23": 1.8545068907094597, "24": 1.2246266143532052}}