stor_level,time,iterations
4,1815.6952259540558,9
TOTAL,1815.7199511528015,0
