{"u": {"0": 0.0, "1": 1.0, "2": 1.0, "3": 1.0, "4": 1.0, "5": 1.0, "6": 1.0, "7": 1.0, "8": 1.0, "9": 1.0, "10": 1.0, "11": 1.0, "12": 1.0, "13": 1.0, "14": 1.0, "15": 1.0, "16": 1.0, "17": 1.0, "18": 1.0, "19": 1.0, "20": 1.0, "21": 1.0, "22": 1.0, "23": 1.0, "24": 1.0}, "p1": {"0": 0.0, "1": 1.8033451264550795, "2": 0.0, "3": 0.0, "4": 0.0, "5": 0.0, "6": 2.6932885053782574, "7": 8.467008762670517, "8": 10.34114856352675, "9": 12.340263365415677, "10": 17.98445193866703, "11": 16.100891051885505, "12": 14.183565356717695, "13": 8.475689799174512, "14": 4.62664333394024, "15": 2.715160356281382, "16": 2.760359281682822, "17": 6.6276823993537555, "18": 10.42307753842686, "19": 14.14263456206182, "20": 20.146436255633652, "21": 23.908563993000904, "22": 16.067668638523564, "23": 8.40047066325494, "24": 0.0}, "pg": {"0": 0, "1": 5.0, "2": 8.523253103358138, "3": 7.652036799199468, "4": 11.703988546463185, "5": 10.537636785744654, "6": 12.0, "7": 12.0, "8": 12.0, "9": 12.0, "10": 12.0, "11": 12.0, "12": 11.605262957346111, "13": 12.0, "14": 12.0, "15": 12.0, "16": 12.0, "17": 12.0, "18": 12.0, "19": 12.0, "20": 12.0, "21": 8.722984956751567, "22": 12.0, "23": 12.0, "24": 12.0}, "p2": {"0": 0, "1": 2.696778998145243, "2": 0.0, "3": 0.0, "4": 0.0, "5": 0.0, "6": 6.290885723072229, "7": 3.3063556188188308, "8": 5.365188769730594, "9": 1.3705449714574591, "10": 6.14426306700156, "11": 3.1083478341933812, "12": 0.0, "13": 0.9619846980649545, "14": 1.0859739057265116, "15": 1.2203218416860686, "16": 0.11864998053279763, "17": 1.4478913095627277, "18": 1.6045393377387214, "19": 6.201725245903546, "20": 9.638421972114237, "21": 0.0, "22": 8.018904147013991, "23": 0.158258914785538, "24": 2.1266829004655925}, "dual_con1": {"0": 0.0, "1": 0.0, "2": 0.0, "3": 0.0, "4": 0.0, "5": 0.0, "6": -2.064, "7": -2.064, "8": -2.064, "9": -2.064, "10": -2.064, "11": -2.064, "12": 0.0, "13": -2.064, "14": -2.064, "15": -2.064, "16": -2.064, "17": -2.064, "18": -2.064, "19": -2.064, "20": -2.064, "21": 0.0, "22": -2.064, "23": -2.064, "24": -2.064}, "dual_con2": {"0": 0.0, "1": -0.3, "2": -0.128, "3": -0.128, "4": -0.128, "5": -0.128, "6": -0.3, "7": -0.3, "8": -0.3, "9": -0.3, "10": -0.3, "11": -0.3, "12": -0.128, "13": -0.3, "14": -0.3, "15": -0.3, "16": -0.3, "17": -0.3, "18": -0.3, "19": -0.3, "20": -0.3, "21": -0.128, "22": -0.3, "23": -0.3, "24": -0.3}}