{"u": {"0": 0, "1": 1.0, "2": 1.0, "3": 1.0, "4": 1.0, "5": 1.0, "6": 1.0, "7": 1.0, "8": 1.0, "9": 1.0, "10": 1.0, "11": 1.0, "12": 1.0, "13": 1.0, "14": 1.0, "15": 1.0, "16": 1.0, "17": 1.0, "18": 1.0, "19": 1.0, "20": 1.0, "21": 1.0, "22": 1.0, "23": 1.0, "24": 1.0}, "p1": {"0": 0, "1": 4.538811476863552, "2": 0.0, "3": 0.0, "4": 0.0, "5": 0.0, "6": 0.0, "7": 13.666200796823393, "8": 15.57510716912313, "9": 9.926907108370273, "10": 23.803844752948606, "11": 17.41079082957712, "12": 18.5036143716883, "13": 8.018394108668348, "14": 3.3018995486632186, "15": 0.0, "16": 1.628264010636622, "17": 10.28695386347855, "18": 9.197768404540676, "19": 19.638774589613384, "20": 15.874136132140764, "21": 33.30626304012405, "22": 18.726797649161412, "23": 2.959390346121994, "24": 0.0}, "alpha": {"0": 0, "1": 1.111961467628086, "2": 1.2959485151240622, "3": 1.4459707659017338, "4": 1.4830451633991788, "5": 1.701320029843812, "6": 1.6386827827128323, "7": 1.5318203507620427, "8": 1.2504143133688113, "9": 1.6449249006281834, "10": 1.5376305559786703, "11": 1.5594797471055277, "12": 1.718503369855139, "13": 1.802678866162834, "14": 2.083542709459182, "15": 1.9031187785643182, "16": 2.0197337713082657, "17": 1.5174321884018398, "18": 2.121534020423465, "19": 1.7476091031906162, "20": 1.7269954332178303, "21": 1.51292929802912, "22": 1.3632124882159964, "23": 1.8955428517442756, "24": 1.3143753323851206}}