{"u": {"0": 0.0, "1": 1.0, "2": 1.0, "3": 1.0, "4": 1.0, "5": 1.0, "6": 1.0, "7": 1.0, "8": 1.0, "9": 1.0, "10": 1.0, "11": 1.0, "12": 1.0, "13": 1.0, "14": 1.0, "15": 1.0, "16": 1.0, "17": 1.0, "18": 1.0, "19": 1.0, "20": 1.0, "21": 1.0, "22": 1.0, "23": 1.0, "24": 1.0}, "p1": {"0": 0.0, "1": 4.538811476863552, "2": 0.0, "3": 0.0, "4": 0.0, "5": 0.0, "6": 0.0, "7": 13.666200796823393, "8": 15.57510716912313, "9": 9.926907108370273, "10": 23.803844752948606, "11": 17.41079082957712, "12": 18.5036143716883, "13": 8.018394108668348, "14": 3.3018995486632186, "15": 0.0, "16": 1.628264010636622, "17": 10.28695386347855, "18": 9.197768404540676, "19": 19.638774589613384, "20": 15.874136132140764, "21": 33.30626304012405, "22": 18.726797649161412, "23": 2.959390346121994, "24": 0.0}, "pg": {"0": 0, "1": 5.0, "2": 6.395390498219257, "3": 11.395390498219257, "4": 12.0, "5": 12.0, "6": 12.0, "7": 12.0, "8": 9.944634094686952, "9": 12.0, "10": 12.0, "11": 7.6818886333607495, "12": 12.0, "13": 12.0, "14": 12.0, "15": 10.915019178632923, "16": 12.0, "17": 12.0, "18": 12.0, "19": 12.0, "20": 12.0, "21": 11.98344668854336, "22": 10.611541908998644, "23": 12.0, "24": 7.0}, "p2": {"0": 0, "1": 0.0, "2": 0.0, "3": 0.0, "4": 0.0, "5": 0.0, "6": 0.0, "7": 0.0, "8": 0.0, "9": 0.0, "10": 0.0, "11": 0.0, "12": 0.0, "13": 0.0, "14": 0.0, "15": 0.0, "16": 0.0, "17": 0.0, "18": 0.0, "19": 0.0, "20": 0.0, "21": 0.0, "22": 0.0, "23": 0.0, "24": 0.0}, "stor_net_i": {"0": 0, "1": -2.434457147938015, "2": -1.5584940346233829, "3": -2.4347314341829422, "4": -2.7960015719575306, "5": -2.7763158112981294, "6": 7.270599797112748, "7": -4.208885919302542, "8": -1.1533700083871743, "9": 7.037175330366253, "10": -8.945519199789285, "11": 3.7803173620762323, "12": -3.7803173620762323, "13": 5.864795498580953, "14": 3.2379702870336615, "15": -0.023687166126924453, "16": -0.5500470108619862, "17": -1.8775666542107015, "18": 2.598468590884961, "19": -6.168173616687117, "20": 6.918240071387153, "21": -10.0, "22": 5.7404271123631805, "23": 1.54132572118999, "24": 4.7182471664468295}, "stor_level": {"0": 0, "1": 2.434457147938015, "2": 3.9929511825613977, "3": 6.42768261674434, "4": 9.22368418870187, "5": 12.0, "6": 4.729400202887252, "7": 8.938286122189794, "8": 10.091656130576968, "9": 3.0544808002107153, "10": 12.0, "11": 8.219682637923768, "12": 12.0, "13": 6.135204501419047, "14": 2.897234214385385, "15": 2.9209213805123095, "16": 3.4709683913742957, "17": 5.348535045584997, "18": 2.750066454700036, "19": 8.918240071387153, "20": 2.0, "21": 12.0, "22": 6.2595728876368195, "23": 4.7182471664468295, "24": 0.0}, "dual_con1": {"0": 0.0, "1": 0.0, "2": 0.0, "3": 0.0, "4": 0.0, "5": 0.0, "6": 0.0, "7": 0.0, "8": 0.0, "9": 0.0, "10": 0.0, "11": 0.0, "12": 0.0, "13": 0.0, "14": 0.0, "15": 0.0, "16": 0.0, "17": 0.0, "18": 0.0, "19": 0.0, "20": 0.0, "21": 0.0, "22": 0.0, "23": 0.0, "24": 0.0}, "dual_con2": {"0": 0.0, "1": -0.128, "2": -0.128, "3": -0.128, "4": -0.128, "5": -0.128, "6": -0.128, "7": -0.128, "8": -0.128, "9": -0.128, "10": -0.128, "11": -0.128, "12": -0.128, "13": -0.128, "14": -0.128, "15": -0.128, "16": -0.128, "17": -0.128, "18": -0.128, "19": -0.128, "20": -0.128, "21": -0.128, "22": -0.128, "23": -0.128, "24": -0.128}}