{"u": {"0": 0.0, "1": 1.0, "2": 1.0, "3": 1.0, "4": 1.0, "5": 1.0, "6": 1.0, "7": 1.0, "8": 1.0, "9": 1.0, "10": 1.0, "11": 1.0, "12": 1.0, "13": 1.0, "14": 1.0, "15": 1.0, "16": 1.0, "17": 1.0, "18": 1.0, "19": 1.0, "20": 1.0, "21": 1.0, "22": 1.0, "23": 1.0, "24": 1.0}, "p1": {"0": 0.0, "1": 5.570411678535429, "2": 2.041897669036972, "3": 0.0, "4": 0.0, "5": 0.0, "6": 3.211621259432798, "7": 10.006364153371681, "8": 14.147442787647654, "9": 9.457813821040284, "10": 23.775479244757257, "11": 16.18102259649743, "12": 18.15467616083262, "13": 5.125308297395161, "14": 0.35753087626759417, "15": 2.0822965612886755, "16": 5.402339047522574, "17": 9.478429195193703, "18": 9.498691455880369, "19": 19.12844840200745, "20": 14.795048180864354, "21": 33.1040135530035, "22": 16.768598036661135, "23": 0.0, "24": 0.17025154140710974}, "pg": {"0": 0, "1": 5.0, "2": 10.0, "3": 11.412023709337298, "4": 6.412023709337299, "5": 11.412023709337298, "6": 12.0, "7": 12.0, "8": 12.0, "9": 12.0, "10": 12.0, "11": 12.0, "12": 12.0, "13": 12.0, "14": 12.0, "15": 12.0, "16": 9.049478427509174, "17": 12.0, "18": 12.0, "19": 12.0, "20": 12.0, "21": 12.0, "22": 12.0, "23": 12.0, "24": 11.54799562503972}, "p2": {"0": 0, "1": 0.0, "2": 0.0, "3": 0.0, "4": 0.0, "5": 0.0, "6": 0.0, "7": 0.0, "8": 0.0, "9": 0.0, "10": 0.0, "11": 0.0, "12": 0.0, "13": 0.0, "14": 0.0, "15": 0.0, "16": 0.0, "17": 0.0, "18": 0.0, "19": 0.0, "20": 0.0, "21": 0.0, "22": 0.0, "23": 0.0, "24": 0.0}, "stor_net_i": {"0": 0, "1": -3.4660573496098914, "2": -7.205001205441098, "3": -2.451364645300984, "4": 2.7919747187051716, "5": -2.1883395206354272, "6": 4.058978537679948, "7": -0.5490492758508303, "8": -1.781071532224745, "9": 7.506268617696243, "10": -8.917153691597935, "11": 0.6919742285166706, "12": -3.4313791512205505, "13": 8.757881309854142, "14": 6.182338959429288, "15": -3.190964548782677, "16": -1.3736004752571116, "17": -1.069041985925855, "18": 2.2975455395452684, "19": -5.657847429081183, "20": 7.9973280226635595, "21": -9.814303824336086, "22": 6.3101686338621015, "23": 4.500716067311984, "24": 0.0}, "stor_level": {"0": 0, "1": 3.4660573496098914, "2": 10.67105855505099, "3": 13.122423200351975, "4": 10.330448481646803, "5": 12.51878800228223, "6": 8.459809464602282, "7": 9.008858740453112, "8": 10.789930272677857, "9": 3.283661654981614, "10": 12.20081534657955, "11": 11.508841118062879, "12": 14.94022026928343, "13": 6.182338959429288, "14": 0.0, "15": 3.190964548782677, "16": 4.564565024039789, "17": 5.633607009965644, "18": 3.3360614704203755, "19": 8.993908899501559, "20": 0.9965808768379993, "21": 10.810884701174086, "22": 4.500716067311984, "23": 0.0, "24": 0.0}, "dual_con1": {"0": 0.0, "1": 0.0, "2": 0.0, "3": 0.0, "4": 0.0, "5": 0.0, "6": 0.0, "7": 0.0, "8": 0.0, "9": 0.0, "10": 0.0, "11": 0.0, "12": 0.0, "13": 0.0, "14": 0.0, "15": 0.0, "16": 0.0, "17": 0.0, "18": 0.0, "19": 0.0, "20": 0.0, "21": 0.0, "22": 0.0, "23": 0.0, "24": 0.0}, "dual_con2": {"0": 0.0, "1": -0.128, "2": -0.128, "3": -0.128, "4": -0.128, "5": -0.128, "6": -0.128, "7": -0.128, "8": -0.128, "9": -0.128, "10": -0.128, "11": -0.128, "12": -0.128, "13": -0.128, "14": -0.128, "15": -0.128, "16": -0.128, "17": -0.128, "18": -0.128, "19": -0.128, "20": -0.128, "21": -0.128, "22": -0.128, "23": -0.128, "24": -0.128}}