{"u": {"0": 0.0, "1": 1.0, "2": 1.0, "3": 1.0, "4": 1.0, "5": 1.0, "6": 1.0, "7": 1.0, "8": 1.0, "9": 1.0, "10": 1.0, "11": 1.0, "12": 1.0, "13": 1.0, "14": 1.0, "15": 1.0, "16": 1.0, "17": 1.0, "18": 1.0, "19": 1.0, "20": 1.0, "21": 1.0, "22": 1.0, "23": 1.0, "24": 1.0}, "p1": {"0": 0.0, "1": 2.198818415067983, "2": 0.0, "3": 0.0, "4": 0.0, "5": 0.0, "6": 3.7384709191560415, "7": 9.389430435207647, "8": 10.517481264193592, "9": 12.855203309558453, "10": 20.3042818551267, "11": 17.01864194008265, "12": 14.891441066757043, "13": 10.519847456087481, "14": 4.6504712646909, "15": 3.1133209490205154, "16": 4.647395689539906, "17": 7.389350186292708, "18": 10.96339003975717, "19": 15.081298608919084, "20": 20.64664888807371, "21": 24.867963347780517, "22": 17.257424267792825, "23": 10.043063517948339, "24": 0.21707800495791219}, "pg": {"0": 0, "1": 4.9055359138575545, "2": 4.836896463595874, "3": 8.960659064036314, "4": 10.42768261674434, "5": 12.0, "6": 12.0, "7": 12.0, "8": 12.0, "9": 12.0, "10": 10.2402545258191, "11": 12.0, "12": 12.0, "13": 12.0, "14": 12.0, "15": 8.208832373720213, "16": 12.0, "17": 12.0, "18": 12.0, "19": 12.0, "20": 12.0, "21": 12.0, "22": 12.0, "23": 7.0, "24": 10.958821710852563}, "p2": {"0": 0, "1": 0.0, "2": 0.0, "3": 0.0, "4": 0.0, "5": 0.0, "6": 3.5321288779567066, "7": 0.06788444231320412, "8": 1.848889991229317, "9": 0.10887912917807263, "10": 0.0, "11": 0.0, "12": 0.0, "13": 1.2527407221678022, "14": 0.0, "15": 0.0, "16": 0.0, "17": 0.24218634265078975, "18": 0.0, "19": 0.0, "20": 0.5674736963411, "21": 0.0, "22": 1.8213424027304121, "23": 0.0, "24": 0.0}, "stor_net_i": {"0": 0, "1": 0.0, "2": 0.0, "3": 0.0, "4": -1.2236841887018706, "5": -2.7763158112981294, "6": 0.0, "7": 0.0, "8": 0.0, "9": 4.0, "10": -3.6862108277864785, "11": -0.14564511506854672, "12": -0.16814405714497482, "13": 2.11060142899402, "14": 1.8893985710059802, "15": -0.43082131023473025, "16": -3.5691786897652698, "17": 0.7778506803243506, "18": 0.832846955668467, "19": -1.6106976359928176, "20": 1.5782536191131058, "21": -1.5782536191131058, "22": 4.0, "23": -0.5423474506363544, "24": 0.5423474506363544}, "stor_level": {"0": 0, "1": 0.0, "2": 0.0, "3": 0.0, "4": 1.2236841887018706, "5": 4.0, "6": 4.0, "7": 4.0, "8": 4.0, "9": 0.0, "10": 3.6862108277864785, "11": 3.831855942855025, "12": 4.0, "13": 1.8893985710059802, "14": 0.0, "15": 0.43082131023473025, "16": 4.0, "17": 3.2221493196756494, "18": 2.3893023640071824, "19": 4.0, "20": 2.421746380886894, "21": 4.0, "22": 0.0, "23": 0.5423474506363544, "24": 0.0}, "dual_con1": {"0": 0.0, "1": 0.0, "2": 0.0, "3": 0.0, "4": 0.0, "5": 0.0, "6": -2.064, "7": -2.064, "8": -2.064, "9": -2.064, "10": 0.0, "11": 0.0, "12": 0.0, "13": -2.064, "14": -2.064, "15": 0.0, "16": 0.0, "17": -2.064, "18": -2.064, "19": -2.064, "20": -2.064, "21": -2.064, "22": -2.064, "23": 0.0, "24": 0.0}, "dual_con2": {"0": 0.0, "1": -0.128, "2": -0.128, "3": -0.128, "4": -0.128, "5": -0.128, "6": -0.3, "7": -0.3, "8": -0.3, "9": -0.3, "10": -0.128, "11": -0.128, "12": -0.128, "13": -0.3, "14": -0.3, "15": -0.128, "16": -0.128, "17": -0.3, "18": -0.3, "19": -0.3, "20": -0.3, "21": -0.3, "22": -0.3, "23": -0.128, "24": -0.128}}