{"u": {"0": 0, "1": 1.0, "2": 1.0, "3": 1.0, "4": 1.0, "5": 1.0, "6": 1.0, "7": 1.0, "8": 1.0, "9": 1.0, "10": 1.0, "11": 1.0, "12": 1.0, "13": 1.0, "14": 1.0, "15": 1.0, "16": 1.0, "17": 1.0, "18": 1.0, "19": 1.0, "20": 1.0, "21": 1.0, "22": 1.0, "23": 1.0, "24": 1.0}, "p1": {"0": 0, "1": 2.198818415067983, "2": 0.0, "3": 0.0, "4": 0.0, "5": 0.0, "6": 3.7384709191560415, "7": 9.389430435207647, "8": 10.517481264193592, "9": 12.855203309558453, "10": 20.3042818551267, "11": 17.01864194008265, "12": 14.891441066757043, "13": 10.519847456087481, "14": 4.6504712646909, "15": 3.1133209490205154, "16": 4.647395689539906, "17": 7.389350186292708, "18": 10.96339003975717, "19": 15.081298608919084, "20": 20.64664888807371, "21": 24.867963347780517, "22": 17.257424267792825, "23": 10.043063517948339, "24": 0.21707800495791219}, "alpha": {"0": 0, "1": 0.9461817247124821, "2": 1.1176117439487174, "3": 1.3225544662529203, "4": 1.337304152767817, "5": 1.4348365811784187, "6": 1.669137733885493, "7": 1.7174514592467756, "8": 1.9361020848476838, "9": 1.8770360402717183, "10": 1.5561680644479665, "11": 1.8615391403340797, "12": 1.9249553613345243, "13": 1.5056941352640332, "14": 1.9015711946508713, "15": 1.810619074881709, "16": 1.4698275326765549, "17": 1.7743202559545903, "18": 1.8516475298585258, "19": 1.8066474552112457, "20": 1.9464416064379337, "21": 1.875419205732196, "22": 1.7464245026265763, "23": 1.5722409001963669, "24": 1.4533851695882491}}