{"u": {"0": 0, "1": 1.0, "2": 1.0, "3": 1.0, "4": 1.0, "5": 1.0, "6": 1.0, "7": 1.0, "8": 1.0, "9": 1.0, "10": 1.0, "11": 1.0, "12": 1.0, "13": 1.0, "14": 1.0, "15": 1.0, "16": 1.0, "17": 1.0, "18": 1.0, "19": 1.0, "20": 1.0, "21": 1.0, "22": 1.0, "23": 1.0, "24": 1.0}, "p1": {"0": 0, "1": 6.152461492222178, "2": 5.767667735689441, "3": 0.0, "4": 0.0, "5": 0.0, "6": 9.81653333648072, "7": 8.844122428166902, "8": 11.819048095614972, "9": 13.207160715392158, "10": 19.008511885677645, "11": 16.998290673040838, "12": 3.4982699755503024, "13": 8.368958593692488, "14": 17.482934197725616, "15": 0.0, "16": 8.806188697612113, "17": 6.605016031685748, "18": 6.592652303443742, "19": 2.361709656843937, "20": 9.065680557330152, "21": 19.9168410161599, "22": 27.746588990249176, "23": 19.869742173982623, "24": 11.76165186127728}, "alpha": {"0": 0, "1": 1.0572068285978329, "2": 1.7201471699021211, "3": 2.1925340332952783, "4": 1.5072646059371575, "5": 1.8048852159339401, "6": 1.9074284077971724, "7": 1.5467632715499295, "8": 1.7642855713155063, "9": 1.9778517853823459, "10": 1.9534464342967066, "11": 1.851512798087744, "12": 2.0165190073349066, "13": 2.0253124218922496, "14": 1.5861197406823078, "15": 3.0492758948046674, "16": 0.8385568150531215, "17": 1.4984462975754491, "18": 2.018204308966875, "19": 2.2824871029468174, "20": 2.281168859017823, "21": 1.3958818281073846, "22": 1.8970233029252341, "23": 1.875077347805206, "24": 1.3075044416168111}}