{"u": {"0": 0.0, "1": 1.0, "2": 1.0, "3": 1.0, "4": 1.0, "5": 1.0, "6": 1.0, "7": 1.0, "8": 1.0, "9": 1.0, "10": 1.0, "11": 1.0, "12": 1.0, "13": 1.0, "14": 1.0, "15": 1.0, "16": 1.0, "17": 1.0, "18": 1.0, "19": 1.0, "20": 1.0, "21": 1.0, "22": 1.0, "23": 1.0, "24": 1.0}, "p1": {"0": 0.0, "1": 5.984190544488435, "2": 5.4684610968238765, "3": 0.0, "4": 0.0, "5": 0.0, "6": 9.718348563822083, "7": 8.859426123987118, "8": 11.611540132646146, "9": 12.746815627047669, "10": 18.76794370670008, "11": 16.775872618757237, "12": 3.8133320585026063, "13": 8.42761953141486, "14": 18.226028309302205, "15": 9.18563897673991, "16": 10.3679874375661, "17": 7.5040284707818685, "18": 10.300656296280772, "19": 1.9069113044448542, "20": 9.651123984002343, "21": 21.710619749244, "22": 27.497048415303187, "23": 19.10092543592029, "24": 11.932408070822792}, "pg": {"0": 0, "1": 5.0, "2": 10.0, "3": 12.0, "4": 12.0, "5": 12.0, "6": 12.0, "7": 12.0, "8": 12.0, "9": 12.0, "10": 12.0, "11": 12.0, "12": 12.0, "13": 12.0, "14": 12.0, "15": 12.0, "16": 12.0, "17": 12.0, "18": 12.0, "19": 12.0, "20": 12.0, "21": 12.0, "22": 12.0, "23": 12.0, "24": 12.0}, "p2": {"0": 0, "1": 0.0, "2": 0.0, "3": 0.0, "4": 0.0, "5": 0.0, "6": 0.0, "7": 0.0, "8": 0.0, "9": 0.0, "10": 0.0, "11": 0.0, "12": 0.6279716971273821, "13": 0.0, "14": 0.0, "15": 0.0, "16": 0.0, "17": 0.0, "18": 0.0, "19": 4.2525027997538665, "20": 8.452994482964062, "21": 0.272903995551129, "22": 1.7670177276311598, "23": 0.11222318621230087, "24": 0.0}, "stor_net_i": {"battery": {"0": 0, "1": 0.0, "2": 0.0, "3": 0.0, "4": 0.0, "5": 0.0, "6": 0.0, "7": 0.0, "8": 0.0, "9": 0.0, "10": -5.0, "11": 0.0, "12": 5.0, "13": -1.0366332492564752, "14": -3.963366750743525, "15": 5.0, "16": -2.2476592089501892, "17": -2.7523407910498108, "18": 0.0, "19": 0.0, "20": 5.0, "21": -5.0, "22": 0.0, "23": 4.0574581923681485, "24": 0.9425418076318515}, "ev": {"0": 0, "1": -2.565214638330815, "2": -5.203319366983406, "3": -1.0591237684105668, "4": -0.000688863335915002, "5": -3.1420346028670334, "6": -3.26218969014878, "7": 3.002375822395491, "8": -2.298728826110688, "9": 2.0378009257803793, "10": 6.630278591681368, "11": -4.2759654977513755, "12": 11.0, "13": 5.157492145197743, "14": -11.0, "15": -8.783765107172258, "16": -11.0, "17": -0.3401322776605262, "18": 2.4272264324900963, "19": 11.0, "20": 3.275988721226291, "21": 11.0, "22": -11.0, "23": -11.0, "24": -11.0}}, "stor_level": {"battery": {"0": 0, "1": 0.0, "2": 0.0, "3": 0.0, "4": 0.0, "5": 0.0, "6": 0.0, "7": 0.0, "8": 0.0, "9": 0.0, "10": 5.0, "11": 5.0, "12": 0.0, "13": 1.0366332492564752, "14": 5.0, "15": 0.0, "16": 2.2476592089501892, "17": 5.0, "18": 5.0, "19": 5.0, "20": 0.0, "21": 5.0, "22": 5.0, "23": 0.9425418076318515, "24": 0.0}, "ev": {"0": 7.6000000000000005, "1": 10.165214638330816, "2": 15.368534005314222, "3": 16.42765777372479, "4": 16.428346637060706, "5": 19.57038123992774, "6": 22.83257093007652, "7": 19.83019510768103, "8": 22.128923933791718, "9": 20.091123008011337, "10": 13.46084441632997, "11": 17.736809914081345, "12": 6.736809914081345, "13": 1.5793177688836018, "14": 12.579317768883602, "15": 21.36308287605586, "16": 32.363082876055856, "17": 32.703215153716386, "18": 30.27598872122629, "19": 19.27598872122629, "20": 16.0, "21": 5.0, "22": 16.0, "23": 27.0, "24": 38}}, "dual_con1": {"0": 0.0, "1": 0.0, "2": 0.0, "3": -2.064, "4": -2.064, "5": -2.064, "6": -2.064, "7": -2.064, "8": -2.064, "9": -2.064, "10": -2.064, "11": -2.064, "12": -2.064, "13": -2.064, "14": -2.064, "15": -2.064, "16": -2.064, "17": -2.064, "18": -2.064, "19": -2.064, "20": -2.064, "21": -2.064, "22": -2.064, "23": -2.064, "24": -2.064}, "dual_con2": {"0": 0.0, "1": -0.3, "2": -0.3, "3": -0.3, "4": -0.3, "5": -0.3, "6": -0.3, "7": -0.3, "8": -0.3, "9": -0.3, "10": -0.3, "11": -0.3, "12": -0.3, "13": -0.3, "14": -0.3, "15": -0.3, "16": -0.3, "17": -0.3, "18": -0.3, "19": -0.3, "20": -0.3, "21": -0.3, "22": -0.3, "23": -0.3, "24": -0.3}}