{"u": {"0": 0, "1": 1.0, "2": 1.0, "3": 1.0, "4": 1.0, "5": 1.0, "6": 1.0, "7": 1.0, "8": 1.0, "9": 1.0, "10": 1.0, "11": 1.0, "12": 1.0, "13": 1.0, "14": 1.0, "15": 1.0, "16": 1.0, "17": 1.0, "18": 1.0, "19": 1.0, "20": 1.0, "21": 1.0, "22": 1.0, "23": 1.0, "24": 1.0}, "p1": {"0": 0, "1": 4.554749462416636, "2": 6.3942888479307, "3": 0.0, "4": 0.0, "5": 0.0, "6": 8.69927074705506, "7": 7.883207477043916, "8": 12.620007006871205, "9": 14.509675095798935, "10": 20.2912736480581, "11": 17.935521612623088, "12": 8.402802511212572, "13": 9.259790559516947, "14": 13.076436264972811, "15": 1.3773069269830955, "16": 2.5763492557340975, "17": 5.124074591471025, "18": 6.601440188599273, "19": 4.350548894698001, "20": 7.864617191094451, "21": 17.569362626122555, "22": 20.121764218889982, "23": 3.0983747620375954, "24": 7.399895354305567}, "alpha": {"0": 0, "1": 1.0847204375394972, "2": 1.4162465214687567, "3": 2.0838004343603487, "4": 1.4616274664425175, "5": 1.8926019403678103, "6": 2.0732187758834817, "7": 1.7870377568868254, "8": 1.5209978979386343, "9": 1.6200974712603118, "10": 1.6196179055825697, "11": 1.636343516213068, "12": 1.7331592466362233, "13": 1.788062832144911, "14": 1.6450691205081533, "15": 2.4878079219050697, "16": 2.3230952232797684, "17": 1.73877762255869, "18": 2.150567943420217, "19": 2.3128353315905965, "20": 2.4616148426716644, "21": 1.796800637077675, "22": 1.8084707343330035, "23": 1.8000780009602695, "24": 1.596031393708329}}