{"u": {"0": 0, "1": 1.0, "2": 1.0, "3": 1.0, "4": 1.0, "5": 1.0, "6": 1.0, "7": 1.0, "8": 1.0, "9": 1.0, "10": 1.0, "11": 1.0, "12": 1.0, "13": 1.0, "14": 1.0, "15": 1.0, "16": 1.0, "17": 1.0, "18": 1.0, "19": 1.0, "20": 1.0, "21": 1.0, "22": 1.0, "23": 1.0, "24": 1.0}, "p1": {"0": 0, "1": 4.598391230959178, "2": 6.194154631055644, "3": 0.0, "4": 0.0, "5": 0.0, "6": 8.686861727769632, "7": 7.4065162659298025, "8": 11.9307778403956, "9": 14.017451132674221, "10": 20.397605133680564, "11": 17.894243390038703, "12": 8.484896681026084, "13": 9.348972729807675, "14": 13.210167841925285, "15": 1.3903086749375912, "16": 4.739317744026202, "17": 4.253599966393168, "18": 4.197385391490462, "19": 1.9895702079786535, "20": 9.183022681877683, "21": 18.201282787099263, "22": 24.552634438652696, "23": 19.90648083031592, "24": 0.0}, "alpha": {"0": 0, "1": 1.0716279069767345, "2": 1.476286786531274, "3": 2.0388217176277315, "4": 1.4452115448071512, "5": 1.896155812315563, "6": 2.061941481669111, "7": 1.9600451202210591, "8": 1.7787666478813164, "9": 1.7677646601977264, "10": 1.587718459895831, "11": 1.582726982988384, "12": 1.70853099569217, "13": 1.746308181057692, "14": 1.7549496474224109, "15": 2.4839073975187214, "16": 1.5831523074794267, "17": 1.9999200100820487, "18": 2.3257843825528624, "19": 2.394128937606402, "20": 2.3784917193147073, "21": 1.5761489342269723, "22": 1.601209668404185, "23": 1.8640557509052167, "24": 1.4615124598975182}}