{"u": {"0": 0, "1": 1.0, "2": 1.0, "3": 1.0, "4": 1.0, "5": 1.0, "6": 1.0, "7": 1.0, "8": 1.0, "9": 1.0, "10": 1.0, "11": 1.0, "12": 1.0, "13": 1.0, "14": 1.0, "15": 1.0, "16": 1.0, "17": 1.0, "18": 1.0, "19": 1.0, "20": 1.0, "21": 1.0, "22": 1.0, "23": 1.0, "24": 1.0}, "p1": {"0": 0, "1": 7.781025972466233, "2": 7.425216074340124, "3": 1.3954754462585797, "4": 0.0, "5": 0.0, "6": 7.516545584054047, "7": 4.605617134377386, "8": 14.742736192591687, "9": 9.530065944486086, "10": 23.520167766610584, "11": 14.206257875237615, "12": 19.677480143280444, "13": 6.442429692045252, "14": 9.297427031202574, "15": 0.0, "16": 5.33476838080195, "17": 0.0, "18": 12.338605211572794, "19": 9.000325103899124, "20": 22.8589523588694, "21": 16.857582570581076, "22": 18.90038182467947, "23": 3.4492740456904887, "24": 3.713104660760779}, "alpha": {"0": 0, "1": 1.0376922082601283, "2": 1.6424351776979595, "3": 2.1913573661224235, "4": 1.4238977727370048, "5": 1.504726922646845, "6": 1.7560363247837854, "7": 1.6453148596867844, "8": 1.8261791422224913, "9": 1.7609802166541733, "10": 1.6679496700168235, "11": 1.5671226374287133, "12": 1.5847559570158658, "13": 1.496271092386424, "14": 1.9237718906392256, "15": 1.8357684822211349, "16": 2.4675694857594133, "17": 2.175379701031524, "18": 1.9654184365281537, "19": 1.4043102208836455, "20": 1.4464086091374848, "21": 1.9837252288256777, "22": 2.3068854525961533, "23": 2.6432177862928516, "24": 1.7306844477549577}}