{"u": {"0": 0.0, "1": 1.0, "2": 1.0, "3": 1.0, "4": 1.0, "5": 1.0, "6": 1.0, "7": 1.0, "8": 1.0, "9": 1.0, "10": 1.0, "11": 1.0, "12": 1.0, "13": 1.0, "14": 1.0, "15": 1.0, "16": 1.0, "17": 1.0, "18": 1.0, "19": 1.0, "20": 1.0, "21": 1.0, "22": 1.0, "23": 1.0, "24": 1.0}, "p1": {"0": 0.0, "1": 4.554749462416636, "2": 6.3942888479307, "3": 0.0, "4": 0.0, "5": 0.0, "6": 8.69927074705506, "7": 7.883207477043916, "8": 12.620007006871205, "9": 14.509675095798935, "10": 20.2912736480581, "11": 17.935521612623088, "12": 8.402802511212572, "13": 9.259790559516947, "14": 13.076436264972811, "15": 1.3773069269830955, "16": 2.5763492557340975, "17": 5.124074591471025, "18": 6.601440188599273, "19": 4.350548894698001, "20": 7.864617191094451, "21": 17.569362626122555, "22": 20.121764218889982, "23": 3.0983747620375954, "24": 7.399895354305567}, "pg": {"0": 0, "1": 5.0, "2": 10.0, "3": 12.0, "4": 12.0, "5": 12.0, "6": 12.0, "7": 12.0, "8": 12.0, "9": 12.0, "10": 12.0, "11": 12.0, "12": 12.0, "13": 12.0, "14": 12.0, "15": 12.0, "16": 12.0, "17": 12.0, "18": 12.0, "19": 12.0, "20": 12.0, "21": 12.0, "22": 12.0, "23": 12.0, "24": 12.0}, "p2": {"0": 0, "1": 0.0, "2": 0.0, "3": 0.0, "4": 0.0, "5": 0.0, "6": 0.0, "7": 0.0, "8": 0.0, "9": 0.0, "10": 0.0, "11": 0.0, "12": 0.0, "13": 0.0, "14": 0.0, "15": 0.0, "16": 0.0, "17": 0.0, "18": 0.1264425401715954, "19": 1.8088652095007198, "20": 24.19272573140125, "21": 4.414161118672574, "22": 0.0, "23": 4.389588500656586, "24": 0.0}, "stor_net_i": {"battery": {"0": 0, "1": 0.0, "2": 0.0, "3": 0.0, "4": 0.0, "5": 0.0, "6": 0.0, "7": 0.0, "8": 0.0, "9": 0.0, "10": 0.0, "11": -5.0, "12": 1.0385012444174162, "13": 2.775273461996715, "14": 1.1862252935858688, "15": 0.0, "16": 0.0, "17": 0.0, "18": -5.0, "19": 0.0, "20": 5.0, "21": -5.0, "22": 0.0, "23": 2.9249454758509223, "24": 2.0750545241490777}, "ev": {"0": 0, "1": -1.135773556259016, "2": -6.12914711809023, "3": -1.0591237684105668, "4": -0.000688863335915002, "5": -3.1420346028670334, "6": -2.243111873381757, "7": 3.9785944693386934, "8": -3.307195700335747, "9": 0.2749414570291133, "10": 0.10694865032334633, "11": -0.4356144916172262, "12": 11.0, "13": 0.5134144058424646, "14": -11.0, "15": 4.024566942584556, "16": -5.456021027118187, "17": -0.7125191893994938, "18": 11.0, "19": 11.0, "20": -10.677235734303007, "21": 11.0, "22": -1.8576980759556356, "23": 1.8576980759556356, "24": -7.6000000000000005}}, "stor_level": {"battery": {"0": 0, "1": 0.0, "2": 0.0, "3": 0.0, "4": 0.0, "5": 0.0, "6": 0.0, "7": 0.0, "8": 0.0, "9": 0.0, "10": 0.0, "11": 5.0, "12": 3.961498755582584, "13": 1.1862252935858688, "14": 0.0, "15": 0.0, "16": 0.0, "17": 0.0, "18": 5.0, "19": 5.0, "20": 0.0, "21": 5.0, "22": 5.0, "23": 2.0750545241490777, "24": 0.0}, "ev": {"0": 7.6000000000000005, "1": 8.735773556259016, "2": 14.864920674349246, "3": 15.924044442759813, "4": 15.924733306095728, "5": 19.06676790896276, "6": 21.309879782344517, "7": 17.33128531300582, "8": 20.63848101334157, "9": 20.363539556312453, "10": 20.256590905989107, "11": 20.692205397606333, "12": 9.692205397606333, "13": 9.178790991763869, "14": 20.17879099176387, "15": 16.154224049179312, "16": 21.6102450762975, "17": 22.322764265696993, "18": 11.322764265696993, "19": 0.3227642656969927, "20": 11.0, "21": 0.0, "22": 1.8576980759556356, "23": 0.0, "24": 7.6000000000000005}}, "dual_con1": {"0": 0.0, "1": 0.0, "2": 0.0, "3": -2.064, "4": -2.064, "5": -2.064, "6": -2.064, "7": -2.064, "8": -2.064, "9": -2.064, "10": -2.064, "11": -2.064, "12": -2.064, "13": -2.064, "14": -2.064, "15": -2.064, "16": -2.064, "17": -2.064, "18": -2.064, "19": -2.064, "20": -2.064, "21": -2.064, "22": -2.064, "23": -2.064, "24": -2.064}, "dual_con2": {"0": 0.0, "1": -0.3, "2": -0.3, "3": -0.3, "4": -0.3, "5": -0.3, "6": -0.3, "7": -0.3, "8": -0.3, "9": -0.3, "10": -0.3, "11": -0.3, "12": -0.3, "13": -0.3, "14": -0.3, "15": -0.3, "16": -0.3, "17": -0.3, "18": -0.3, "19": -0.3, "20": -0.3, "21": -0.3, "22": -0.3, "23": -0.3, "24": -0.3}}