{"u": {"0": 0.0, "1": 1.0, "2": 1.0, "3": 1.0, "4": 1.0, "5": 1.0, "6": 1.0, "7": 1.0, "8": 1.0, "9": 1.0, "10": 1.0, "11": 1.0, "12": 1.0, "13": 1.0, "14": 1.0, "15": 1.0, "16": 1.0, "17": 1.0, "18": 1.0, "19": 1.0, "20": 1.0, "21": 1.0, "22": 1.0, "23": 1.0, "24": 1.0}, "p1": {"0": 0.0, "1": 4.598391230959178, "2": 6.194154631055644, "3": 0.0, "4": 0.0, "5": 0.0, "6": 8.686861727769632, "7": 7.4065162659298025, "8": 11.9307778403956, "9": 14.017451132674221, "10": 20.397605133680564, "11": 17.894243390038703, "12": 8.484896681026084, "13": 9.348972729807675, "14": 13.210167841925285, "15": 1.3903086749375912, "16": 4.739317744026202, "17": 4.253599966393168, "18": 4.197385391490462, "19": 1.9895702079786535, "20": 9.183022681877683, "21": 18.201282787099263, "22": 24.552634438652696, "23": 19.90648083031592, "24": 0.0}, "pg": {"0": 0, "1": 5.0, "2": 10.0, "3": 12.0, "4": 12.0, "5": 12.0, "6": 12.0, "7": 12.0, "8": 12.0, "9": 12.0, "10": 12.0, "11": 12.0, "12": 12.0, "13": 12.0, "14": 12.0, "15": 12.0, "16": 12.0, "17": 12.0, "18": 12.0, "19": 12.0, "20": 12.0, "21": 12.0, "22": 12.0, "23": 12.0, "24": 12.0}, "p2": {"0": 0, "1": 0.0, "2": 0.0, "3": 0.0, "4": 0.0, "5": 5.300490001784281, "6": 8.769297145903671, "7": 0.0, "8": 0.0, "9": 0.0, "10": 0.0, "11": 0.0, "12": 0.956407074603904, "13": 0.0, "14": 0.0, "15": 0.0, "16": 0.0, "17": 0.0, "18": 2.5304973372804067, "19": 4.1698438962200655, "20": 6.781855993090854, "21": 0.0, "22": 0.0, "23": 0.0, "24": 3.150507566921112}, "stor_net_i": {"battery": {"0": 0, "1": 0.0, "2": 0.0, "3": 0.0, "4": 0.0, "5": 0.0, "6": 0.0, "7": 0.0, "8": 0.0, "9": 0.0, "10": 0.0, "11": 0.0, "12": 0.0, "13": -5.0, "14": 1.0524937166333945, "15": 3.9475062833666055, "16": 0.0, "17": 0.0, "18": -5.0, "19": 0.0, "20": 5.0, "21": 0.0, "22": -5.0, "23": 0.0, "24": 5.0}, "ev": {"0": 0, "1": -1.1794153248015586, "2": -5.929012901215174, "3": -1.0591237684105668, "4": -0.000688863335915002, "5": -8.442524604651314, "6": -11.0, "7": 4.455285680452807, "8": -2.617966533860141, "9": 0.7671654201538267, "10": 0.0006171647008841319, "11": -5.394336269032841, "12": 11.0, "13": 8.199505697548453, "14": -11.0, "15": 0.06405891126345331, "16": -7.618989515410291, "17": 0.1579554356783639, "18": 11.0, "19": 11.0, "20": 5.415228513224161, "21": 9.782240957695866, "22": -1.288568295718349, "23": -7.635874015815183, "24": -6.275557688466469}}, "stor_level": {"battery": {"0": 0, "1": 0.0, "2": 0.0, "3": 0.0, "4": 0.0, "5": 0.0, "6": 0.0, "7": 0.0, "8": 0.0, "9": 0.0, "10": 0.0, "11": 0.0, "12": 0.0, "13": 5.0, "14": 3.9475062833666055, "15": 0.0, "16": 0.0, "17": 0.0, "18": 5.0, "19": 5.0, "20": 0.0, "21": 0.0, "22": 5.0, "23": 5.0, "24": 0.0}, "ev": {"0": 7.6000000000000005, "1": 8.779415324801558, "2": 14.708428226016732, "3": 15.767551994427299, "4": 15.768240857763214, "5": 24.21076546241453, "6": 35.21076546241453, "7": 30.755479781961725, "8": 33.373446315821866, "9": 32.60628089566804, "10": 32.60566373096716, "11": 38.0, "12": 27.0, "13": 18.800494302451547, "14": 29.800494302451547, "15": 29.736435391188095, "16": 37.35542490659839, "17": 37.197469470920026, "18": 26.197469470920026, "19": 15.197469470920026, "20": 9.782240957695866, "21": 0.0, "22": 1.288568295718349, "23": 8.924442311533532, "24": 15.200000000000001}}, "dual_con1": {"0": 0.0, "1": 0.0, "2": 0.0, "3": -2.064, "4": -2.064, "5": -2.064, "6": -2.064, "7": -2.064, "8": -2.064, "9": -2.064, "10": -2.064, "11": -2.064, "12": -2.064, "13": -2.064, "14": -2.064, "15": -2.064, "16": -2.064, "17": -2.064, "18": -2.064, "19": -2.064, "20": -2.064, "21": -2.064, "22": -2.064, "23": -2.064, "24": -2.064}, "dual_con2": {"0": 0.0, "1": -0.3, "2": -0.3, "3": -0.3, "4": -0.3, "5": -0.3, "6": -0.3, "7": -0.3, "8": -0.3, "9": -0.3, "10": -0.3, "11": -0.3, "12": -0.3, "13": -0.3, "14": -0.3, "15": -0.3, "16": -0.3, "17": -0.3, "18": -0.3, "19": -0.3, "20": -0.3, "21": -0.3, "22": -0.3, "23": -0.3, "24": -0.3}}