{"u": {"0": 0.0, "1": 1.0, "2": 1.0, "3": 1.0, "4": 1.0, "5": 1.0, "6": 1.0, "7": 1.0, "8": 1.0, "9": 1.0, "10": 1.0, "11": 1.0, "12": 1.0, "13": 1.0, "14": 1.0, "15": 1.0, "16": 1.0, "17": 1.0, "18": 1.0, "19": 1.0, "20": 1.0, "21": 1.0, "22": 1.0, "23": 1.0, "24": 1.0}, "p1": {"0": 0.0, "1": 2.5873630685078304, "2": 4.15262497594356, "3": 0.0, "4": 0.0, "5": 2.072996919997369, "6": 9.87964682114173, "7": 7.7349579846109755, "8": 12.209375509862248, "9": 13.782253854537936, "10": 19.470483682449384, "11": 17.07446754962006, "12": 4.095750646478155, "13": 9.05692876078256, "14": 17.304533146919546, "15": 0.0, "16": 6.466019754320044, "17": 5.191854963691217, "18": 5.065995149418253, "19": 2.2721876234205993, "20": 10.652672832979482, "21": 17.685172135831625, "22": 27.316340161724437, "23": 19.746675635561942, "24": 8.455632800572205}, "pg": {"0": 0, "1": 5.0, "2": 10.0, "3": 12.0, "4": 12.0, "5": 12.0, "6": 12.0, "7": 12.0, "8": 12.0, "9": 12.0, "10": 12.0, "11": 12.0, "12": 12.0, "13": 12.0, "14": 12.0, "15": 12.0, "16": 12.0, "17": 12.0, "18": 12.0, "19": 12.0, "20": 12.0, "21": 12.0, "22": 12.0, "23": 12.0, "24": 12.0}, "p2": {"0": 0, "1": 0.0, "2": 0.0, "3": 0.0, "4": 0.0, "5": 0.0, "6": 0.0, "7": 0.0, "8": 0.0, "9": 0.0, "10": 0.0, "11": 0.0, "12": 0.3455531091518331, "13": 0.0, "14": 0.0, "15": 2.6190665733293574, "16": 0.0, "17": 0.0, "18": 0.0, "19": 0.0, "20": 19.614660835991334, "21": 9.646077590173412, "22": 0.0, "23": 2.943248256821235, "24": 0.0}, "stor_net_i": {"battery": {"0": 0, "1": 0.0, "2": 0.0, "3": 0.0, "4": 0.0, "5": 0.0, "6": 0.0, "7": 0.0, "8": 0.0, "9": 0.0, "10": -5.0, "11": 0.0, "12": 5.0, "13": 0.0, "14": -3.0418715883608662, "15": 3.0418715883608662, "16": 0.0, "17": -1.6618875793526158, "18": -3.3381124206473842, "19": 3.8872264807781214, "20": -3.8872264807781214, "21": 0.6522740187900915, "22": -0.6522740187900915, "23": 0.5806829221175605, "24": 4.4193170778824395}, "ev": {"0": 0, "1": 0.8316128376497893, "2": -3.8874832461030895, "3": -1.0591237684105668, "4": -0.000688863335915002, "5": -5.215031522864402, "6": -3.423487947468427, "7": 4.126843961771634, "8": -2.8965642033267898, "9": 1.0023626982901117, "10": 5.927738615932064, "11": -4.574560428614198, "12": 11.0, "13": 3.491549666573567, "14": -11.0, "15": -0.25906429212257187, "16": -9.345691525704133, "17": 0.8815880177329305, "18": 11.0, "19": 11.0, "20": 0.0, "21": 0.0, "22": -8.400000000000002, "23": -11.0, "24": -11.0}}, "stor_level": {"battery": {"0": 0, "1": 0.0, "2": 0.0, "3": 0.0, "4": 0.0, "5": 0.0, "6": 0.0, "7": 0.0, "8": 0.0, "9": 0.0, "10": 5.0, "11": 5.0, "12": 0.0, "13": 0.0, "14": 3.0418715883608662, "15": 0.0, "16": 0.0, "17": 1.6618875793526158, "18": 5.0, "19": 1.1127735192218786, "20": 5.0, "21": 4.3477259812099085, "22": 5.0, "23": 4.4193170778824395, "24": 0.0}, "ev": {"0": 7.6000000000000005, "1": 6.768387162350211, "2": 10.6558704084533, "3": 11.714994176863867, "4": 11.715683040199782, "5": 16.930714563064186, "6": 20.354202510532613, "7": 16.22735854876098, "8": 19.12392275208777, "9": 18.12156005379766, "10": 12.193821437865594, "11": 16.768381866479793, "12": 5.768381866479793, "13": 2.2768321999062255, "14": 13.276832199906226, "15": 13.535896492028797, "16": 22.88158801773293, "17": 22.0, "18": 11.0, "19": 0.0, "20": 0.0, "21": 0.0, "22": 8.400000000000002, "23": 19.400000000000002, "24": 30.400000000000002}}, "dual_con1": {"0": 0.0, "1": 0.0, "2": 0.0, "3": -2.064, "4": -2.064, "5": -2.064, "6": -2.064, "7": -2.064, "8": -2.064, "9": -2.064, "10": -2.064, "11": -2.064, "12": -2.064, "13": -2.064, "14": -2.064, "15": -2.064, "16": -2.064, "17": -2.064, "18": -2.064, "19": -2.064, "20": -2.064, "21": -2.064, "22": -2.064, "23": -2.064, "24": -2.064}, "dual_con2": {"0": 0.0, "1": -0.3, "2": -0.3, "3": -0.3, "4": -0.3, "5": -0.3, "6": -0.3, "7": -0.3, "8": -0.3, "9": -0.3, "10": -0.3, "11": -0.3, "12": -0.3, "13": -0.3, "14": -0.3, "15": -0.3, "16": -0.3, "17": -0.3, "18": -0.3, "19": -0.3, "20": -0.3, "21": -0.3, "22": -0.3, "23": -0.3, "24": -0.3}}