{"u": {"0": 0, "1": 1.0, "2": 1.0, "3": 1.0, "4": 1.0, "5": 1.0, "6": 1.0, "7": 1.0, "8": 1.0, "9": 1.0, "10": 1.0, "11": 1.0, "12": 1.0, "13": 1.0, "14": 1.0, "15": 1.0, "16": 1.0, "17": 1.0, "18": 1.0, "19": 1.0, "20": 1.0, "21": 1.0, "22": 1.0, "23": 1.0, "24": 1.0}, "p1": {"0": 0, "1": 4.511834710458574, "2": 6.200544055902892, "3": 0.0, "4": 0.0, "5": 0.0, "6": 9.144229809647637, "7": 7.355293634703536, "8": 11.86352203266243, "9": 14.133630527025375, "10": 20.46194127060511, "11": 17.33864006937073, "12": 8.684789764295841, "13": 7.660209581030255, "14": 12.975973457039949, "15": 2.325607028705015, "16": 3.843605583069184, "17": 3.952334086777615, "18": 4.0544129677862575, "19": 2.0360773679528013, "20": 10.257836697710374, "21": 18.055401566823758, "22": 24.988493416085205, "23": 20.860428971116423, "24": 0.0}, "alpha": {"0": 0, "1": 1.0975948631269157, "2": 1.4743699590770998, "3": 2.100702302630314, "4": 1.4844692694745651, "5": 1.8198360274515468, "6": 1.9247310571057088, "7": 1.975411909588939, "8": 1.7989433902012673, "9": 1.7329108418923802, "10": 1.5684176188184673, "11": 1.7494079791887756, "12": 1.6485630707112429, "13": 2.2529371256909188, "14": 1.8252079628880118, "15": 2.203317891388494, "16": 1.7929183250792433, "17": 2.0902997739667146, "18": 2.368676109664124, "19": 2.380176789614158, "20": 2.2019759119072773, "21": 1.5948556875573832, "22": 1.470451975174432, "23": 1.577871308665065, "24": 1.0856274952236442}}