stor_level,time,iterations
0,187.73166489601135,9
4,112.93556094169617,5
8,92.93233394622803,4
12,92.76361393928528,4
16,93.47172904014587,4
20,93.1201639175415,4
TOTAL,672.9967520236969,0
