{"u": {"0": 0.0, "1": 1.0, "2": 1.0, "3": 1.0, "4": 1.0, "5": 1.0, "6": 1.0, "7": 1.0, "8": 1.0, "9": 1.0, "10": 1.0, "11": 1.0, "12": 1.0, "13": 1.0, "14": 1.0, "15": 1.0, "16": 1.0, "17": 1.0, "18": 1.0, "19": 1.0, "20": 1.0, "21": 1.0, "22": 1.0, "23": 1.0, "24": 1.0}, "p1": {"0": 0.0, "1": 0.1732467257951109, "2": 0.0, "3": 0.0, "4": 0.0, "5": 0.0, "6": 2.7493735074053536, "7": 9.527368103567253, "8": 11.359699491129, "9": 13.653956703318663, "10": 19.613661393565643, "11": 17.36390845675997, "12": 15.589390946838552, "13": 9.348749976458071, "14": 5.359801729516901, "15": 3.2594314623219223, "16": 3.629242888750193, "17": 7.707582567554105, "18": 11.922435253777191, "19": 15.810400787294444, "20": 21.8270998024717, "21": 25.90126510337877, "22": 18.184900763092283, "23": 10.129523458447544, "24": 0.5188601139380928}, "pg": {"0": 0, "1": 5.0, "2": 5.612619072188263, "3": 10.612619072188263, "4": 12.0, "5": 12.0, "6": 12.0, "7": 12.0, "8": 12.0, "9": 12.0, "10": 11.60216632759254, "11": 12.0, "12": 12.0, "13": 12.0, "14": 12.0, "15": 7.631900550184076, "16": 10.932367613794264, "17": 12.0, "18": 12.0, "19": 12.0, "20": 12.0, "21": 12.0, "22": 12.0, "23": 7.0, "24": 10.570579661373177}, "p2": {"0": 0, "1": 1.9311076031304264, "2": 0.0, "3": 0.0, "4": 0.0, "5": 0.0, "6": 0.7679705633727618, "7": 0.0, "8": 0.0, "9": 0.0, "10": 0.0, "11": 0.0, "12": 0.0, "13": 0.0, "14": 0.0, "15": 0.0, "16": 0.0, "17": 0.0, "18": 0.0, "19": 0.0, "20": 0.0, "21": 0.0, "22": 0.0, "23": 0.0, "24": 0.0}, "stor_net_i": {"0": 0, "1": 0.0, "2": -0.7757226085923907, "3": -1.6519600081519492, "4": -2.7960015719575306, "5": -2.7763158112981294, "6": 3.753255726334631, "7": -0.07005322604640263, "8": 1.006671764293909, "9": 3.310125735417863, "10": -4.357502167998861, "11": -0.4909116317458668, "12": -0.8660939372264842, "13": 4.534439630791233, "14": 1.180068106179979, "15": 0.0, "16": -1.4833935027698217, "17": 0.7018046417137427, "18": -0.12619825835155396, "19": -2.3397998143681775, "20": 0.9652764010562151, "21": -2.611555374711358, "22": 4.893865907430953, "23": -0.6288073911355596, "24": 0.6288073911355596}, "stor_level": {"0": 0, "1": 0.0, "2": 0.7757226085923907, "3": 2.42768261674434, "4": 5.223684188701871, "5": 8.0, "6": 4.246744273665369, "7": 4.316797499711772, "8": 3.310125735417863, "9": 0.0, "10": 4.357502167998861, "11": 4.848413799744728, "12": 5.714507736971212, "13": 1.180068106179979, "14": 0.0, "15": 0.0, "16": 1.4833935027698217, "17": 0.781588861056079, "18": 0.907787119407633, "19": 3.2475869337758105, "20": 2.2823105327195954, "21": 4.893865907430953, "22": 0.0, "23": 0.6288073911355596, "24": 0.0}, "dual_con1": {"0": 0.0, "1": 0.0, "2": 0.0, "3": 0.0, "4": 0.0, "5": 0.0, "6": -2.064, "7": -2.064, "8": -2.064, "9": -2.064, "10": 0.0, "11": 0.0, "12": 0.0, "13": 0.0, "14": 0.0, "15": 0.0, "16": 0.0, "17": 0.0, "18": 0.0, "19": 0.0, "20": 0.0, "21": 0.0, "22": 0.0, "23": 0.0, "24": 0.0}, "dual_con2": {"0": 0.0, "1": -0.3, "2": -0.128, "3": -0.128, "4": -0.128, "5": -0.128, "6": -0.3, "7": -0.3, "8": -0.3, "9": -0.3, "10": -0.128, "11": -0.128, "12": -0.128, "13": -0.128, "14": -0.128, "15": -0.128, "16": -0.128, "17": -0.128, "18": -0.128, "19": -0.128, "20": -0.128, "21": -0.128, "22": -0.128, "23": -0.128, "24": -0.128}}