{"u": {"0": 0, "1": 1.0, "2": 1.0, "3": 1.0, "4": 1.0, "5": 1.0, "6": 1.0, "7": 1.0, "8": 1.0, "9": 1.0, "10": 1.0, "11": 1.0, "12": 1.0, "13": 1.0, "14": 1.0, "15": 1.0, "16": 1.0, "17": 1.0, "18": 1.0, "19": 1.0, "20": 1.0, "21": 1.0, "22": 1.0, "23": 1.0, "24": 1.0}, "p1": {"0": 0, "1": 5.570411678535429, "2": 2.041897669036972, "3": 0.0, "4": 0.0, "5": 0.0, "6": 3.211621259432798, "7": 10.006364153371681, "8": 14.147442787647654, "9": 9.457813821040284, "10": 23.775479244757257, "11": 16.18102259649743, "12": 18.15467616083262, "13": 5.125308297395161, "14": 0.35753087626759417, "15": 2.0822965612886755, "16": 5.402339047522574, "17": 9.478429195193703, "18": 9.498691455880369, "19": 19.12844840200745, "20": 14.795048180864354, "21": 33.1040135530035, "22": 16.768598036661135, "23": 0.0, "24": 0.17025154140710974}, "alpha": {"0": 0, "1": 1.1144814071265259, "2": 1.4581093789948714, "3": 1.2946985477191322, "4": 1.4082113849272693, "5": 1.5980227437056338, "6": 1.7646124359485988, "7": 1.53057134379755, "8": 1.6097136278114579, "9": 1.8072528868271833, "10": 1.5461402084360762, "11": 1.9212102170294347, "12": 1.7175848331118408, "13": 1.7814039207006331, "14": 1.9243470984449258, "15": 1.795753064085766, "16": 1.9487538968332139, "17": 1.6406475976228672, "18": 2.034857105021556, "19": 1.894106959472401, "20": 2.054321818600754, "21": 1.5736041441652857, "22": 1.8732723719660869, "23": 1.736515405033713, "24": 1.405033108653489}}