{"u": {"0": 0, "1": 1.0, "2": 1.0, "3": 1.0, "4": 1.0, "5": 1.0, "6": 1.0, "7": 1.0, "8": 1.0, "9": 1.0, "10": 1.0, "11": 1.0, "12": 1.0, "13": 1.0, "14": 1.0, "15": 1.0, "16": 1.0, "17": 1.0, "18": 1.0, "19": 1.0, "20": 1.0, "21": 1.0, "22": 1.0, "23": 1.0, "24": 1.0}, "p1": {"0": 0, "1": 5.647461751406546, "2": 1.0810623682422396, "3": 0.0, "4": 0.0, "5": 1.4308940212130512, "6": 5.0115270405659675, "7": 7.822112170018297, "8": 13.182947443755639, "9": 8.801393519919, "10": 22.843569712249092, "11": 15.452482213205137, "12": 15.621147079034303, "13": 0.0, "14": 4.965018553670141, "15": 6.02084960361433, "16": 7.250072420164976, "17": 6.624404734185621, "18": 12.462630474110782, "19": 19.13610826573862, "20": 15.415340198619868, "21": 33.35124124284402, "22": 11.813550005811559, "23": 0.0, "24": 0.41925949338114243}, "alpha": {"0": 0, "1": 1.1135663852651891, "2": 1.5595780503132193, "3": 1.478801981301049, "4": 1.4995133946246317, "5": 1.7923689706144226, "6": 1.7621326901286565, "7": 1.57320872167399, "8": 1.8355236405473707, "9": 2.130178977163566, "10": 1.8209130681885273, "11": 1.9639723320171167, "12": 1.712043557651342, "13": 1.8765254447301778, "14": 1.7341640672073222, "15": 1.8953385718501525, "16": 1.5508552423464774, "17": 1.7458829879969748, "18": 1.8273545347762785, "19": 1.869009000353048, "20": 1.8718342132741002, "21": 1.4694358372131289, "22": 2.14658678122097, "23": 1.8442900062060943, "24": 1.39273072306128}}