{"u": {"0": 0, "1": 1.0, "2": 1.0, "3": 1.0, "4": 1.0, "5": 1.0, "6": 1.0, "7": 1.0, "8": 1.0, "9": 1.0, "10": 1.0, "11": 1.0, "12": 1.0, "13": 1.0, "14": 1.0, "15": 1.0, "16": 1.0, "17": 1.0, "18": 1.0, "19": 1.0, "20": 1.0, "21": 1.0, "22": 1.0, "23": 1.0, "24": 1.0}, "p1": {"0": 0, "1": 1.6733132849557988, "2": 0.0, "3": 0.0, "4": 0.0, "5": 0.0, "6": 2.7905882598599394, "7": 8.545366895072283, "8": 10.367242290562578, "9": 12.28473616001592, "10": 18.132862679537876, "11": 16.197807220561167, "12": 14.384821258191561, "13": 8.538881478790142, "14": 4.5051747336300405, "15": 2.6480597901109046, "16": 2.635680592474099, "17": 6.655468974296561, "18": 10.482233146311463, "19": 14.03778698229436, "20": 20.175382376721046, "21": 23.896000199605336, "22": 15.919272677071454, "23": 8.630597236263235, "24": 0.0}, "alpha": {"0": 0, "1": 1.065311939145233, "2": 1.0555580915993286, "3": 1.3040372957290634, "4": 1.304837988126402, "5": 1.2927053685421204, "6": 2.0226290477216606, "7": 2.0611285395692547, "8": 2.073055049380295, "9": 2.1347928906742144, "10": 2.203891700236843, "11": 2.185428553102356, "12": 2.1696695363991014, "13": 2.059179616539247, "14": 2.020785728015829, "15": 1.994689712715739, "16": 2.0173716375079827, "17": 2.0600952517015, "18": 2.0814789130179427, "19": 2.193454966440754, "20": 2.1992346555281, "21": 2.2778402437547847, "22": 2.2332799643055905, "23": 2.075088672984413, "24": 1.6566982590623445}}