{"u": {"0": 0.0, "1": 1.0, "2": 1.0, "3": 1.0, "4": 1.0, "5": 1.0, "6": 1.0, "7": 1.0, "8": 1.0, "9": 1.0, "10": 1.0, "11": 1.0, "12": 1.0, "13": 1.0, "14": 1.0, "15": 1.0, "16": 1.0, "17": 1.0, "18": 1.0, "19": 1.0, "20": 1.0, "21": 1.0, "22": 1.0, "23": 1.0, "24": 1.0}, "p1": {"0": 0.0, "1": 5.647461751406546, "2": 1.0810623682422396, "3": 0.0, "4": 0.0, "5": 1.4308940212130512, "6": 5.0115270405659675, "7": 7.822112170018297, "8": 13.182947443755639, "9": 8.801393519919, "10": 22.843569712249092, "11": 15.452482213205137, "12": 15.621147079034303, "13": 0.0, "14": 4.965018553670141, "15": 6.02084960361433, "16": 7.250072420164976, "17": 6.624404734185621, "18": 12.462630474110782, "19": 19.13610826573862, "20": 15.415340198619868, "21": 33.35124124284402, "22": 11.813550005811559, "23": 0.0, "24": 0.41925949338114243}, "pg": {"0": 0, "1": 5.0, "2": 10.0, "3": 12.0, "4": 12.0, "5": 12.0, "6": 11.406023799547361, "7": 12.0, "8": 12.0, "9": 12.0, "10": 12.0, "11": 12.0, "12": 12.0, "13": 12.0, "14": 12.0, "15": 7.294677429017771, "16": 12.0, "17": 12.0, "18": 12.0, "19": 12.0, "20": 12.0, "21": 11.938468485823392, "22": 12.0, "23": 12.0, "24": 11.298987673065687}, "p2": {"0": 0, "1": 0.0, "2": 0.0, "3": 0.0, "4": 0.0, "5": 0.0, "6": 0.0, "7": 0.0, "8": 0.0, "9": 0.0, "10": 0.0, "11": 0.0, "12": 0.0, "13": 0.0, "14": 0.0, "15": 0.0, "16": 0.0, "17": 0.0, "18": 0.0, "19": 0.0, "20": 0.0, "21": 0.0, "22": 0.0, "23": 0.0, "24": 0.0}, "stor_net_i": {"0": 0, "1": -3.5431074224810084, "2": -6.244165904646366, "3": -3.0393409359636863, "4": -2.7960015719575306, "5": -4.207209832511181, "6": 2.8530489569994195, "7": 1.635202707502554, "8": -0.8165761883327303, "9": 8.162688918817526, "10": -7.9852441590897705, "11": 1.420514611808965, "12": -0.8978500694222351, "13": 13.883189607249303, "14": 1.5748512820267386, "15": -2.4241950201261027, "16": -6.17185542039034, "17": 1.7849824750822272, "18": -0.6663934786851442, "19": -5.665507292812354, "20": 7.3770360049080494, "21": -10.0, "22": 11.26521666471168, "23": 4.500716067311984, "24": 0.0}, "stor_level": {"0": 0, "1": 3.5431074224810084, "2": 9.787273327127373, "3": 12.82661426309106, "4": 15.62261583504859, "5": 19.82982566755977, "6": 16.97677671056035, "7": 15.341574003057795, "8": 16.158150191390526, "9": 7.995461272573001, "10": 15.980705431662772, "11": 14.560190819853807, "12": 15.458040889276042, "13": 1.5748512820267386, "14": 0.0, "15": 2.4241950201261027, "16": 8.596050440516443, "17": 6.811067965434216, "18": 7.47746144411936, "19": 13.142968736931714, "20": 5.765932732023664, "21": 15.765932732023664, "22": 4.500716067311984, "23": 0.0, "24": 0.0}, "dual_con1": {"0": 0.0, "1": 0.0, "2": 0.0, "3": 0.0, "4": 0.0, "5": 0.0, "6": 0.0, "7": 0.0, "8": 0.0, "9": 0.0, "10": 0.0, "11": 0.0, "12": 0.0, "13": 0.0, "14": 0.0, "15": 0.0, "16": 0.0, "17": 0.0, "18": 0.0, "19": 0.0, "20": 0.0, "21": 0.0, "22": 0.0, "23": 0.0, "24": 0.0}, "dual_con2": {"0": 0.0, "1": -0.128, "2": -0.128, "3": -0.128, "4": -0.128, "5": -0.128, "6": -0.128, "7": -0.128, "8": -0.128, "9": -0.128, "10": -0.128, "11": -0.128, "12": -0.128, "13": -0.128, "14": -0.128, "15": -0.128, "16": -0.128, "17": -0.128, "18": -0.128, "19": -0.128, "20": -0.128, "21": -0.128, "22": -0.128, "23": -0.128, "24": -0.128}}