{"u": {"0": 0, "1": 1.0, "2": 1.0, "3": 1.0, "4": 1.0, "5": 1.0, "6": 1.0, "7": 1.0, "8": 1.0, "9": 1.0, "10": 1.0, "11": 1.0, "12": 1.0, "13": 1.0, "14": 1.0, "15": 1.0, "16": 1.0, "17": 1.0, "18": 1.0, "19": 1.0, "20": 1.0, "21": 1.0, "22": 1.0, "23": 1.0, "24": 1.0}, "p1": {"0": 0, "1": 0.1732467257951109, "2": 0.0, "3": 0.0, "4": 0.0, "5": 0.0, "6": 2.7493735074053536, "7": 9.527368103567253, "8": 11.359699491129, "9": 13.653956703318663, "10": 19.613661393565643, "11": 17.36390845675997, "12": 15.589390946838552, "13": 9.348749976458071, "14": 5.359801729516901, "15": 3.2594314623219223, "16": 3.629242888750193, "17": 7.707582567554105, "18": 11.922435253777191, "19": 15.810400787294444, "20": 21.8270998024717, "21": 25.90126510337877, "22": 18.184900763092283, "23": 10.129523458447544, "24": 0.5188601139380928}, "alpha": {"0": 0, "1": 1.4802224242262951, "2": 1.4120653840492217, "3": 1.352506157544483, "4": 1.4015279237145766, "5": 1.4801499283269857, "6": 1.6466669574106998, "7": 1.6760701587388935, "8": 1.683436616767061, "9": 1.637410022143655, "10": 1.658885563793556, "11": 1.7415444589506686, "12": 1.7155703973100707, "13": 1.732972105825916, "14": 1.6887720552030703, "15": 1.7464063375249992, "16": 1.6510401078741963, "17": 1.665443577179169, "18": 1.563933965652518, "19": 1.5707212438863096, "20": 1.5923063321185356, "21": 1.5654286790527188, "22": 1.4681815540367376, "23": 1.5463029180466055, "24": 1.362850536894195}}