{"u": {"0": 0, "1": 1.0, "2": 1.0, "3": 1.0, "4": 1.0, "5": 1.0, "6": 1.0, "7": 1.0, "8": 1.0, "9": 1.0, "10": 1.0, "11": 1.0, "12": 1.0, "13": 1.0, "14": 1.0, "15": 1.0, "16": 1.0, "17": 1.0, "18": 1.0, "19": 1.0, "20": 1.0, "21": 1.0, "22": 1.0, "23": 1.0, "24": 1.0}, "p1": {"0": 0, "1": 0.773629987462761, "2": 0.0, "3": 0.0, "4": 0.0, "5": 0.0, "6": 2.824423554825172, "7": 9.924673873414534, "8": 38.61476504551374, "9": 0.0, "10": 7.4573722282486035, "11": 18.69235963999997, "12": 20.987315657534648, "13": 27.376869204518417, "14": 16.69977852642312, "15": 11.909137944768148, "16": 0.0, "17": 16.738935790374327, "18": 5.194480124968617, "19": 18.17713403344555, "20": 19.584887931479194, "21": 24.674037972602274, "22": 17.325767421336653, "23": 10.29160665720157, "24": 0.2850340603480017}, "alpha": {"0": 0, "1": 1.2640477631454778, "2": 1.1110810235952933, "3": 1.3372891098078203, "4": 1.3618372697102732, "5": 1.4822648613410065, "6": 1.779416207366566, "7": 1.5311907876951303, "8": 1.5654763709370432, "9": 1.494938698277081, "10": 1.6461534372549682, "11": 1.6108694615982757, "12": 1.3733613028022087, "13": 1.2443415421748112, "14": 1.4039890397538977, "15": 1.6975829542127479, "16": 1.343605949958203, "17": 1.74090047493012, "18": 2.2596943989574467, "19": 1.2994926607879003, "20": 2.2119930222103608, "21": 1.898994716709422, "22": 1.7599444489429443, "23": 1.4881472517478487, "24": 1.4243784042518002}}