charge_target,time,iterations
0.8,5.041943073272705,5
TOTAL,5.048917055130005,0
