{"u": {"0": 0, "1": 1.0, "2": 1.0, "3": 1.0, "4": 1.0, "5": 1.0, "6": 1.0, "7": 1.0, "8": 1.0, "9": 1.0, "10": 1.0, "11": 1.0, "12": 1.0, "13": 1.0, "14": 1.0, "15": 1.0, "16": 1.0, "17": 1.0, "18": 1.0, "19": 1.0, "20": 1.0, "21": 1.0, "22": 1.0, "23": 1.0, "24": 1.0}, "p1": {"0": 0, "1": 0.0, "2": 0.0, "3": 0.0, "4": 0.0, "5": 0.0, "6": 3.9395780445702275, "7": 8.385474303534515, "8": 9.490796970750349, "9": 9.544383656858148, "10": 22.186612916453598, "11": 11.262370065369328, "12": 17.631874081237665, "13": 3.165052953289157, "14": 0.0, "15": 3.342668810791597, "16": 0.5666010466613756, "17": 7.997380113019059, "18": 8.24124815758291, "19": 14.114371904908184, "20": 17.578679378320885, "21": 21.775548163972275, "22": 12.690361027300565, "23": 7.293446220101895, "24": 0.022358605764413397}, "alpha": {"0": 0, "1": 1.5812678385596555, "2": 1.1963806280793159, "3": 1.4220998269129148, "4": 1.4567714718132758, "5": 1.466684214417446, "6": 1.6844085294654145, "7": 1.8343494664515474, "8": 2.2311450096032233, "9": 2.879420525081374, "10": 1.2743470029914734, "11": 3.4783840810220306, "12": 1.4409586784578592, "13": 3.5612202388951797, "14": 3.8776771236705816, "15": 1.8847321970913375, "16": 2.3995175244490903, "17": 1.658211490502439, "18": 2.591063853732494, "19": 2.179617685711418, "20": 2.961309659009289, "21": 2.765899488564621, "22": 3.201372920064925, "23": 2.390586979476952, "24": 1.519156382125438}}