{"u": {"0": 0, "1": 1.0, "2": 1.0, "3": 1.0, "4": 1.0, "5": 1.0, "6": 1.0, "7": 1.0, "8": 1.0, "9": 1.0, "10": 1.0, "11": 1.0, "12": 1.0, "13": 1.0, "14": 1.0, "15": 1.0, "16": 1.0, "17": 1.0, "18": 1.0, "19": 1.0, "20": 1.0, "21": 1.0, "22": 1.0, "23": 1.0, "24": 1.0}, "p1": {"0": 0, "1": 0.0, "2": 0.0, "3": 0.0, "4": 0.0, "5": 0.0, "6": 4.37792295909062, "7": 9.127567298521546, "8": 37.52229383933696, "9": -0.0, "10": 27.539011100063988, "11": 6.644829489558976, "12": 6.618664505723167, "13": 1.9276490716857193, "14": 30.350719661151377, "15": 3.9813152824515274, "16": 5.6365217662556475, "17": 28.715602138219325, "18": 2.1215804143821693, "19": 17.031247483369533, "20": 15.745758600772332, "21": 22.77664363919217, "22": 11.505787826608453, "23": 10.41833226319183, "24": 0.0}, "alpha": {"0": 0, "1": 1.2191695954223083, "2": 1.3432024733920893, "3": 1.3089673393701262, "4": 1.456870804231887, "5": 1.536, "6": 1.5687951033444276, "7": 1.584648125987184, "8": 2.5869081504721647, "9": 1.536, "10": 1.817083576637308, "11": 1.285821407926548, "12": 1.1824387452412575, "13": 1.4645521028710295, "14": 1.5549042933988138, "15": 1.451186076678632, "16": 1.599117338285669, "17": 2.3344031974666644, "18": 2.4940828310885994, "19": 1.0311828040050444, "20": 2.2189238089490715, "21": 1.5739155071203488, "22": 3.534407281931024, "23": 1.5657100058719264, "24": 1.406567468779457}}