{"u": {"0": 0.0, "1": 1.0, "2": 1.0, "3": 1.0, "4": 1.0, "5": 1.0, "6": 1.0, "7": 1.0, "8": 1.0, "9": 1.0, "10": 1.0, "11": 1.0, "12": 1.0, "13": 1.0, "14": 1.0, "15": 1.0, "16": 1.0, "17": 1.0, "18": 1.0, "19": 1.0, "20": 1.0, "21": 1.0, "22": 1.0, "23": 1.0, "24": 1.0}, "p1": {"0": 0.0, "1": 0.0, "2": 0.0, "3": 0.0, "4": 0.0, "5": 0.0, "6": 4.37792295909062, "7": 9.127567298521546, "8": 37.52229383933696, "9": 0.0, "10": 27.539011100063988, "11": 6.644829489558976, "12": 6.618664505723167, "13": 1.9276490716857193, "14": 30.350719661151377, "15": 3.9813152824515274, "16": 5.6365217662556475, "17": 28.715602138219325, "18": 2.1215804143821693, "19": 17.031247483369533, "20": 15.745758600772332, "21": 22.77664363919217, "22": 11.505787826608453, "23": 10.41833226319183, "24": 0.0}, "pg": {"0": 0, "1": 5.0, "2": 9.521163471181094, "3": 8.931451206477128, "4": 10.951671704595698, "5": 12.0, "6": 12.0, "7": 12.0, "8": 12.0, "9": 12.0, "10": 12.0, "11": 8.53072500874094, "12": 3.530725008740941, "13": 8.53072500874094, "14": 12.0, "15": 12.0, "16": 12.0, "17": 10.775842474304405, "18": 12.0, "19": 9.947055990123049, "20": 12.0, "21": 11.792901055789454, "22": 12.0, "23": 10.285866347537844, "24": 12.0}, "p2": {"0": 0, "1": 0.0, "2": 0.0, "3": 0.0, "4": 0.0, "5": 0.0, "6": 0.0, "7": 0.0, "8": 0.0, "9": 0.0, "10": 0.0, "11": 0.0, "12": 0.0, "13": 0.0, "14": 0.0, "15": 0.0, "16": 0.0, "17": 0.0, "18": 3.7912887228405374, "19": 0.0, "20": 0.0, "21": 0.0, "22": 0.0, "23": 0.0, "24": 0.0}, "stor_net_i": {"battery": {"0": null, "1": -2.139709657192193, "2": 2.139709657192192, "3": 0.0, "4": -1.1614858508547208, "5": -2.616361779196673, "6": 2.7070473728057127, "7": 1.070800257245681, "8": -5.0, "9": 0.17890246953908218, "10": 4.821097530460918, "11": 0.0, "12": -5.0, "13": 5.0, "14": -5.0, "15": 0.0, "16": 5.0, "17": -5.0, "18": 5.0, "19": -0.5926053386082781, "20": 0.5926053386082781, "21": -4.446856280768493, "22": 4.446856280768493, "23": -0.6373305760322712, "24": 0.6373305760322712}, "ev_1": {"0": 0, "1": 0, "2": 0, "3": 0, "4": 0, "5": 0, "6": 0, "7": 0, "8": 0.7595569791042749, "9": -3.5372084066747007, "10": -11.0, "11": 11.0, "12": 0.7308244778095663, "13": 5.84682694976086, "14": 0.0, "15": 0.0, "16": -4.2, "17": -11.0, "18": 0, "19": 0, "20": 0, "21": 0, "22": 0, "23": 0, "24": 0}, "ev_2": {"0": 0, "1": 0, "2": 0, "3": 0, "4": 0, "5": 0, "6": 0, "7": 0, "8": -11.0, "9": 6.991177993275599, "10": -11.0, "11": 7.808822006724398, "12": 11.0, "13": -2.005641787683661, "14": -10.011339879186838, "15": 9.697981978142792, "16": -1.8810003112722917, "17": -11.0, "18": 0, "19": 0, "20": 0, "21": 0, "22": 0, "23": 0, "24": 0}, "ev_3": {"0": 0, "1": 0, "2": 0, "3": 0, "4": 0, "5": 0, "6": 0, "7": 0, "8": -11.0, "9": 11.0, "10": 3.799999999999997, "11": -11.0, "12": 11.0, "13": 0.0, "14": -11.0, "15": -11.0, "16": -0.8000000000000007, "17": 7.600000000000001, "18": 0, "19": 0, "20": 0, "21": 0, "22": 0, "23": 0, "24": 0}}, "stor_level": {"battery": {"0": 0, "1": 2.139709657192193, "2": 0.0, "3": 0.0, "4": 1.1614858508547208, "5": 3.7778476300513937, "6": 1.070800257245681, "7": 0.0, "8": 5.0, "9": 4.821097530460918, "10": 0.0, "11": 0.0, "12": 5.0, "13": 0.0, "14": 5.0, "15": 5.0, "16": 0.0, "17": 5.0, "18": 0.0, "19": 0.5926053386082781, "20": 0.0, "21": 4.446856280768493, "22": 0.0, "23": 0.6373305760322712, "24": 0.0}, "ev_1": {"0": 0, "1": 0, "2": 0, "3": 0, "4": 0, "5": 0, "6": 0, "7": 0, "8": 10.640443020895725, "9": 14.177651427570426, "10": 25.177651427570424, "11": 14.177651427570424, "12": 13.446826949760862, "13": 7.6000000000000005, "14": 7.6000000000000005, "15": 7.6000000000000005, "16": 11.8, "17": 22.8, "18": 0, "19": 0, "20": 0, "21": 0, "22": 0, "23": 0, "24": 0}, "ev_2": {"0": 0, "1": 0, "2": 0, "3": 0, "4": 0, "5": 0, "6": 0, "7": 0, "8": 22.4, "9": 15.4088220067244, "10": 26.4088220067244, "11": 18.6, "12": 7.6000000000000005, "13": 9.605641787683663, "14": 19.6169816668705, "15": 9.918999688727709, "16": 11.8, "17": 22.8, "18": 0, "19": 0, "20": 0, "21": 0, "22": 0, "23": 0, "24": 0}, "ev_3": {"0": 0, "1": 0, "2": 0, "3": 0, "4": 0, "5": 0, "6": 0, "7": 0, "8": 22.4, "9": 11.399999999999999, "10": 7.6000000000000005, "11": 18.6, "12": 7.6000000000000005, "13": 7.6000000000000005, "14": 18.6, "15": 29.6, "16": 30.400000000000002, "17": 22.8, "18": 0, "19": 0, "20": 0, "21": 0, "22": 0, "23": 0, "24": 0}}, "dual_con1": {"0": 0.0, "1": 0.0, "2": 0.0, "3": 0.0, "4": 0.0, "5": 0.0, "6": 0.0, "7": 0.0, "8": 0.0, "9": 0.0, "10": 0.0, "11": 0.0, "12": 0.0, "13": 0.0, "14": 0.0, "15": 0.0, "16": 0.0, "17": 0.0, "18": -2.064, "19": 0.0, "20": 0.0, "21": 0.0, "22": 0.0, "23": 0.0, "24": 0.0}, "dual_con2": {"0": 0.0, "1": -0.128, "2": -0.128, "3": -0.128, "4": -0.128, "5": -0.128, "6": -0.128, "7": -0.128, "8": -0.128, "9": -0.128, "10": -0.128, "11": -0.128, "12": -0.128, "13": -0.128, "14": -0.128, "15": -0.128, "16": -0.128, "17": -0.128, "18": -0.3, "19": -0.128, "20": -0.128, "21": -0.128, "22": -0.128, "23": -0.128, "24": -0.128}}