stor_level,time,iterations
4,0.9120759963989258,4
TOTAL,0.9197738170623779,0
