charge_target,time,iterations
0.8,45.02843999862671,5
TOTAL,45.04380416870117,0
