charge_target,time,iterations
0.8,45.716262102127075,5
TOTAL,46.298091173172,0
