{"u": {"0": 0, "1": 1.0, "2": 1.0, "3": 1.0, "4": 1.0, "5": 1.0, "6": 1.0, "7": 1.0, "8": 1.0, "9": 1.0, "10": 1.0, "11": 1.0, "12": 1.0, "13": 1.0, "14": 1.0, "15": 1.0, "16": 1.0, "17": 1.0, "18": 1.0, "19": 1.0, "20": 1.0, "21": 1.0, "22": 1.0, "23": 1.0, "24": 1.0}, "p1": {"0": 0, "1": 0.0, "2": 0.0, "3": 0.0, "4": 0.0, "5": 0.0, "6": 0.9565853984021668, "7": 7.465205773880786, "8": 10.738373859855061, "9": 13.343929175296875, "10": 16.38317681652208, "11": 17.79620512813266, "12": 16.892705047706272, "13": 6.905963946186368, "14": 8.22020595288169, "15": 1.5818693995708237, "16": 1.0646472204546988, "17": 10.0057586616874, "18": 8.888639775070578, "19": 12.881772477799215, "20": 19.154289317629196, "21": 25.67300956232305, "22": 16.392796239684557, "23": 8.009117089448361, "24": 0.28199733329246257}, "alpha": {"0": 0, "1": 1.6222259112179254, "2": 1.2746302000645002, "3": 1.3944126288277459, "4": 1.4035914245063439, "5": 1.5171755880607165, "6": 2.210518126477156, "7": 2.2822492466319826, "8": 1.9932216487123653, "9": 1.8685504342926362, "10": 2.6184654272294505, "11": 1.7904496233273934, "12": 1.5179727737592361, "13": 2.4646503842368235, "14": 1.2758359081955286, "15": 2.2927469964828173, "16": 2.3606835832054207, "17": 1.2901865092655092, "18": 2.4675145755975976, "19": 2.470143678803427, "20": 2.418018648165559, "21": 1.8496983848969002, "22": 2.0638058388621623, "23": 2.1329226761279014, "24": 1.4515298319893026}}