{"u": {"0": 0.0, "1": 1.0, "2": 1.0, "3": 1.0, "4": 1.0, "5": 1.0, "6": 1.0, "7": 1.0, "8": 1.0, "9": 1.0, "10": 1.0, "11": 1.0, "12": 1.0, "13": 1.0, "14": 1.0, "15": 1.0, "16": 1.0, "17": 1.0, "18": 1.0, "19": 1.0, "20": 1.0, "21": 1.0, "22": 1.0, "23": 1.0, "24": 1.0}, "p1": {"0": 0.0, "1": 1.0204229885208145, "2": 0.0, "3": 0.0, "4": 0.0, "5": 0.0, "6": 2.9903840001022637, "7": 9.194187024956388, "8": 9.47485075510351, "9": 12.266238820859376, "10": 21.385742517115844, "11": 16.336109551416126, "12": 16.937296507622072, "13": 8.449206377548014, "14": 5.607092537681025, "15": 3.3474183956792007, "16": 2.2207524321444776, "17": 9.274513932406153, "18": 10.535968911124701, "19": 17.181044916515667, "20": 20.60808203593077, "21": 24.784874385509152, "22": 17.376118063974058, "23": 10.188440811483114, "24": 0.23218505826949176}, "pg": {"0": 0, "1": 5.0, "2": 8.09212803173159, "3": 11.413358593152871, "4": 12.0, "5": 12.0, "6": 12.0, "7": 12.0, "8": 12.0, "9": 12.0, "10": 12.0, "11": 12.0, "12": 12.0, "13": 12.0, "14": 12.0, "15": 12.0, "16": 12.0, "17": 11.708538037737164, "18": 12.0, "19": 12.0, "20": 12.0, "21": 12.0, "22": 12.0, "23": 12.0, "24": 7.906149992616864}, "p2": {"0": 0, "1": 2.548128484344132, "2": 0.0, "3": 0.0, "4": 0.0, "5": 0.0, "6": 0.4098025158469554, "7": 0.7242453643292173, "8": 0.2944107161520275, "9": 0.0, "10": 0.0, "11": 0.33386802723005005, "12": 2.1152674577512816, "13": 0.0, "14": 0.0, "15": 0.0, "16": 0.0, "17": 0.0, "18": 0.0, "19": 0.0, "20": 0.0, "21": 0.0, "22": 0.0, "23": 0.0, "24": 0.0}, "stor_net_i": {"battery": {"0": 0, "1": 0.0, "2": 0.0, "3": -2.490695876614529, "4": 0.047046802947059874, "5": -2.556350926332531, "6": 0.0, "7": 0.0, "8": 0.054854068729321526, "9": 2.6178657630421345, "10": -2.672719831771456, "11": 5.0, "12": -2.5490302660205675, "13": -1.1731541083137014, "14": -1.1255777769591209, "15": 0.7193180787772295, "16": 4.12844407251616, "17": -0.219235962268316, "18": -1.4388937958903192, "19": 1.3418985815798798, "20": -0.2755590387351461, "21": 0.17353308600906914, "22": 0.4086892761218408, "23": 0.00956785318299147, "24": 0.0}}, "stor_level": {"battery": {"0": 0, "1": 0.0, "2": 0.0, "3": 2.490695876614529, "4": 2.443649073667469, "5": 5.0, "6": 5.0, "7": 5.0, "8": 4.9451459312706785, "9": 2.327280168228544, "10": 5.0, "11": 0.0, "12": 2.5490302660205675, "13": 3.722184374334269, "14": 4.84776215129339, "15": 4.12844407251616, "16": 0.0, "17": 0.219235962268316, "18": 1.6581297581586352, "19": 0.3162311765787553, "20": 0.5917902153139014, "21": 0.4182571293048323, "22": 0.00956785318299147, "23": 0.0, "24": 0.0}}, "dual_con1": {"0": 0.0, "1": 0.0, "2": 0.0, "3": 0.0, "4": 0.0, "5": 0.0, "6": -2.064, "7": -2.064, "8": -2.064, "9": -2.064, "10": -2.064, "11": -2.064, "12": -2.064, "13": -2.064, "14": -2.064, "15": -2.064, "16": -2.064, "17": 0.0, "18": 0.0, "19": 0.0, "20": 0.0, "21": 0.0, "22": 0.0, "23": 0.0, "24": 0.0}, "dual_con2": {"0": 0.0, "1": -0.3, "2": -0.128, "3": -0.128, "4": -0.128, "5": -0.128, "6": -0.3, "7": -0.3, "8": -0.3, "9": -0.3, "10": -0.3, "11": -0.3, "12": -0.3, "13": -0.3, "14": -0.3, "15": -0.3, "16": -0.3, "17": -0.128, "18": -0.128, "19": -0.128, "20": -0.128, "21": -0.128, "22": -0.128, "23": -0.128, "24": -0.128}}