{"u": {"0": 0.0, "1": 1.0, "2": 1.0, "3": 1.0, "4": 1.0, "5": 1.0, "6": 1.0, "7": 1.0, "8": 1.0, "9": 1.0, "10": 1.0, "11": 1.0, "12": 1.0, "13": 1.0, "14": 1.0, "15": 1.0, "16": 1.0, "17": 1.0, "18": 1.0, "19": 1.0, "20": 1.0, "21": 1.0, "22": 1.0, "23": 1.0, "24": 1.0}, "p1": {"0": 0.0, "1": 0.0, "2": 1.272702181793786, "3": 0.0, "4": 0.7684443132919831, "5": 0.0, "6": 3.5624153950744546, "7": 8.537414912399392, "8": 34.130437913412024, "9": 0.0, "10": 14.33924543676591, "11": 6.630260906633168, "12": 3.332934138834407, "13": 6.475381606107911, "14": 24.484713918227637, "15": 5.849069063202499, "16": 2.651798380925168, "17": 26.676497783525047, "18": 6.784855121324933, "19": 17.038441000040688, "20": 19.867279049767156, "21": 21.447188917101244, "22": 16.680881044310528, "23": 10.291432662996899, "24": 0.0}, "pg": {"0": 0, "1": 5.0, "2": 9.026107630115927, "3": 9.807807826690315, "4": 12.0, "5": 11.323177006008903, "6": 12.0, "7": 12.0, "8": 12.0, "9": 12.0, "10": 12.0, "11": 12.0, "12": 12.0, "13": 12.0, "14": 12.0, "15": 12.0, "16": 12.0, "17": 12.0, "18": 12.0, "19": 12.0, "20": 12.0, "21": 12.0, "22": 12.0, "23": 12.0, "24": 9.150068308566608}, "p2": {"0": 0, "1": 0.24400343211160447, "2": 0.0, "3": 0.0, "4": 0.0, "5": 0.0, "6": 1.832245326303875, "7": 0.0, "8": 0.0, "9": 0.0, "10": 0.0, "11": 2.0558826540272506, "12": 25.31457617024463, "13": 0.0, "14": 0.0, "15": 0.9426297635976928, "16": 0.29075095524918737, "17": 0.0, "18": 0.35804501163826963, "19": 3.8044835947896907, "20": 0.053538011072035374, "21": 5.380250620948615, "22": 4.484377886925156, "23": 0.0, "24": 0.0}, "stor_net_i": {"battery": {"0": null, "1": 0.0, "2": 0.0, "3": 0.0, "4": -1.8336240267842694, "5": -3.1663759732157306, "6": 0.9822006756459167, "7": 4.017799324354083, "8": -0.8913770961065275, "9": 0.8913770961065275, "10": -5.0, "11": 5.0, "12": -5.0, "13": 5.0, "14": -5.0, "15": 0.0, "16": 1.7264099511501563, "17": -1.7264099511501563, "18": 5.0, "19": -5.0, "20": 5.0, "21": 0.0, "22": 0.0, "23": -0.5174141725242531, "24": 0.5174141725242531}, "ev_1": {"0": 0, "1": 0, "2": 0, "3": 0, "4": 0, "5": 0, "6": 0, "7": 0, "8": -7.200000000000001, "9": 11.0, "10": 0.0, "11": 0.0, "12": -10.493123534861716, "13": 10.493123534861716, "14": -1.1226497359076255, "15": 1.1226497359076255, "16": -4.2, "17": -11.0, "18": 0, "19": 0, "20": 0, "21": 0, "22": 0, "23": 0, "24": 0}, "ev_2": {"0": 0, "1": 0, "2": 0, "3": 0, "4": 0, "5": 0, "6": 0, "7": 0, "8": -7.200000000000001, "9": 11.0, "10": 0.0, "11": 0.0, "12": -0.8000000000000007, "13": -11.0, "14": -11.0, "15": 7.600000000000001, "16": 11.0, "17": -11.0, "18": 0, "19": 0, "20": 0, "21": 0, "22": 0, "23": 0, "24": 0}, "ev_3": {"0": 0, "1": 0, "2": 0, "3": 0, "4": 0, "5": 0, "6": 0, "7": 0, "8": -7.244480248606745, "9": -11.0, "10": 6.910707541794789, "11": 11.0, "12": 4.133772706811957, "13": 0.0, "14": 0.0, "15": -11.0, "16": -11.0, "17": 6.800000000000001, "18": 0, "19": 0, "20": 0, "21": 0, "22": 0, "23": 0, "24": 0}}, "stor_level": {"battery": {"0": 0, "1": 0.0, "2": 0.0, "3": 0.0, "4": 1.8336240267842694, "5": 5.0, "6": 4.017799324354083, "7": 0.0, "8": 0.8913770961065275, "9": 0.0, "10": 5.0, "11": 0.0, "12": 5.0, "13": 0.0, "14": 5.0, "15": 5.0, "16": 3.2735900488498437, "17": 5.0, "18": 0.0, "19": 5.0, "20": 0.0, "21": 0.0, "22": 0.0, "23": 0.5174141725242531, "24": 0.0}, "ev_1": {"0": 0, "1": 0, "2": 0, "3": 0, "4": 0, "5": 0, "6": 0, "7": 0, "8": 18.6, "9": 7.6000000000000005, "10": 7.6000000000000005, "11": 7.6000000000000005, "12": 18.093123534861718, "13": 7.6000000000000005, "14": 8.722649735907627, "15": 7.6000000000000005, "16": 11.8, "17": 22.8, "18": 0, "19": 0, "20": 0, "21": 0, "22": 0, "23": 0, "24": 0}, "ev_2": {"0": 0, "1": 0, "2": 0, "3": 0, "4": 0, "5": 0, "6": 0, "7": 0, "8": 18.6, "9": 7.6000000000000005, "10": 7.6000000000000005, "11": 7.6000000000000005, "12": 8.400000000000002, "13": 19.400000000000002, "14": 30.400000000000002, "15": 22.8, "16": 11.8, "17": 22.8, "18": 0, "19": 0, "20": 0, "21": 0, "22": 0, "23": 0, "24": 0}, "ev_3": {"0": 0, "1": 0, "2": 0, "3": 0, "4": 0, "5": 0, "6": 0, "7": 0, "8": 18.644480248606747, "9": 29.644480248606747, "10": 22.73377270681196, "11": 11.733772706811958, "12": 7.6000000000000005, "13": 7.6000000000000005, "14": 7.6000000000000005, "15": 18.6, "16": 29.6, "17": 22.8, "18": 0, "19": 0, "20": 0, "21": 0, "22": 0, "23": 0, "24": 0}}, "dual_con1": {"0": 0.0, "1": 0.0, "2": 0.0, "3": 0.0, "4": 0.0, "5": 0.0, "6": -2.064, "7": -2.064, "8": -2.064, "9": -2.064, "10": -2.064, "11": -2.064, "12": -2.064, "13": -2.064, "14": -2.064, "15": -2.064, "16": -2.064, "17": -2.064, "18": -2.064, "19": -2.064, "20": -2.064, "21": -2.064, "22": -2.064, "23": 0.0, "24": 0.0}, "dual_con2": {"0": 0.0, "1": -0.3, "2": -0.128, "3": -0.128, "4": -0.128, "5": -0.128, "6": -0.3, "7": -0.3, "8": -0.3, "9": -0.3, "10": -0.3, "11": -0.3, "12": -0.3, "13": -0.3, "14": -0.3, "15": -0.3, "16": -0.3, "17": -0.3, "18": -0.3, "19": -0.3, "20": -0.3, "21": -0.3, "22": -0.3, "23": -0.128, "24": -0.128}}