{"u": {"0": 0, "1": 1.0, "2": 1.0, "3": 1.0, "4": 1.0, "5": 1.0, "6": 1.0, "7": 1.0, "8": 1.0, "9": 1.0, "10": 1.0, "11": 1.0, "12": 1.0, "13": 1.0, "14": 1.0, "15": 1.0, "16": 1.0, "17": 1.0, "18": 1.0, "19": 1.0, "20": 1.0, "21": 1.0, "22": 1.0, "23": 1.0, "24": 1.0}, "p1": {"0": 0, "1": 0.0, "2": 1.272702181793786, "3": 0.0, "4": 0.7684443132919831, "5": 0.0, "6": 3.5624153950744546, "7": 8.537414912399392, "8": 34.130437913412024, "9": 0.0, "10": 14.33924543676591, "11": 6.630260906633168, "12": 3.332934138834407, "13": 6.475381606107911, "14": 24.484713918227637, "15": 5.849069063202499, "16": 2.651798380925168, "17": 26.676497783525047, "18": 6.784855121324933, "19": 17.038441000040688, "20": 19.867279049767156, "21": 21.447188917101244, "22": 16.680881044310528, "23": 10.291432662996899, "24": 0.0}, "alpha": {"0": 0, "1": 1.0505134068260324, "2": 1.1547934911371474, "3": 1.3222586811823867, "4": 1.303317047787883, "5": 1.536, "6": 2.0024095152278307, "7": 2.088242493651295, "8": 3.961390884361766, "9": 2.154308026907141, "10": 1.729417640074562, "11": 2.0777162539389185, "12": 2.2179564022808145, "13": 1.6081339151824199, "14": 3.289539037259862, "15": 1.5724345782527585, "16": 2.3767389932298086, "17": 1.9634486741349462, "18": 1.7778714471676733, "19": 1.0623348193538371, "20": 1.6723322506076181, "21": 2.3651930112599455, "22": 2.281690666439451, "23": 1.5294451733678438, "24": 1.3308838025707366}}