charge_target,time,iterations
0.8,0.9249608516693115,4
TOTAL,0.9305930137634277,0
