{"u": {"0": 0, "1": 1.0, "2": 1.0, "3": 1.0, "4": 1.0, "5": 1.0, "6": 1.0, "7": 1.0, "8": 1.0, "9": 1.0, "10": 1.0, "11": 1.0, "12": 1.0, "13": 1.0, "14": 1.0, "15": 1.0, "16": 1.0, "17": 1.0, "18": 1.0, "19": 1.0, "20": 1.0, "21": 1.0, "22": 1.0, "23": 1.0, "24": 1.0}, "p1": {"0": 0, "1": 0.7831409623487682, "2": 0.0, "3": 0.0, "4": 0.0, "5": 0.0, "6": 3.1681040017616215, "7": 9.324655673001521, "8": 11.288624995858253, "9": 13.10547814896567, "10": 19.41610647875667, "11": 17.258655155685222, "12": 15.510824275536468, "13": 9.288198241406683, "14": 5.449914261272379, "15": 3.427634568581441, "16": 3.4182189602989066, "17": 7.665321422386267, "18": 11.309888148971988, "19": 15.202757989291465, "20": 21.281344773787335, "21": 25.33217918044783, "22": 17.695078081544075, "23": 10.098418939830756, "24": 0.423776199638743}, "alpha": {"0": 0, "1": 1.3280744774129412, "2": 1.1373707887295, "3": 1.3500922599019805, "4": 1.3733324245590783, "5": 1.4623754894807308, "6": 1.7280587994713579, "7": 1.73747829810062, "8": 1.7493975012440373, "9": 1.804356555312063, "10": 1.7420301510266865, "11": 1.7836343860536044, "12": 1.727992777613548, "13": 1.776577377048823, "14": 1.739020936041539, "15": 1.7363329528665332, "16": 1.729092586178706, "17": 1.6712838455929437, "18": 1.7506747702726533, "19": 1.7751726032148598, "20": 1.751596567867385, "21": 1.7363462458699603, "22": 1.627476575539705, "23": 1.5064743180520952, "24": 1.4088671401077704}}