{"u": {"0": 0.0, "1": 1.0, "2": 1.0, "3": 1.0, "4": 1.0, "5": 1.0, "6": 1.0, "7": 1.0, "8": 1.0, "9": 1.0, "10": 1.0, "11": 1.0, "12": 1.0, "13": 1.0, "14": 1.0, "15": 1.0, "16": 1.0, "17": 1.0, "18": 1.0, "19": 1.0, "20": 1.0, "21": 1.0, "22": 1.0, "23": 1.0, "24": 1.0}, "p1": {"0": 0.0, "1": 0.7831409623487682, "2": 0.0, "3": 0.0, "4": 0.0, "5": 0.0, "6": 3.1681040017616215, "7": 9.324655673001521, "8": 11.288624995858253, "9": 13.10547814896567, "10": 19.41610647875667, "11": 17.258655155685222, "12": 15.510824275536468, "13": 9.288198241406683, "14": 5.449914261272379, "15": 3.427634568581441, "16": 3.4182189602989066, "17": 7.665321422386267, "18": 11.309888148971988, "19": 15.202757989291465, "20": 21.281344773787335, "21": 25.33217918044783, "22": 17.695078081544075, "23": 10.098418939830756, "24": 0.423776199638743}, "pg": {"0": 0, "1": 5.0, "2": 10.0, "3": 12.0, "4": 12.0, "5": 12.0, "6": 12.0, "7": 12.0, "8": 12.0, "9": 12.0, "10": 12.0, "11": 12.0, "12": 12.0, "13": 12.0, "14": 12.0, "15": 12.0, "16": 12.0, "17": 12.0, "18": 8.575283776069403, "19": 11.963300821311178, "20": 12.0, "21": 12.0, "22": 12.0, "23": 12.0, "24": 12.0}, "p2": {"0": 0, "1": 1.964991168913989, "2": 0.9702023548495227, "3": 0.0, "4": 0.0, "5": 0.15919793068966648, "6": 1.7563680807545818, "7": 0.3711639781210909, "8": 1.0758407893086783, "9": 3.096118523437436, "10": 1.3939822903394834, "11": 1.110435927018397, "12": 0.883326045524317, "13": 2.275355577277878, "14": 0.40486126362983654, "15": 2.207180319830888, "16": 2.277558012749717, "17": 2.4299169961330627, "18": 0.0, "19": 0.0, "20": 0.0, "21": 0.0, "22": 0.0, "23": 0.0, "24": 0.0}, "stor_net_i": {"battery": {"0": 0, "1": 0.0, "2": -2.178598609633415, "3": -1.6286699895590022, "4": -1.1927314008075829, "5": 0.0, "6": 0.0, "7": 5.0, "8": 0.0, "9": -5.0, "10": 0.0, "11": 0.0, "12": 0.0, "13": 0.0, "14": 5.0, "15": 0.0, "16": 0.0, "17": 0.0, "18": 0.0, "19": -2.317325561807312, "20": -0.16518364855042122, "21": -0.39257714743622785, "22": -0.8832348258199261, "23": 2.361566679510849, "24": 1.396754504103038}}, "stor_level": {"battery": {"0": 0, "1": 0.0, "2": 2.178598609633415, "3": 3.807268599192417, "4": 5.0, "5": 5.0, "6": 5.0, "7": 0.0, "8": 0.0, "9": 5.0, "10": 5.0, "11": 5.0, "12": 5.0, "13": 5.0, "14": 0.0, "15": 0.0, "16": 0.0, "17": 0.0, "18": 0.0, "19": 2.317325561807312, "20": 2.4825092103577333, "21": 2.875086357793961, "22": 3.7583211836138872, "23": 1.396754504103038, "24": 0.0}}, "dual_con1": {"0": 0.0, "1": 0.0, "2": 0.0, "3": -2.064, "4": -2.064, "5": -2.064, "6": -2.064, "7": -2.064, "8": -2.064, "9": -2.064, "10": -2.064, "11": -2.064, "12": -2.064, "13": -2.064, "14": -2.064, "15": -2.064, "16": -2.064, "17": -2.064, "18": 0.0, "19": 0.0, "20": 0.0, "21": 0.0, "22": 0.0, "23": 0.0, "24": 0.0}, "dual_con2": {"0": 0.0, "1": -0.3, "2": -0.3, "3": -0.3, "4": -0.3, "5": -0.3, "6": -0.3, "7": -0.3, "8": -0.3, "9": -0.3, "10": -0.3, "11": -0.3, "12": -0.3, "13": -0.3, "14": -0.3, "15": -0.3, "16": -0.3, "17": -0.3, "18": -0.128, "19": -0.128, "20": -0.128, "21": -0.128, "22": -0.128, "23": -0.128, "24": -0.128}}