{"u": {"0": 0, "1": 1.0, "2": 1.0, "3": 1.0, "4": 1.0, "5": 1.0, "6": 1.0, "7": 1.0, "8": 1.0, "9": 1.0, "10": 1.0, "11": 1.0, "12": 1.0, "13": 1.0, "14": 1.0, "15": 1.0, "16": 1.0, "17": 1.0, "18": 1.0, "19": 1.0, "20": 1.0, "21": 1.0, "22": 1.0, "23": 1.0, "24": 1.0}, "p1": {"0": 0, "1": 0.03967787532592393, "2": 0.0, "3": 0.0, "4": 2.3970954245965874, "5": 0.0, "6": 3.4660988703660554, "7": 9.806559730932424, "8": 40.34880840785381, "9": 0.0, "10": 12.009976704137287, "11": 11.238169117518149, "12": 17.132203662463528, "13": 13.90972992208127, "14": 27.186989778543364, "15": 6.778782381438793, "16": 0.0, "17": 16.66122895711492, "18": 3.129908173020274, "19": 18.244227929716207, "20": 19.046672509894854, "21": 24.58217483515021, "22": 16.845945101137836, "23": 10.961665910798894, "24": 0.0}, "alpha": {"0": 0, "1": 1.1590830857040293, "2": 1.1976115527361808, "3": 1.3626560057875456, "4": 1.1312420964559713, "5": 1.3993383288779804, "6": 1.9356147268414214, "7": 1.7441486982403633, "8": 1.7221824932100116, "9": 1.536, "10": 1.721785486096952, "11": 2.3259573479822233, "12": 1.489599286191444, "13": 1.0646396480788414, "14": 1.357895783378681, "15": 1.7770502794361573, "16": 1.6424262788467823, "17": 2.1400077588957838, "18": 3.0633610628618886, "19": 1.0260234131471093, "20": 1.7854446787551046, "21": 1.6971893485280796, "22": 1.9301350297059783, "23": 1.541763174285141, "24": 1.3343279907876393}}