{"u": {"0": 0.0, "1": 1.0, "2": 1.0, "3": 1.0, "4": 1.0, "5": 1.0, "6": 1.0, "7": 1.0, "8": 1.0, "9": 1.0, "10": 1.0, "11": 1.0, "12": 1.0, "13": 1.0, "14": 1.0, "15": 1.0, "16": 1.0, "17": 1.0, "18": 1.0, "19": 1.0, "20": 1.0, "21": 1.0, "22": 1.0, "23": 1.0, "24": 1.0}, "p1": {"0": 0.0, "1": 0.03967787532592393, "2": 0.0, "3": 0.0, "4": 2.3970954245965874, "5": 0.0, "6": 3.4660988703660554, "7": 9.806559730932424, "8": 40.34880840785381, "9": 0.0, "10": 12.009976704137287, "11": 11.238169117518149, "12": 17.132203662463528, "13": 13.90972992208127, "14": 27.186989778543364, "15": 6.778782381438793, "16": 0.0, "17": 16.66122895711492, "18": 3.129908173020274, "19": 18.244227929716207, "20": 19.046672509894854, "21": 24.58217483515021, "22": 16.845945101137836, "23": 10.961665910798894, "24": 0.0}, "pg": {"0": 0, "1": 5.0, "2": 8.84180787930904, "3": 12.0, "4": 10.944884886886761, "5": 12.0, "6": 12.0, "7": 12.0, "8": 12.0, "9": 12.0, "10": 12.0, "11": 12.0, "12": 12.0, "13": 10.327000212039144, "14": 12.0, "15": 9.99587933447621, "16": 12.0, "17": 12.0, "18": 12.0, "19": 11.616966312392934, "20": 12.0, "21": 7.0, "22": 12.0, "23": 12.0, "24": 9.431993080390129}, "p2": {"0": 0, "1": 2.5582837816897266, "2": 0.0, "3": 0.0, "4": 0.0, "5": 0.0, "6": 0.0, "7": 2.035636004365381, "8": 0.0, "9": 0.0, "10": 0.0, "11": 0.0, "12": 0.0, "13": 0.0, "14": 0.0, "15": 0.0, "16": 0.0, "17": 0.0, "18": 12.473279598049047, "19": 0.0, "20": 0.0, "21": 0.0, "22": 0.0, "23": 0.0, "24": 0.0}, "stor_net_i": {"battery": {"0": null, "1": 0.0, "2": -0.780315948900915, "3": 0.780315948900915, "4": -0.6729603647701676, "5": -4.327039635229832, "6": 2.76419678540889, "7": 2.23580321459111, "8": -3.9196335157538797, "9": 3.9196335157538797, "10": 0.0, "11": -0.7185325469961157, "12": -4.281467453003884, "13": 5.0, "14": 0.0, "15": -0.33847546560801334, "16": -4.661524534391987, "17": 0.0, "18": 5.0, "19": -3.5877343022219375, "20": -1.0677714909204354, "21": 1.5574774457262244, "22": 0.36094708193949643, "23": 2.737081265476652, "24": 0.0}, "ev_1": {"0": 0, "1": 0, "2": 0, "3": 0, "4": 0, "5": 0, "6": 0, "7": 0, "8": -11.0, "9": 7.777389335215389, "10": 7.022610664784608, "11": 0.0, "12": 0.0, "13": 0.0, "14": -9.08254122600555, "15": 9.08254122600555, "16": -4.2, "17": -11.0, "18": 0, "19": 0, "20": 0, "21": 0, "22": 0, "23": 0, "24": 0}, "ev_2": {"0": 0, "1": 0, "2": 0, "3": 0, "4": 0, "5": 0, "6": 0, "7": 0, "8": -8.000000000000002, "9": -11.0, "10": 1.0194546294462228, "11": 11.0, "12": 10.780545370553778, "13": -0.8000000000000007, "14": -11.0, "15": -11.0, "16": 9.68010277167961, "17": -2.080102771679609, "18": 0, "19": 0, "20": 0, "21": 0, "22": 0, "23": 0, "24": 0}, "ev_3": {"0": 0, "1": 0, "2": 0, "3": 0, "4": 0, "5": 0, "6": 0, "7": 0, "8": -7.200000000000001, "9": 11.0, "10": 0.0, "11": -3.772756223406221, "12": -11.0, "13": -8.027243776593782, "14": 0.0, "15": 0.0, "16": 0.0, "17": 7.600000000000001, "18": 0, "19": 0, "20": 0, "21": 0, "22": 0, "23": 0, "24": 0}}, "stor_level": {"battery": {"0": 0, "1": 0.0, "2": 0.780315948900915, "3": 0.0, "4": 0.6729603647701676, "5": 5.0, "6": 2.23580321459111, "7": 0.0, "8": 3.9196335157538797, "9": 0.0, "10": 0.0, "11": 0.7185325469961157, "12": 5.0, "13": 0.0, "14": 0.0, "15": 0.33847546560801334, "16": 5.0, "17": 5.0, "18": 0.0, "19": 3.5877343022219375, "20": 4.655505793142373, "21": 3.0980283474161485, "22": 2.737081265476652, "23": 0.0, "24": 0.0}, "ev_1": {"0": 0, "1": 0, "2": 0, "3": 0, "4": 0, "5": 0, "6": 0, "7": 0, "8": 22.4, "9": 14.62261066478461, "10": 7.6000000000000005, "11": 7.6000000000000005, "12": 7.6000000000000005, "13": 7.6000000000000005, "14": 16.68254122600555, "15": 7.6000000000000005, "16": 11.8, "17": 22.8, "18": 0, "19": 0, "20": 0, "21": 0, "22": 0, "23": 0, "24": 0}, "ev_2": {"0": 0, "1": 0, "2": 0, "3": 0, "4": 0, "5": 0, "6": 0, "7": 0, "8": 19.400000000000002, "9": 30.400000000000002, "10": 29.38054537055378, "11": 18.38054537055378, "12": 7.6000000000000005, "13": 8.400000000000002, "14": 19.400000000000002, "15": 30.400000000000002, "16": 20.71989722832039, "17": 22.8, "18": 0, "19": 0, "20": 0, "21": 0, "22": 0, "23": 0, "24": 0}, "ev_3": {"0": 0, "1": 0, "2": 0, "3": 0, "4": 0, "5": 0, "6": 0, "7": 0, "8": 18.6, "9": 7.6000000000000005, "10": 7.6000000000000005, "11": 11.37275622340622, "12": 22.37275622340622, "13": 30.400000000000002, "14": 30.400000000000002, "15": 30.400000000000002, "16": 30.400000000000002, "17": 22.8, "18": 0, "19": 0, "20": 0, "21": 0, "22": 0, "23": 0, "24": 0}}, "dual_con1": {"0": 0.0, "1": 0.0, "2": 0.0, "3": 0.0, "4": 0.0, "5": 0.0, "6": -2.064, "7": -2.064, "8": 0.0, "9": 0.0, "10": 0.0, "11": 0.0, "12": 0.0, "13": 0.0, "14": 0.0, "15": 0.0, "16": 0.0, "17": 0.0, "18": -2.064, "19": 0.0, "20": 0.0, "21": 0.0, "22": 0.0, "23": 0.0, "24": 0.0}, "dual_con2": {"0": 0.0, "1": -0.3, "2": -0.128, "3": -0.128, "4": -0.128, "5": -0.128, "6": -0.3, "7": -0.3, "8": -0.128, "9": -0.128, "10": -0.128, "11": -0.128, "12": -0.128, "13": -0.128, "14": -0.128, "15": -0.128, "16": -0.128, "17": -0.128, "18": -0.3, "19": -0.128, "20": -0.128, "21": -0.128, "22": -0.128, "23": -0.128, "24": -0.128}}