{"u": {"0": 0, "1": 1.0, "2": 1.0, "3": 1.0, "4": 1.0, "5": 1.0, "6": 1.0, "7": 1.0, "8": 1.0, "9": 1.0, "10": 1.0, "11": 1.0, "12": 1.0, "13": 1.0, "14": 1.0, "15": 1.0, "16": 1.0, "17": 1.0, "18": 1.0, "19": 1.0, "20": 1.0, "21": 1.0, "22": 1.0, "23": 1.0, "24": 1.0}, "p1": {"0": 0, "1": 0.9755615090701246, "2": 0.0, "3": 0.0, "4": 0.0, "5": 0.0, "6": 3.1454190762987615, "7": 9.58875941190287, "8": 38.76469725264961, "9": 0.0, "10": 9.747692593616357, "11": 17.896964736273144, "12": 20.13734293099555, "13": 25.455606054015888, "14": 17.91413972957216, "15": 12.743371085330844, "16": 0.0, "17": 17.07702314434164, "18": 5.200551631329613, "19": 18.18769563852119, "20": 18.13893432774915, "21": 23.789424898391232, "22": 17.308958385674675, "23": 10.328970365634715, "24": 0.15766902335109734}, "alpha": {"0": 0, "1": 1.2809775392594709, "2": 1.1307984026437972, "3": 1.3329309501692304, "4": 1.344995531402167, "5": 1.4541570914879727, "6": 1.6974203532206358, "7": 1.6368422286855884, "8": 1.5194940947020994, "9": 1.5285350812594227, "10": 1.7360954143682328, "11": 1.5508663427026388, "12": 1.3631146634087266, "13": 1.2267830868707117, "14": 1.3988046863194858, "15": 1.6420710543051735, "16": 1.329853013654974, "17": 1.776074764828147, "18": 2.2609549501447335, "19": 1.310265326685004, "20": 2.685246552132847, "21": 2.1434897812821703, "22": 1.7643175755587177, "23": 1.4579826226305062, "24": 1.4837929745184593}}