{"u": {"0": 0.0, "1": 1.0, "2": 1.0, "3": 1.0, "4": 1.0, "5": 1.0, "6": 1.0, "7": 1.0, "8": 1.0, "9": 1.0, "10": 1.0, "11": 1.0, "12": 1.0, "13": 1.0, "14": 1.0, "15": 1.0, "16": 1.0, "17": 1.0, "18": 1.0, "19": 1.0, "20": 1.0, "21": 1.0, "22": 1.0, "23": 1.0, "24": 1.0}, "p1": {"0": 0.0, "1": 4.634697648908036, "2": 6.658561676265563, "3": 0.0, "4": 0.0, "5": 0.0, "6": 8.527086689390659, "7": 7.832769836587277, "8": 12.44939432749482, "9": 14.152322008211168, "10": 20.11447208898656, "11": 17.483390446017662, "12": 8.124430373191839, "13": 9.560686628111927, "14": 13.258210724643043, "15": 2.618352183018345, "16": 3.0726824136668647, "17": 4.179847038493008, "18": 4.103152312953549, "19": 1.9265193962790388, "20": 9.942846681291051, "21": 18.877762541372746, "22": 23.35795174478097, "23": 20.274287545178655, "24": 2.1892483562041285}, "pg": {"0": 0, "1": 5.0, "2": 10.0, "3": 12.0, "4": 12.0, "5": 12.0, "6": 12.0, "7": 12.0, "8": 12.0, "9": 12.0, "10": 12.0, "11": 12.0, "12": 12.0, "13": 12.0, "14": 12.0, "15": 12.0, "16": 12.0, "17": 12.0, "18": 12.0, "19": 12.0, "20": 12.0, "21": 12.0, "22": 12.0, "23": 12.0, "24": 12.0}, "p2": {"0": 0, "1": 0.0, "2": 0.0, "3": 0.0, "4": 0.0, "5": 0.0, "6": 0.0, "7": 0.0, "8": 0.0, "9": 0.0, "10": 0.0, "11": 0.0, "12": 0.0, "13": 0.0, "14": 0.0, "15": 0.0, "16": 0.0, "17": 0.0, "18": 2.6247304158173197, "19": 4.232894707919684, "20": 22.15234616590606, "21": 1.808194870897843, "22": 0.0, "23": 0.0, "24": 5.685701522250515}, "stor_net_i": {"battery": {"0": 0, "1": 0.0, "2": 0.0, "3": 0.0, "4": 0.0, "5": 0.0, "6": 0.0, "7": 0.0, "8": 0.0, "9": 0.0, "10": 0.0, "11": -5.0, "12": 1.3168733824381498, "13": 2.678675783646213, "14": 1.0044508339156373, "15": 0.0, "16": 0.0, "17": 0.0, "18": -5.0, "19": 0.0, "20": 5.0, "21": -3.7024336674754608, "22": -1.2975663325245392, "23": 0.0, "24": 5.0}, "ev": {"0": 0, "1": -1.2157217427504161, "2": -6.393419946425093, "3": -1.0591237684105668, "4": -0.000688863335915002, "5": -3.1420346028670334, "6": -2.070927815717356, "7": 4.029032109795331, "8": -3.136583020959362, "9": 0.6322945446168795, "10": 0.2837502093948885, "11": 0.016516674988199753, "12": 11.0, "13": 0.3091160155979864, "14": -11.0, "15": 2.7835216865493067, "16": -5.952354185050954, "17": 0.2317083635785231, "18": 11.0, "19": 11.0, "20": -10.715085659004416, "21": 11.0, "22": -3.7963192693220833, "23": -8.003680730677917, "24": -11.0}}, "stor_level": {"battery": {"0": 0, "1": 0.0, "2": 0.0, "3": 0.0, "4": 0.0, "5": 0.0, "6": 0.0, "7": 0.0, "8": 0.0, "9": 0.0, "10": 0.0, "11": 5.0, "12": 3.6831266175618502, "13": 1.0044508339156373, "14": 0.0, "15": 0.0, "16": 0.0, "17": 0.0, "18": 5.0, "19": 5.0, "20": 0.0, "21": 3.7024336674754608, "22": 5.0, "23": 5.0, "24": 0.0}, "ev": {"0": 7.6000000000000005, "1": 8.815721742750416, "2": 15.209141689175508, "3": 16.268265457586075, "4": 16.268954320921992, "5": 19.410988923789027, "6": 21.48191673950638, "7": 17.45288462971105, "8": 20.589467650670414, "9": 19.957173106053535, "10": 19.673422896658646, "11": 19.656906221670447, "12": 8.656906221670447, "13": 8.34779020607246, "14": 19.34779020607246, "15": 16.564268519523154, "16": 22.516622704574107, "17": 22.284914340995584, "18": 11.284914340995584, "19": 0.2849143409955843, "20": 11.0, "21": 0.0, "22": 3.7963192693220833, "23": 11.8, "24": 22.8}}, "dual_con1": {"0": 0.0, "1": 0.0, "2": 0.0, "3": -2.064, "4": -2.064, "5": -2.064, "6": -2.064, "7": -2.064, "8": -2.064, "9": -2.064, "10": -2.064, "11": -2.064, "12": -2.064, "13": -2.064, "14": -2.064, "15": -2.064, "16": -2.064, "17": -2.064, "18": -2.064, "19": -2.064, "20": -2.064, "21": -2.064, "22": -2.064, "23": -2.064, "24": -2.064}, "dual_con2": {"0": 0.0, "1": -0.3, "2": -0.3, "3": -0.3, "4": -0.3, "5": -0.3, "6": -0.3, "7": -0.3, "8": -0.3, "9": -0.3, "10": -0.3, "11": -0.3, "12": -0.3, "13": -0.3, "14": -0.3, "15": -0.3, "16": -0.3, "17": -0.3, "18": -0.3, "19": -0.3, "20": -0.3, "21": -0.3, "22": -0.3, "23": -0.3, "24": -0.3}}