{"u": {"0": 0.0, "1": 1.0, "2": 1.0, "3": 1.0, "4": 1.0, "5": 1.0, "6": 1.0, "7": 1.0, "8": 1.0, "9": 1.0, "10": 1.0, "11": 1.0, "12": 1.0, "13": 1.0, "14": 1.0, "15": 1.0, "16": 1.0, "17": 1.0, "18": 1.0, "19": 1.0, "20": 1.0, "21": 1.0, "22": 1.0, "23": 1.0, "24": 1.0}, "p1": {"0": 0.0, "1": 6.152461492222178, "2": 5.767667735689441, "3": 0.0, "4": 0.0, "5": 0.0, "6": 9.81653333648072, "7": 8.844122428166902, "8": 11.819048095614972, "9": 13.207160715392158, "10": 19.008511885677645, "11": 16.998290673040838, "12": 3.4982699755503024, "13": 8.368958593692488, "14": 17.482934197725616, "15": 0.0, "16": 8.806188697612113, "17": 6.605016031685748, "18": 6.592652303443742, "19": 2.361709656843937, "20": 9.065680557330152, "21": 19.9168410161599, "22": 27.746588990249176, "23": 19.869742173982623, "24": 11.76165186127728}, "pg": {"0": 0, "1": 5.0, "2": 10.0, "3": 12.0, "4": 12.0, "5": 12.0, "6": 12.0, "7": 12.0, "8": 12.0, "9": 12.0, "10": 12.0, "11": 12.0, "12": 12.0, "13": 12.0, "14": 12.0, "15": 12.0, "16": 12.0, "17": 12.0, "18": 12.0, "19": 12.0, "20": 12.0, "21": 12.0, "22": 12.0, "23": 12.0, "24": 12.0}, "p2": {"0": 0, "1": 0.0, "2": 0.0, "3": 0.0, "4": 0.0, "5": 0.0, "6": 0.0, "7": 0.0, "8": 0.0, "9": 0.0, "10": 0.0, "11": 0.0, "12": 0.943033780079686, "13": 0.0, "14": 0.0, "15": 0.0, "16": 0.0, "17": 0.0, "18": 0.13523042532712637, "19": 3.797704447354784, "20": 19.57821873422293, "21": 1.9850245218385147, "22": 0.0, "23": 0.0, "24": 1.1132980171773639}, "stor_net_i": {"battery": {"0": 0, "1": 0.0, "2": 0.0, "3": 0.0, "4": 0.0, "5": 0.0, "6": 0.0, "7": 0.0, "8": 0.0, "9": 0.0, "10": -5.0, "11": 0.0, "12": 5.0, "13": -1.7797273608330642, "14": -3.220272639166936, "15": 5.0, "16": -0.6858604689962018, "17": 0.6858604689962018, "18": -5.0, "19": 0.0, "20": 5.0, "21": -4.918341793203286, "22": 1.5174771526851707, "23": 3.4008646405181153, "24": 0.0}, "ev": {"0": 0, "1": -2.7334855860645586, "2": -5.502526005848971, "3": -1.0591237684105668, "4": -0.000688863335915002, "5": -3.1420346028670334, "6": -3.3603744628074175, "7": 3.017679518215708, "8": -2.506236789079514, "9": 1.57745583743589, "10": 6.389710412703803, "11": -4.498383552034976, "12": 11.0, "13": 5.9592471944967045, "14": -11.0, "15": 0.4018738695676518, "16": -11.0, "17": -2.8793210986104185, "18": 11.0, "19": 11.0, "20": -7.263792103360387, "21": 11.0, "22": -11.0, "23": -11.0, "24": -11.0}}, "stor_level": {"battery": {"0": 0, "1": 0.0, "2": 0.0, "3": 0.0, "4": 0.0, "5": 0.0, "6": 0.0, "7": 0.0, "8": 0.0, "9": 0.0, "10": 5.0, "11": 5.0, "12": 0.0, "13": 1.7797273608330642, "14": 5.0, "15": 0.0, "16": 0.6858604689962018, "17": 0.0, "18": 5.0, "19": 5.0, "20": 0.0, "21": 4.918341793203286, "22": 3.4008646405181153, "23": 0.0, "24": 0.0}, "ev": {"0": 7.6000000000000005, "1": 10.333485586064558, "2": 15.836011591913529, "3": 16.895135360324097, "4": 16.895824223660014, "5": 20.03785882652705, "6": 23.398233289334467, "7": 20.38055377111876, "8": 22.88679056019827, "9": 21.30933472276238, "10": 14.919624310058577, "11": 19.418007862093553, "12": 8.418007862093553, "13": 2.4587606675968487, "14": 13.458760667596849, "15": 13.056886798029197, "16": 24.056886798029197, "17": 26.936207896639615, "18": 15.936207896639615, "19": 4.9362078966396155, "20": 12.200000000000003, "21": 1.2000000000000028, "22": 12.200000000000003, "23": 23.200000000000003, "24": 34.2}}, "dual_con1": {"0": 0.0, "1": 0.0, "2": 0.0, "3": -2.064, "4": -2.064, "5": -2.064, "6": -2.064, "7": -2.064, "8": -2.064, "9": -2.064, "10": -2.064, "11": -2.064, "12": -2.064, "13": -2.064, "14": -2.064, "15": -2.064, "16": -2.064, "17": -2.064, "18": -2.064, "19": -2.064, "20": -2.064, "21": -2.064, "22": -2.064, "23": -2.064, "24": -2.064}, "dual_con2": {"0": 0.0, "1": -0.3, "2": -0.3, "3": -0.3, "4": -0.3, "5": -0.3, "6": -0.3, "7": -0.3, "8": -0.3, "9": -0.3, "10": -0.3, "11": -0.3, "12": -0.3, "13": -0.3, "14": -0.3, "15": -0.3, "16": -0.3, "17": -0.3, "18": -0.3, "19": -0.3, "20": -0.3, "21": -0.3, "22": -0.3, "23": -0.3, "24": -0.3}}