{"u": {"0": 0.0, "1": 1.0, "2": 1.0, "3": 1.0, "4": 1.0, "5": 1.0, "6": 1.0, "7": 1.0, "8": 1.0, "9": 1.0, "10": 1.0, "11": 1.0, "12": 1.0, "13": 1.0, "14": 1.0, "15": 1.0, "16": 1.0, "17": 1.0, "18": 1.0, "19": 1.0, "20": 1.0, "21": 1.0, "22": 1.0, "23": 1.0, "24": 1.0}, "p1": {"0": 0.0, "1": 4.511834710458574, "2": 6.200544055902892, "3": 0.0, "4": 0.0, "5": 0.0, "6": 9.144229809647637, "7": 7.355293634703536, "8": 11.86352203266243, "9": 14.133630527025375, "10": 20.46194127060511, "11": 17.33864006937073, "12": 8.684789764295841, "13": 7.660209581030255, "14": 12.975973457039949, "15": 2.325607028705015, "16": 3.843605583069184, "17": 3.952334086777615, "18": 4.0544129677862575, "19": 2.0360773679528013, "20": 10.257836697710374, "21": 18.055401566823758, "22": 24.988493416085205, "23": 20.860428971116423, "24": 0.0}, "pg": {"0": 0, "1": 5.0, "2": 10.0, "3": 12.0, "4": 12.0, "5": 12.0, "6": 12.0, "7": 12.0, "8": 12.0, "9": 12.0, "10": 12.0, "11": 12.0, "12": 12.0, "13": 12.0, "14": 12.0, "15": 12.0, "16": 12.0, "17": 12.0, "18": 12.0, "19": 12.0, "20": 12.0, "21": 12.0, "22": 12.0, "23": 12.0, "24": 9.9607004486881}, "p2": {"0": 0, "1": 0.0, "2": 0.0, "3": 0.0, "4": 0.0, "5": 5.874223325789362, "6": 8.311929064025666, "7": 0.0, "8": 0.0, "9": 0.0, "10": 0.0, "11": 0.0, "12": 0.7565139913341472, "13": 0.0, "14": 0.0, "15": 0.0, "16": 0.0, "17": 0.0, "18": 2.673469760984611, "19": 4.123336736245918, "20": 8.037560418001572, "21": 0.0, "22": 0.0, "23": 0.0, "24": 0.0}, "stor_net_i": {"battery": {"0": 0, "1": 0.0, "2": 0.0, "3": 0.0, "4": 0.0, "5": 0.0, "6": 0.0, "7": 0.0, "8": 0.0, "9": 0.0, "10": 0.0, "11": 0.0, "12": 0.0, "13": -5.0, "14": 1.286688101518731, "15": 3.713311898481269, "16": 0.0, "17": 0.0, "18": -5.0, "19": 0.0, "20": 5.0, "21": 0.0, "22": -5.0, "23": 0.0, "24": 5.0}, "ev": {"0": 0, "1": -1.0928588043009544, "2": -5.935402326062421, "3": -1.0591237684105668, "4": -0.000688863335915002, "5": -9.016257928656396, "6": -11.0, "7": 4.506508311679074, "8": -2.5507107261269724, "9": 0.6509860258026734, "10": -0.0637189722236613, "11": -4.838732948364868, "12": 11.0, "13": 9.888268846325872, "14": -11.0, "15": -0.6370450576186322, "16": -6.723277354453273, "17": 0.45922131529391663, "18": 11.0, "19": 11.0, "20": 3.0847100724807497, "21": 9.928122177971371, "22": -1.7244272731508588, "23": -8.589822156615686, "24": -1.085750570233456}}, "stor_level": {"battery": {"0": 0, "1": 0.0, "2": 0.0, "3": 0.0, "4": 0.0, "5": 0.0, "6": 0.0, "7": 0.0, "8": 0.0, "9": 0.0, "10": 0.0, "11": 0.0, "12": 0.0, "13": 5.0, "14": 3.713311898481269, "15": 0.0, "16": 0.0, "17": 0.0, "18": 5.0, "19": 5.0, "20": 0.0, "21": 0.0, "22": 5.0, "23": 5.0, "24": 0.0}, "ev": {"0": 7.6000000000000005, "1": 8.692858804300954, "2": 14.628261130363375, "3": 15.687384898773942, "4": 15.688073762109857, "5": 24.704331690766253, "6": 35.70433169076625, "7": 31.197823379087176, "8": 33.74853410521415, "9": 33.097548079411474, "10": 33.161267051635136, "11": 38.0, "12": 27.0, "13": 17.11173115367413, "14": 28.11173115367413, "15": 28.74877621129276, "16": 35.47205356574604, "17": 35.01283225045212, "18": 24.01283225045212, "19": 13.01283225045212, "20": 9.928122177971371, "21": 0.0, "22": 1.7244272731508588, "23": 10.314249429766544, "24": 11.4}}, "dual_con1": {"0": 0.0, "1": 0.0, "2": 0.0, "3": -2.064, "4": -2.064, "5": -2.064, "6": -2.064, "7": -2.064, "8": -2.064, "9": -2.064, "10": -2.064, "11": -2.064, "12": -2.064, "13": -2.064, "14": -2.064, "15": -2.064, "16": -2.064, "17": -2.064, "18": -2.064, "19": -2.064, "20": -2.064, "21": -2.064, "22": 0.0, "23": 0.0, "24": 0.0}, "dual_con2": {"0": 0.0, "1": -0.3, "2": -0.3, "3": -0.3, "4": -0.3, "5": -0.3, "6": -0.3, "7": -0.3, "8": -0.3, "9": -0.3, "10": -0.3, "11": -0.3, "12": -0.3, "13": -0.3, "14": -0.3, "15": -0.3, "16": -0.3, "17": -0.3, "18": -0.3, "19": -0.3, "20": -0.3, "21": -0.3, "22": -0.128, "23": -0.128, "24": -0.128}}