{"u": {"0": 0, "1": 1.0, "2": 1.0, "3": 1.0, "4": 1.0, "5": 1.0, "6": 1.0, "7": 1.0, "8": 1.0, "9": 1.0, "10": 1.0, "11": 1.0, "12": 1.0, "13": 1.0, "14": 1.0, "15": 1.0, "16": 1.0, "17": 1.0, "18": 1.0, "19": 1.0, "20": 1.0, "21": 1.0, "22": 1.0, "23": 1.0, "24": 1.0}, "p1": {"0": 0, "1": 4.720578445817656, "2": 6.4450628134796055, "3": 0.0, "4": 0.0, "5": 0.0, "6": 9.105458655191184, "7": 8.407292098865614, "8": 12.688787364517825, "9": 14.552517301357366, "10": 20.449302385688718, "11": 16.692077901767643, "12": 8.179014272109765, "13": 8.976054500909694, "14": 13.239823065149464, "15": 3.0337369331500703, "16": 4.223209315570893, "17": 4.116840498310555, "18": 4.33181475916825, "19": 1.9715407433267735, "20": 10.312958587487513, "21": 19.433111855781775, "22": 25.14548328778636, "23": 20.257131936811053, "24": 4.65991846923413}, "alpha": {"0": 0, "1": 1.0349717425191916, "2": 1.4010143318040855, "3": 2.06947190371726, "4": 1.5845871842708847, "5": 1.9693054460639243, "6": 1.936362403442645, "7": 1.6298123703403158, "8": 1.515363790644649, "9": 1.6072448095927827, "10": 1.5722092842933848, "11": 2.009376629469701, "12": 1.8002957183670654, "13": 1.8581836497270867, "14": 1.7460530804551573, "15": 1.9908789200549775, "16": 1.679037205328731, "17": 2.068547850506832, "18": 2.285455572249526, "19": 2.399537777001966, "20": 2.186153911730835, "21": 1.387491710976889, "22": 1.892555013664085, "23": 1.7588604189566768, "24": 2.2092244592297616}}