{"u": {"0": 0, "1": 1.0, "2": 1.0, "3": 1.0, "4": 1.0, "5": 1.0, "6": 1.0, "7": 1.0, "8": 1.0, "9": 1.0, "10": 1.0, "11": 1.0, "12": 1.0, "13": 1.0, "14": 1.0, "15": 1.0, "16": 1.0, "17": 1.0, "18": 1.0, "19": 1.0, "20": 1.0, "21": 1.0, "22": 1.0, "23": 1.0, "24": 1.0}, "p1": {"0": 0, "1": 5.984190544488435, "2": 5.4684610968238765, "3": 0.0, "4": 0.0, "5": 0.0, "6": 9.718348563822083, "7": 8.859426123987118, "8": 11.611540132646146, "9": 12.746815627047669, "10": 18.76794370670008, "11": 16.775872618757237, "12": 3.8133320585026063, "13": 8.42761953141486, "14": 18.226028309302205, "15": 9.18563897673991, "16": 10.3679874375661, "17": 7.5040284707818685, "18": 10.300656296280772, "19": 1.9069113044448542, "20": 9.651123984002343, "21": 21.710619749244, "22": 27.497048415303187, "23": 19.10092543592029, "24": 11.932408070822792}, "alpha": {"0": 0, "1": 1.097488112917955, "2": 1.9005163946883483, "3": 2.2605523319345466, "4": 1.5013356302205496, "5": 1.7049205117159913, "6": 1.9368838395947636, "7": 1.5421721628038645, "8": 1.8265379602061542, "9": 2.115955311885693, "10": 2.025616887989976, "11": 1.918238214372824, "12": 1.9220003824492151, "13": 2.007714140575538, "14": 1.467585170850915, "15": 0.7444108291409753, "16": 0.526410451127566, "17": 1.2776720322902526, "18": 2.045803111115768, "19": 2.418926608666542, "20": 2.2332343007832844, "21": 1.1815872479180771, "22": 1.9718854754090311, "23": 2.105722369223906, "24": 1.2562775787531577}}