{"u": {"0": 0, "1": 1.0, "2": 1.0, "3": 1.0, "4": 1.0, "5": 1.0, "6": 1.0, "7": 1.0, "8": 1.0, "9": 1.0, "10": 1.0, "11": 1.0, "12": 1.0, "13": 1.0, "14": 1.0, "15": 1.0, "16": 1.0, "17": 1.0, "18": 1.0, "19": 1.0, "20": 1.0, "21": 1.0, "22": 1.0, "23": 1.0, "24": 1.0}, "p1": {"0": 0, "1": 4.634697648908036, "2": 6.658561676265563, "3": 0.0, "4": 0.0, "5": 0.0, "6": 8.527086689390659, "7": 7.832769836587277, "8": 12.44939432749482, "9": 14.152322008211168, "10": 20.11447208898656, "11": 17.483390446017662, "12": 8.124430373191839, "13": 9.560686628111927, "14": 13.258210724643043, "15": 2.618352183018345, "16": 3.0726824136668647, "17": 4.179847038493008, "18": 4.103152312953549, "19": 1.9265193962790388, "20": 9.942846681291051, "21": 18.877762541372746, "22": 23.35795174478097, "23": 20.274287545178655, "24": 2.1892483562041285}, "alpha": {"0": 0, "1": 1.0607359815920776, "2": 1.336964672968298, "3": 2.0814028091654806, "4": 1.5787530297576455, "5": 1.9320840315701764, "6": 2.109873993182802, "7": 1.8021690490238174, "8": 1.5871817017515506, "9": 1.727303397536642, "10": 1.6726583733040319, "11": 1.7719828661946948, "12": 1.8166708880424436, "13": 1.6827940115664166, "14": 1.7405367826070834, "15": 2.1154943450944947, "16": 2.0241952758999395, "17": 2.0268458884520957, "18": 2.354054306113936, "19": 2.4130441811162866, "20": 2.2821184357927193, "21": 1.4825823118303152, "22": 2.0412144765657008, "23": 1.7537137364463957, "24": 2.2208254931387614}}