{"u": {"0": 0.0, "1": 1.0, "2": 1.0, "3": 1.0, "4": 1.0, "5": 1.0, "6": 1.0, "7": 1.0, "8": 1.0, "9": 1.0, "10": 1.0, "11": 1.0, "12": 1.0, "13": 1.0, "14": 1.0, "15": 1.0, "16": 1.0, "17": 1.0, "18": 1.0, "19": 1.0, "20": 1.0, "21": 1.0, "22": 1.0, "23": 1.0, "24": 1.0}, "p1": {"0": 0.0, "1": 4.720578445817656, "2": 6.4450628134796055, "3": 0.0, "4": 0.0, "5": 0.0, "6": 9.105458655191184, "7": 8.407292098865614, "8": 12.688787364517825, "9": 14.552517301357366, "10": 20.449302385688718, "11": 16.692077901767643, "12": 8.179014272109765, "13": 8.976054500909694, "14": 13.239823065149464, "15": 3.0337369331500703, "16": 4.223209315570893, "17": 4.116840498310555, "18": 4.33181475916825, "19": 1.9715407433267735, "20": 10.312958587487513, "21": 19.433111855781775, "22": 25.14548328778636, "23": 20.257131936811053, "24": 4.65991846923413}, "pg": {"0": 0, "1": 5.0, "2": 10.0, "3": 12.0, "4": 12.0, "5": 12.0, "6": 12.0, "7": 12.0, "8": 12.0, "9": 12.0, "10": 12.0, "11": 12.0, "12": 12.0, "13": 12.0, "14": 12.0, "15": 12.0, "16": 12.0, "17": 12.0, "18": 12.0, "19": 12.0, "20": 12.0, "21": 12.0, "22": 12.0, "23": 12.0, "24": 12.0}, "p2": {"0": 0, "1": 0.0, "2": 0.0, "3": 0.0, "4": 0.0, "5": 0.0, "6": 0.0, "7": 4.5106875914880575, "8": 7.624023942017633, "9": 0.0, "10": 0.0, "11": 0.0, "12": 1.2622894835202239, "13": 0.0, "14": 0.0, "15": 0.0, "16": 0.0, "17": 0.0, "18": 2.396067969602619, "19": 4.187873360871947, "20": 6.222381773784406, "21": 2.550411889013354, "22": 0.0, "23": 0.7320577328376707, "24": 3.2150314092205132}, "stor_net_i": {"battery": {"0": 0, "1": 0.0, "2": 0.0, "3": 0.0, "4": 0.0, "5": 0.0, "6": 0.0, "7": 0.0, "8": 0.0, "9": 0.0, "10": 0.0, "11": 0.0, "12": 0.0, "13": -5.0, "14": 1.0228384934092158, "15": 3.977161506590784, "16": -0.1394817306817533, "17": 0.1394817306817533, "18": -5.0, "19": 0.0, "20": 5.0, "21": -5.0, "22": 0.0, "23": 0.0, "24": 5.0}, "ev": {"0": 0, "1": -1.3016025396600366, "2": -6.179921083639135, "3": -1.0591237684105668, "4": -0.000688863335915002, "5": -3.1420346028670334, "6": -2.6492997815178807, "7": -1.0561777439710625, "8": -11.0, "9": 0.23209925147068233, "10": -0.05108008730726965, "11": -4.192170780761781, "12": 11.0, "13": 8.572423926446433, "14": -11.0, "15": -1.6090245701732027, "16": -6.963399356273229, "17": 0.1552331730792229, "18": 11.0, "19": 11.0, "20": 4.844766826920775, "21": 11.0, "22": -6.881417144852012, "23": -8.718582855147986, "24": -11.0}}, "stor_level": {"battery": {"0": 0, "1": 0.0, "2": 0.0, "3": 0.0, "4": 0.0, "5": 0.0, "6": 0.0, "7": 0.0, "8": 0.0, "9": 0.0, "10": 0.0, "11": 0.0, "12": 0.0, "13": 5.0, "14": 3.977161506590784, "15": 0.0, "16": 0.1394817306817533, "17": 0.0, "18": 5.0, "19": 5.0, "20": 0.0, "21": 5.0, "22": 5.0, "23": 5.0, "24": 0.0}, "ev": {"0": 7.6000000000000005, "1": 8.901602539660036, "2": 15.081523623299171, "3": 16.140647391709738, "4": 16.14133625504565, "5": 19.283370857912686, "6": 21.93267063943057, "7": 22.98884838340163, "8": 33.98884838340163, "9": 33.756749131930945, "10": 33.807829219238215, "11": 38.0, "12": 27.0, "13": 18.427576073553567, "14": 29.427576073553567, "15": 31.03660064372677, "16": 38.0, "17": 37.844766826920775, "18": 26.844766826920775, "19": 15.844766826920775, "20": 11.0, "21": 0.0, "22": 6.881417144852012, "23": 15.599999999999998, "24": 26.599999999999998}}, "dual_con1": {"0": 0.0, "1": 0.0, "2": 0.0, "3": -2.064, "4": -2.064, "5": -2.064, "6": -2.064, "7": -2.064, "8": -2.064, "9": -2.064, "10": -2.064, "11": -2.064, "12": -2.064, "13": -2.064, "14": -2.064, "15": -2.064, "16": -2.064, "17": -2.064, "18": -2.064, "19": -2.064, "20": -2.064, "21": -2.064, "22": -2.064, "23": -2.064, "24": -2.064}, "dual_con2": {"0": 0.0, "1": -0.3, "2": -0.3, "3": -0.3, "4": -0.3, "5": -0.3, "6": -0.3, "7": -0.3, "8": -0.3, "9": -0.3, "10": -0.3, "11": -0.3, "12": -0.3, "13": -0.3, "14": -0.3, "15": -0.3, "16": -0.3, "17": -0.3, "18": -0.3, "19": -0.3, "20": -0.3, "21": -0.3, "22": -0.3, "23": -0.3, "24": -0.3}}