{"u": {"0": 0.0, "1": 1.0, "2": 1.0, "3": 1.0, "4": 1.0, "5": 1.0, "6": 1.0, "7": 1.0, "8": 1.0, "9": 1.0, "10": 1.0, "11": 1.0, "12": 1.0, "13": 1.0, "14": 1.0, "15": 1.0, "16": 1.0, "17": 1.0, "18": 1.0, "19": 1.0, "20": 1.0, "21": 1.0, "22": 1.0, "23": 1.0, "24": 1.0}, "p1": {"0": 0.0, "1": 7.781025972466233, "2": 7.425216074340124, "3": 1.3954754462585797, "4": 0.0, "5": 0.0, "6": 7.516545584054047, "7": 4.605617134377386, "8": 14.742736192591687, "9": 9.530065944486086, "10": 23.520167766610584, "11": 14.206257875237615, "12": 19.677480143280444, "13": 6.442429692045252, "14": 9.297427031202574, "15": 0.0, "16": 5.33476838080195, "17": 0.0, "18": 12.338605211572794, "19": 9.000325103899124, "20": 22.8589523588694, "21": 16.857582570581076, "22": 18.90038182467947, "23": 3.4492740456904887, "24": 3.713104660760779}, "pg": {"0": 0, "1": 5.0, "2": 10.0, "3": 12.0, "4": 12.0, "5": 12.0, "6": 12.0, "7": 12.0, "8": 12.0, "9": 12.0, "10": 12.0, "11": 12.0, "12": 12.0, "13": 12.0, "14": 12.0, "15": 12.0, "16": 12.0, "17": 12.0, "18": 12.0, "19": 12.0, "20": 12.0, "21": 12.0, "22": 12.0, "23": 12.0, "24": 12.0}, "p2": {"0": 0, "1": 0.0, "2": 0.0, "3": 0.0, "4": 0.0, "5": 0.0, "6": 0.0, "7": 0.0, "8": 0.0, "9": 0.0, "10": 0.0, "11": 0.0, "12": 4.8007277689277394, "13": 12.106048735310878, "14": 0.0, "15": 0.0, "16": 0.0, "17": 0.0, "18": 0.0, "19": 0.0, "20": 0.0, "21": 0.12594117421405215, "22": 0.0, "23": 6.254538433886093, "24": 4.161845217693866}, "stor_net_i": {"battery": {"0": 0, "1": 0.0, "2": 0.0, "3": 0.0, "4": 0.0, "5": 0.0, "6": 0.0, "7": 0.0, "8": 0.0, "9": 0.0, "10": -5.0, "11": 0.0, "12": 0.0, "13": 5.0, "14": -1.5989891194531367, "15": 1.5989891194531367, "16": -5.0, "17": 5.0, "18": 0.0, "19": 0.0, "20": -5.0, "21": 0.0, "22": 5.0, "23": -5.0, "24": 5.0}, "ev": {"0": 0, "1": -4.362050066308614, "2": -7.1600743444996535, "3": -2.4545992146691464, "4": -0.000688863335915002, "5": -3.1420346028670334, "6": -1.0603867103807438, "7": 7.256184812005223, "8": -5.429924886056229, "9": 5.254550608341962, "10": 1.8780545317708643, "11": -1.706350754231753, "12": -4.036904156578196, "13": -11.0, "14": -4.435776353190757, "15": 3.802884750114515, "16": -3.2144401521860395, "17": -0.5884445979284685, "18": 0.38927751719807446, "19": 8.159089000299595, "20": 8.521154829323297, "21": 11.0, "22": -5.636315681745124, "23": 7.5667943349241575, "24": -11.0}}, "stor_level": {"battery": {"0": 0, "1": 0.0, "2": 0.0, "3": 0.0, "4": 0.0, "5": 0.0, "6": 0.0, "7": 0.0, "8": 0.0, "9": 0.0, "10": 5.0, "11": 5.0, "12": 5.0, "13": 0.0, "14": 1.5989891194531367, "15": 0.0, "16": 5.0, "17": 0.0, "18": 0.0, "19": 0.0, "20": 5.0, "21": 5.0, "22": 0.0, "23": 5.0, "24": 0.0}, "ev": {"0": 7.6000000000000005, "1": 11.962050066308613, "2": 19.12212441080827, "3": 21.576723625477413, "4": 21.57741248881333, "5": 24.719447091680365, "6": 25.77983380206111, "7": 18.523648990055886, "8": 23.953573876112117, "9": 18.699023267770155, "10": 16.82096873599929, "11": 18.527319490231044, "12": 22.56422364680924, "13": 33.56422364680924, "14": 38.0, "15": 34.197115249885485, "16": 37.41155540207153, "17": 38.0, "18": 37.610722482801926, "19": 29.45163348250233, "20": 20.930478653179033, "21": 9.930478653179033, "22": 15.566794334924158, "23": 8.0, "24": 19.0}}, "dual_con1": {"0": 0.0, "1": 0.0, "2": 0.0, "3": -2.064, "4": -2.064, "5": -2.064, "6": -2.064, "7": -2.064, "8": -2.064, "9": -2.064, "10": -2.064, "11": -2.064, "12": -2.064, "13": -2.064, "14": -2.064, "15": -2.064, "16": -2.064, "17": -2.064, "18": -2.064, "19": -2.064, "20": -2.064, "21": -2.064, "22": -2.064, "23": -2.064, "24": -2.064}, "dual_con2": {"0": 0.0, "1": -0.3, "2": -0.3, "3": -0.3, "4": -0.3, "5": -0.3, "6": -0.3, "7": -0.3, "8": -0.3, "9": -0.3, "10": -0.3, "11": -0.3, "12": -0.3, "13": -0.3, "14": -0.3, "15": -0.3, "16": -0.3, "17": -0.3, "18": -0.3, "19": -0.3, "20": -0.3, "21": -0.3, "22": -0.3, "23": -0.3, "24": -0.3}}