stor_level,time,iterations
0,21.335991144180298,10
4,11.988209962844849,5
8,9.88798475265503,4
12,9.688868761062622,4
16,10.025983095169067,4
20,9.907756090164185,4
TOTAL,72.87369298934937,0
