{"u": {"0": 0, "1": 1.0, "2": 1.0, "3": 1.0, "4": 1.0, "5": 1.0, "6": 1.0, "7": 1.0, "8": 1.0, "9": 1.0, "10": 1.0, "11": 1.0, "12": 1.0, "13": 1.0, "14": 1.0, "15": 1.0, "16": 1.0, "17": 1.0, "18": 1.0, "19": 1.0, "20": 1.0, "21": 1.0, "22": 1.0, "23": 1.0, "24": 1.0}, "p1": {"0": 0, "1": 5.443157258474178, "2": 1.7535035118738271, "3": 0.0, "4": 0.0, "5": 1.7923207748751153, "6": 5.178943179260127, "7": 6.770079164796732, "8": 12.320397770243016, "9": 10.213746225174617, "10": 21.025321774786686, "11": 15.713314246269556, "12": 13.4228866344355, "13": 0.0, "14": 4.571009656145465, "15": 5.856210525451527, "16": 7.549064525301162, "17": 6.873278322734674, "18": 10.97069115007659, "19": 18.81726599739302, "20": 15.225719421489158, "21": 33.4152030493164, "22": 12.809276764320872, "23": 0.0, "24": 0.4394034941217466}, "alpha": {"0": 0, "1": 1.1111970585445143, "2": 1.5346196578976943, "3": 1.4771278316636045, "4": 1.5027240946386797, "5": 1.6904981113295934, "6": 1.8315149358830345, "7": 1.6811835132031656, "8": 1.743828483646822, "9": 2.276474747155706, "10": 2.059342712474875, "11": 1.9701615001575086, "12": 1.8142023962868432, "13": 2.050844113548752, "14": 1.7323425969623985, "15": 1.9986555427360009, "16": 1.5694933737291312, "17": 1.7625140709849878, "18": 2.1965461639533164, "19": 1.8183551543230039, "20": 1.7797435752073691, "21": 1.4666451936951856, "22": 2.094891646047678, "23": 1.8995924170207505, "24": 1.3780675741196768}}