{"u": {"0": 0, "1": 1.0, "2": 1.0, "3": 1.0, "4": 1.0, "5": 1.0, "6": 1.0, "7": 1.0, "8": 1.0, "9": 1.0, "10": 1.0, "11": 1.0, "12": 1.0, "13": 1.0, "14": 1.0, "15": 1.0, "16": 1.0, "17": 1.0, "18": 1.0, "19": 1.0, "20": 1.0, "21": 1.0, "22": 1.0, "23": 1.0, "24": 1.0}, "p1": {"0": 0, "1": 1.646585371218145, "2": 0.0, "3": 0.0, "4": 0.0, "5": 0.0, "6": 2.6944632279237055, "7": 8.388536201215928, "8": 9.856038964944789, "9": 12.920352105086423, "10": 18.150212814073846, "11": 16.221891652877964, "12": 13.735709864557055, "13": 8.358800699696255, "14": 4.5807246651911875, "15": 2.8266571237251608, "16": 2.0395890044736866, "17": 6.945001755550628, "18": 10.47423903518401, "19": 13.68939383436196, "20": 19.705978655154407, "21": 23.45664774898572, "22": 15.893200672655917, "23": 8.95994942436431, "24": 0.0}, "alpha": {"0": 0, "1": 1.0206728780456502, "2": 1.0484754670122705, "3": 1.30029986762791, "4": 1.298086217333532, "5": 1.2898410476021525, "6": 2.0044474296298187, "7": 2.094243541381084, "8": 2.114320074857965, "9": 2.087278300933699, "10": 2.057583435534693, "11": 2.149180032335849, "12": 2.2465799127128028, "13": 2.157218832064456, "14": 1.9707407729299777, "15": 1.8952598193004886, "16": 2.1006686955809477, "17": 1.9881738740026564, "18": 2.1160333732643, "19": 2.210049932153435, "20": 2.3040147090111835, "21": 2.3795242495968196, "22": 2.2492468423176057, "23": 1.9862781741976585, "24": 1.6558245846300568}}