{"u": {"0": 0, "1": 1.0, "2": 1.0, "3": 1.0, "4": 1.0, "5": 1.0, "6": 1.0, "7": 1.0, "8": 1.0, "9": 1.0, "10": 1.0, "11": 1.0, "12": 1.0, "13": 1.0, "14": 1.0, "15": 1.0, "16": 1.0, "17": 1.0, "18": 1.0, "19": 1.0, "20": 1.0, "21": 1.0, "22": 1.0, "23": 1.0, "24": 1.0}, "p1": {"0": 0, "1": 5.320599627370534, "2": 2.776057326236238, "3": 0.0, "4": 0.0, "5": 0.0, "6": 2.334945600705728, "7": 10.976859012443692, "8": 11.654425683024655, "9": 11.644951254070843, "10": 22.734311516372202, "11": 17.42609467725713, "12": 16.295264490794683, "13": 6.280353425103716, "14": 0.0, "15": 2.9198979538971663, "16": 5.327612520285264, "17": 9.766475935022958, "18": 8.876209608202995, "19": 18.956760362723614, "20": 15.029765132329084, "21": 33.56179798261832, "22": 17.638130136383037, "23": 0.0, "24": 0.016358698121571535}, "alpha": {"0": 0, "1": 1.1119643478756083, "2": 1.3079235616743405, "3": 1.2669280557170515, "4": 1.4064224815807536, "5": 1.7966849575957653, "6": 1.5860571885916084, "7": 1.7285352459863863, "8": 1.4982344227350222, "9": 1.8051132384868354, "10": 1.5466457899992192, "11": 1.6483273708612365, "12": 1.8104890393790918, "13": 1.8168865963216652, "14": 1.83021391583132, "15": 1.753994467606782, "16": 1.9768144317901026, "17": 1.6256889569765332, "18": 2.2068906265153965, "19": 1.8305068447238246, "20": 1.8145298619553905, "21": 1.4826667137046083, "22": 1.7982356344290302, "23": 1.6750387181634583, "24": 1.4089810129197298}}