{"u": {"0": 0, "1": 1.0, "2": 1.0, "3": 1.0, "4": 1.0, "5": 1.0, "6": 1.0, "7": 1.0, "8": 1.0, "9": 1.0, "10": 1.0, "11": 1.0, "12": 1.0, "13": 1.0, "14": 1.0, "15": 1.0, "16": 1.0, "17": 1.0, "18": 1.0, "19": 1.0, "20": 1.0, "21": 1.0, "22": 1.0, "23": 1.0, "24": 1.0}, "p1": {"0": 0, "1": 2.2215007348687257, "2": 0.0, "3": 0.0, "4": 0.0, "5": 0.0, "6": 3.5647176815438524, "7": 9.04418894037143, "8": 10.375333049829951, "9": 13.231025669343433, "10": 16.974323519362535, "11": 16.45816268393676, "12": 16.655077808997984, "13": 11.320283520800151, "14": 5.602020569570179, "15": 2.3266930765098, "16": 4.60530657716073, "17": 8.258213985179243, "18": 10.795536507266988, "19": 16.244299107182034, "20": 20.47585523796909, "21": 24.497887796696173, "22": 16.904749911965034, "23": 9.671556745527427, "24": 0.30101433545816647}, "alpha": {"0": 0, "1": 0.8897516536795971, "2": 1.1113453424717805, "3": 1.3300441961762877, "4": 1.3347897669899564, "5": 1.4411419491483402, "6": 1.677327969350962, "7": 1.8103362676080619, "8": 1.8759622126934352, "9": 1.9112909139050536, "10": 2.314642189102118, "11": 1.986706968857344, "12": 1.4422428048831113, "13": 1.3984368296276766, "14": 1.6677013017569144, "15": 1.985827059101429, "16": 1.4337317756215404, "17": 1.5779963630658422, "18": 1.9490925567961959, "19": 1.5169176502217727, "20": 1.9447028302633929, "21": 1.951839769481253, "22": 1.8862497017544295, "23": 1.6741622252500914, "24": 1.419584321718751}}