{"u": {"0": 0.0, "1": 1.0, "2": 1.0, "3": 1.0, "4": 1.0, "5": 1.0, "6": 1.0, "7": 1.0, "8": 1.0, "9": 1.0, "10": 1.0, "11": 1.0, "12": 1.0, "13": 1.0, "14": 1.0, "15": 1.0, "16": 1.0, "17": 1.0, "18": 1.0, "19": 1.0, "20": 1.0, "21": 1.0, "22": 1.0, "23": 1.0, "24": 1.0}, "p1": {"0": 0.0, "1": 4.3474366304122825, "2": 0.0, "3": 0.0, "4": 0.0, "5": 0.0, "6": 0.0, "7": 14.998022261480006, "8": 12.473117435849757, "9": 12.819274206381637, "10": 22.865299553444384, "11": 17.64168393004603, "12": 16.77378781951154, "13": 8.951396204635556, "14": 3.2167295538218372, "15": 0.0, "16": 0.665908964735177, "17": 10.798623529855435, "18": 9.603025799774706, "19": 19.393859566263117, "20": 13.883703999451457, "21": 33.350338295426894, "22": 19.165303719048122, "23": 2.238369363170529, "24": 0.0}, "pg": {"0": 0, "1": 5.0, "2": 10.0, "3": 12.0, "4": 12.0, "5": 12.0, "6": 12.0, "7": 12.0, "8": 12.0, "9": 12.0, "10": 12.0, "11": 12.0, "12": 12.0, "13": 12.0, "14": 12.0, "15": 12.0, "16": 12.0, "17": 12.0, "18": 12.0, "19": 12.0, "20": 12.0, "21": 12.0, "22": 11.36907505128973, "23": 12.0, "24": 7.0}, "p2": {"0": 0, "1": 0.0, "2": 0.0, "3": 0.0, "4": 0.0, "5": 0.0, "6": 0.0, "7": 0.0, "8": 0.0, "9": 0.0, "10": 0.0, "11": 0.0, "12": 1.944717725864134, "13": 6.630921352720442, "14": 0.0, "15": 0.0, "16": 0.03456878973773847, "17": 0.0, "18": 0.0, "19": 0.0, "20": 1.709230810807112, "21": 0.0, "22": 0.0, "23": 0.0, "24": 0.0}, "stor_net_i": {"0": 0, "1": -1.0954294627558987, "2": -0.8556527705811838, "3": -2.3888892952224374, "4": -2.5683294750670225, "5": -1.550295649361491, "6": 4.951999398966336, "7": -1.2276643111840215, "8": -2.097805301196365, "9": 5.145128399767707, "10": -3.041317235134862, "11": 3.717290223325552, "12": 1.010965478443687, "13": -9.83433193164663, "14": 5.265691144180295, "15": 4.568640787466336, "16": 0.0, "17": -7.602314781250817, "18": 0.6347135282183025, "19": -1.0242178127197619, "20": 7.991819065752274, "21": -6.051183538180631, "22": 0.05753334646362518, "23": 3.5390886688006216, "24": 2.454561522916384}, "stor_level": {"0": 0, "1": 1.0954294627558987, "2": 1.9510822333370825, "3": 4.33997152855952, "4": 6.908301003626542, "5": 8.458596652988033, "6": 3.506597254021697, "7": 4.734261565205719, "8": 6.832066866402084, "9": 1.686938466634377, "10": 4.728255701769239, "11": 1.010965478443687, "12": 0.0, "13": 9.83433193164663, "14": 4.568640787466336, "15": 0.0, "16": 0.0, "17": 7.602314781250817, "18": 6.967601253032514, "19": 7.991819065752276, "20": 0.0, "21": 6.051183538180631, "22": 5.9936501917170055, "23": 2.454561522916384, "24": 0.0}, "dual_con1": {"0": 0.0, "1": 0.0, "2": 0.0, "3": -2.064, "4": -2.064, "5": -2.064, "6": -2.064, "7": -2.064, "8": -2.064, "9": -2.064, "10": -2.064, "11": -2.064, "12": -2.064, "13": -2.064, "14": -2.064, "15": -2.064, "16": -2.064, "17": -2.064, "18": -2.064, "19": -2.064, "20": -2.064, "21": 0.0, "22": 0.0, "23": 0.0, "24": 0.0}, "dual_con2": {"0": 0.0, "1": -0.3, "2": -0.3, "3": -0.3, "4": -0.3, "5": -0.3, "6": -0.3, "7": -0.3, "8": -0.3, "9": -0.3, "10": -0.3, "11": -0.3, "12": -0.3, "13": -0.3, "14": -0.3, "15": -0.3, "16": -0.3, "17": -0.3, "18": -0.3, "19": -0.3, "20": -0.3, "21": -0.128, "22": -0.128, "23": -0.128, "24": -0.128}}