{"u": {"0": 0.0, "1": 1.0, "2": 1.0, "3": 1.0, "4": 1.0, "5": 1.0, "6": 1.0, "7": 1.0, "8": 1.0, "9": 1.0, "10": 1.0, "11": 1.0, "12": 1.0, "13": 1.0, "14": 1.0, "15": 1.0, "16": 1.0, "17": 1.0, "18": 1.0, "19": 1.0, "20": 1.0, "21": 1.0, "22": 1.0, "23": 1.0, "24": 1.0}, "p1": {"0": 0.0, "1": 5.320599627370534, "2": 2.776057326236238, "3": 0.0, "4": 0.0, "5": 0.0, "6": 2.334945600705728, "7": 10.976859012443692, "8": 11.654425683024655, "9": 11.644951254070843, "10": 22.734311516372202, "11": 17.42609467725713, "12": 16.295264490794683, "13": 6.280353425103716, "14": 0.0, "15": 2.9198979538971663, "16": 5.327612520285264, "17": 9.766475935022958, "18": 8.876209608202995, "19": 18.956760362723614, "20": 15.029765132329084, "21": 33.56179798261832, "22": 17.638130136383037, "23": 0.0, "24": 0.016358698121571535}, "pg": {"0": 0, "1": 5.0, "2": 10.0, "3": 12.0, "4": 12.0, "5": 12.0, "6": 12.0, "7": 12.0, "8": 12.0, "9": 12.0, "10": 12.0, "11": 12.0, "12": 12.0, "13": 12.0, "14": 12.0, "15": 12.0, "16": 12.0, "17": 10.60069468907836, "18": 12.0, "19": 12.0, "20": 12.0, "21": 12.0, "22": 12.0, "23": 12.0, "24": 9.438202824794812}, "p2": {"0": 0, "1": 0.0, "2": 0.0, "3": 0.0, "4": 3.7921830238174774, "5": 0.0, "6": 2.617053798260608, "7": 1.5143853894810295, "8": 0.0, "9": 0.0, "10": 0.0, "11": 0.0, "12": 0.0, "13": 4.375003895331904, "14": 0.0, "15": 0.0, "16": 0.0, "17": 0.0, "18": 0.0, "19": 0.0, "20": 0.0, "21": 0.0, "22": 0.0, "23": 0.0, "24": 0.0}, "stor_net_i": {"0": 0, "1": -2.06859245971415, "2": -3.6317100968174216, "3": -2.3888892952224374, "4": -6.3605124988845, "5": -1.550295649361491, "6": 0.0, "7": 1.2791135483712637, "8": -1.2791135483712637, "9": 6.319451352078499, "10": -2.91032919806268, "11": 3.9328794761144543, "12": 3.4342065330246783, "13": -4.907371694726255, "14": 8.482420698002134, "15": 1.6487428335691696, "16": -4.6271347658123485, "17": -5.1708618754966995, "18": 1.3615297197900134, "19": -0.5871186091802585, "20": 8.554988743681761, "21": -6.262643225372059, "22": 0.9537819804184409, "23": 5.77745803197115, "24": 0.0}, "stor_level": {"0": 0, "1": 2.06859245971415, "2": 5.700302556531572, "3": 8.08919185175401, "4": 14.449704350638509, "5": 16.0, "6": 16.0, "7": 14.720886451628736, "8": 16.0, "9": 9.680548647921501, "10": 12.590877845984181, "11": 8.657998369869727, "12": 5.223791836845049, "13": 10.131163531571303, "14": 1.6487428335691696, "15": 0.0, "16": 4.6271347658123485, "17": 9.797996641309048, "18": 8.436466921519035, "19": 9.023585530699293, "20": 0.4685967870175318, "21": 6.731240012389591, "22": 5.77745803197115, "23": 0.0, "24": 0.0}, "dual_con1": {"0": 0.0, "1": 0.0, "2": 0.0, "3": -2.064, "4": -2.064, "5": -2.064, "6": -2.064, "7": -2.064, "8": -2.064, "9": -2.064, "10": -2.064, "11": -2.064, "12": -2.064, "13": -2.064, "14": -2.064, "15": -2.064, "16": 0.0, "17": 0.0, "18": 0.0, "19": 0.0, "20": 0.0, "21": 0.0, "22": 0.0, "23": 0.0, "24": 0.0}, "dual_con2": {"0": 0.0, "1": -0.3, "2": -0.3, "3": -0.3, "4": -0.3, "5": -0.3, "6": -0.3, "7": -0.3, "8": -0.3, "9": -0.3, "10": -0.3, "11": -0.3, "12": -0.3, "13": -0.3, "14": -0.3, "15": -0.3, "16": -0.128, "17": -0.128, "18": -0.128, "19": -0.128, "20": -0.128, "21": -0.128, "22": -0.128, "23": -0.128, "24": -0.128}}