{"u": {"0": 0.0, "1": 1.0, "2": 1.0, "3": 1.0, "4": 1.0, "5": 1.0, "6": 1.0, "7": 1.0, "8": 1.0, "9": 1.0, "10": 1.0, "11": 1.0, "12": 1.0, "13": 1.0, "14": 1.0, "15": 1.0, "16": 1.0, "17": 1.0, "18": 1.0, "19": 1.0, "20": 1.0, "21": 1.0, "22": 1.0, "23": 1.0, "24": 1.0}, "p1": {"0": 0.0, "1": 5.443157258474178, "2": 1.7535035118738271, "3": 0.0, "4": 0.0, "5": 1.7923207748751153, "6": 5.178943179260127, "7": 6.770079164796732, "8": 12.320397770243016, "9": 10.213746225174617, "10": 21.025321774786686, "11": 15.713314246269556, "12": 13.4228866344355, "13": 0.0, "14": 4.571009656145465, "15": 5.856210525451527, "16": 7.549064525301162, "17": 6.873278322734674, "18": 10.97069115007659, "19": 18.81726599739302, "20": 15.225719421489158, "21": 33.4152030493164, "22": 12.809276764320872, "23": 0.0, "24": 0.4394034941217466}, "pg": {"0": 0, "1": 5.0, "2": 10.0, "3": 12.0, "4": 12.0, "5": 12.0, "6": 12.0, "7": 12.0, "8": 12.0, "9": 12.0, "10": 12.0, "11": 12.0, "12": 12.0, "13": 12.0, "14": 12.0, "15": 12.0, "16": 12.0, "17": 12.0, "18": 12.0, "19": 12.0, "20": 12.0, "21": 12.0, "22": 12.0, "23": 12.0, "24": 9.015158028794637}, "p2": {"0": 0, "1": 0.0, "2": 0.0, "3": 0.0, "4": 0.0, "5": 0.0, "6": 6.6729146519073375, "7": 0.0, "8": 0.0, "9": 2.8058495308843554, "10": 8.798660543522832, "11": 0.0, "12": 1.611640964051924, "13": 0.0, "14": 0.0, "15": 0.8093773980265606, "16": 0.0, "17": 0.0, "18": 0.0, "19": 0.0, "20": 0.0, "21": 0.0, "22": 0.0, "23": 0.0, "24": 0.0}, "stor_net_i": {"0": 0, "1": -2.1911500908177945, "2": -2.609156282455011, "3": -2.3888892952224374, "4": -2.5683294750670225, "5": -3.3426164242366063, "6": -6.899858432201128, "7": 7.000278785499255, "8": -1.9450856355896242, "9": 4.9448068500903695, "10": -10.0, "11": 5.645659907102029, "12": 4.694943425331937, "13": 5.747985625709365, "14": 3.9114110418566685, "15": -2.0969471360117513, "16": -6.848586770828247, "17": -3.676969574130055, "18": -0.7329518220835816, "19": -0.4476242438496634, "20": 8.359034454521684, "21": -6.11604829207014, "22": 5.782635352480604, "23": 5.77745803197115, "24": 0.0}, "stor_level": {"0": 0, "1": 2.1911500908177945, "2": 4.8003063732728055, "3": 7.189195668495243, "4": 9.757525143562265, "5": 13.100141567798872, "6": 20.0, "7": 12.999721214500745, "8": 14.94480685009037, "9": 10.0, "10": 20.0, "11": 14.35434009289797, "12": 9.659396667566034, "13": 3.9114110418566685, "14": 0.0, "15": 2.0969471360117513, "16": 8.945533906839998, "17": 12.622503480970053, "18": 13.355455303053635, "19": 13.803079546903298, "20": 5.444045092381614, "21": 11.560093384451754, "22": 5.77745803197115, "23": 0.0, "24": 0.0}, "dual_con1": {"0": 0.0, "1": 0.0, "2": 0.0, "3": -2.064, "4": -2.064, "5": -2.064, "6": -2.064, "7": -2.064, "8": -2.064, "9": -2.064, "10": -2.064, "11": -2.064, "12": -2.064, "13": -2.064, "14": -2.064, "15": -2.064, "16": -2.064, "17": -2.064, "18": -2.064, "19": -2.064, "20": -2.064, "21": -2.064, "22": -2.064, "23": -2.064, "24": 0.0}, "dual_con2": {"0": 0.0, "1": -0.3, "2": -0.3, "3": -0.3, "4": -0.3, "5": -0.3, "6": -0.3, "7": -0.3, "8": -0.3, "9": -0.3, "10": -0.3, "11": -0.3, "12": -0.3, "13": -0.3, "14": -0.3, "15": -0.3, "16": -0.3, "17": -0.3, "18": -0.3, "19": -0.3, "20": -0.3, "21": -0.3, "22": -0.3, "23": -0.3, "24": -0.128}}