charge_target,time,iterations
0.8,1.9572100639343262,5
TOTAL,1.964505910873413,0
