{"u": {"0": 0, "1": 1.0, "2": 1.0, "3": 1.0, "4": 1.0, "5": 1.0, "6": 1.0, "7": 1.0, "8": 1.0, "9": 1.0, "10": 1.0, "11": 1.0, "12": 1.0, "13": 1.0, "14": 1.0, "15": 1.0, "16": 1.0, "17": 1.0, "18": 1.0, "19": 1.0, "20": 1.0, "21": 1.0, "22": 1.0, "23": 1.0, "24": 1.0}, "p1": {"0": 0, "1": 0.12736499473655982, "2": 0.0, "3": 0.0, "4": 0.0, "5": 0.0, "6": 1.5393298349168312, "7": 3.6823733426954632, "8": 9.994982968303141, "9": 8.396402741235503, "10": 21.14776410195049, "11": 16.32604743875204, "12": 13.112352275691334, "13": 9.548933605136149, "14": 8.841962452216515, "15": 0.12475451797033976, "16": 3.3330832594309623, "17": 3.3358092087320834, "18": 6.466638827184871, "19": 17.217112182067364, "20": 18.30172381148319, "21": 22.152629270890586, "22": 20.904918183996212, "23": 5.536509581185449, "24": 0.0}, "alpha": {"0": 0, "1": 1.6595997738735897, "2": 1.406667949336201, "3": 1.3022881133782391, "4": 1.4052671286541996, "5": 1.6179546700683887, "6": 1.9578588866829756, "7": 3.256361596756007, "8": 2.005732565373194, "9": 3.0755599475591864, "10": 1.9964783279973604, "11": 2.2470338959074336, "12": 2.9773456170515162, "13": 1.9386259089861257, "14": 1.1891616259493507, "15": 2.838311706463683, "16": 1.9786377610799437, "17": 3.0317284427840554, "18": 3.109017547068494, "19": 1.558641616903361, "20": 2.7670229006782816, "21": 3.3618289300803585, "22": 1.4554021853146875, "23": 2.8225094416055647, "24": 1.816897369319788}}