{"u": {"0": 0.0, "1": 1.0, "2": 1.0, "3": 1.0, "4": 1.0, "5": 1.0, "6": 1.0, "7": 1.0, "8": 1.0, "9": 1.0, "10": 1.0, "11": 1.0, "12": 1.0, "13": 1.0, "14": 1.0, "15": 1.0, "16": 1.0, "17": 1.0, "18": 1.0, "19": 1.0, "20": 1.0, "21": 1.0, "22": 1.0, "23": 1.0, "24": 1.0}, "p1": {"0": 0.0, "1": 0.0, "2": 0.0, "3": 0.0, "4": 0.0, "5": 0.0, "6": 3.9395780445702275, "7": 8.385474303534515, "8": 9.490796970750349, "9": 9.544383656858148, "10": 22.186612916453598, "11": 11.262370065369328, "12": 17.631874081237665, "13": 3.165052953289157, "14": 0.0, "15": 3.342668810791597, "16": 0.5666010466613756, "17": 7.997380113019059, "18": 8.24124815758291, "19": 14.114371904908184, "20": 17.578679378320885, "21": 21.775548163972275, "22": 12.690361027300565, "23": 7.293446220101895, "24": 0.022358605764413397}, "pg": {"0": 0, "1": 5.0, "2": 6.478226862597019, "3": 11.478226862597019, "4": 6.478226862597019, "5": 6.2163513140660385, "6": 11.216351314066038, "7": 12.0, "8": 12.0, "9": 12.0, "10": 12.0, "11": 12.0, "12": 8.512258128660331, "13": 12.0, "14": 12.0, "15": 12.0, "16": 12.0, "17": 12.0, "18": 12.0, "19": 12.0, "20": 12.0, "21": 12.0, "22": 12.0, "23": 12.0, "24": 12.0}, "p2": {"0": 0, "1": 7.22281997026173, "2": 0.0, "3": 0.0, "4": 0.0, "5": 0.0, "6": 0.0, "7": 1.8471672140303497, "8": 2.9157331001356184, "9": 6.938143754195089, "10": 5.0697205641203595, "11": 11.005000819113658, "12": 0.0, "13": 7.8247053012715, "14": 4.333113752178491, "15": 2.0588981115574363, "16": 8.033418250091692, "17": 0.27500339668576146, "18": 0.5465304508553981, "19": 5.449723955480572, "20": 14.299183477432784, "21": 3.4819964604354823, "22": 0.17211076623043553, "23": 10.812844817054529, "24": 2.324522570353242}, "stor_net_i": {"battery": {"0": 0, "1": 0.0, "2": -1.204370166669026, "3": -2.543100526628246, "4": -1.2525293067027299, "5": 0.1000890529232521, "6": -0.1000890529232521, "7": 0.0, "8": 5.0, "9": 0.0, "10": 0.0, "11": 0.0, "12": -5.0, "13": 5.0, "14": -5.0, "15": 5.0, "16": 0.0, "17": 0.0, "18": -5.0, "19": 5.0, "20": 0.0, "21": -5.0, "22": 5.0, "23": 0.0, "24": 0.0}}, "stor_level": {"battery": {"0": 0, "1": 0.0, "2": 1.204370166669026, "3": 3.7474706932972692, "4": 5.0, "5": 4.899910947076748, "6": 5.0, "7": 5.0, "8": 0.0, "9": 0.0, "10": 0.0, "11": 0.0, "12": 5.0, "13": 0.0, "14": 5.0, "15": 0.0, "16": 0.0, "17": 0.0, "18": 5.0, "19": 0.0, "20": 0.0, "21": 5.0, "22": 0.0, "23": 0.0, "24": 0.0}}, "dual_con1": {"0": 0.0, "1": 0.0, "2": 0.0, "3": 0.0, "4": 0.0, "5": 0.0, "6": 0.0, "7": -2.064, "8": -2.064, "9": -2.064, "10": -2.064, "11": -2.064, "12": 0.0, "13": -2.064, "14": -2.064, "15": -2.064, "16": -2.064, "17": -2.064, "18": -2.064, "19": -2.064, "20": -2.064, "21": -2.064, "22": -2.064, "23": -2.064, "24": -2.064}, "dual_con2": {"0": 0.0, "1": -0.3, "2": -0.128, "3": -0.128, "4": -0.128, "5": -0.128, "6": -0.128, "7": -0.3, "8": -0.3, "9": -0.3, "10": -0.3, "11": -0.3, "12": -0.128, "13": -0.3, "14": -0.3, "15": -0.3, "16": -0.3, "17": -0.3, "18": -0.3, "19": -0.3, "20": -0.3, "21": -0.3, "22": -0.3, "23": -0.3, "24": -0.3}}