{"u": {"0": 0, "1": 1.0, "2": 1.0, "3": 1.0, "4": 1.0, "5": 1.0, "6": 1.0, "7": 1.0, "8": 1.0, "9": 1.0, "10": 1.0, "11": 1.0, "12": 1.0, "13": 1.0, "14": 1.0, "15": 1.0, "16": 1.0, "17": 1.0, "18": 1.0, "19": 1.0, "20": 1.0, "21": 1.0, "22": 1.0, "23": 1.0, "24": 1.0}, "p1": {"0": 0, "1": 0.0, "2": 0.0, "3": 0.0, "4": 0.0, "5": 0.0, "6": 2.7110604306644763, "7": 8.490013736130635, "8": 10.451702475585346, "9": 12.359646847464331, "10": 18.18910067058437, "11": 16.263151562492745, "12": 14.318903019984926, "13": 8.497411825161626, "14": 4.652189749892377, "15": 2.7429697508531445, "16": 2.718313910339376, "17": 6.557518867308172, "18": 10.42989496355739, "19": 14.31579291868729, "20": 20.111695359344438, "21": 24.039614391056272, "22": 16.271357197331092, "23": 8.480516731029686, "24": 0.0}, "alpha": {"0": 0, "1": 1.0250883527846801, "2": 1.024814157613091, "3": 1.3016476334002514, "4": 1.2993879733209397, "5": 1.30120274328687, "6": 1.9926626583024574, "7": 2.073497409440797, "8": 2.0886666186512257, "9": 2.1178154109728338, "10": 2.1791273594419804, "11": 2.1574193636926653, "12": 2.1388124690960426, "13": 2.069949673687129, "14": 2.019651564967593, "15": 1.98701828640002, "16": 1.9921087917019593, "17": 2.049442621332428, "18": 2.095400516427488, "19": 2.135145563207933, "20": 2.206918601129283, "21": 2.2358982200728574, "22": 2.154058191199656, "23": 2.0720731901428397, "24": 1.6703683015736466}}