{"u": {"0": 0, "1": 1.0, "2": 1.0, "3": 1.0, "4": 1.0, "5": 1.0, "6": 1.0, "7": 1.0, "8": 1.0, "9": 1.0, "10": 1.0, "11": 1.0, "12": 1.0, "13": 1.0, "14": 1.0, "15": 1.0, "16": 1.0, "17": 1.0, "18": 1.0, "19": 1.0, "20": 1.0, "21": 1.0, "22": 1.0, "23": 1.0, "24": 1.0}, "p1": {"0": 0, "1": 7.2201196897052675, "2": 0.0, "3": 0.0, "4": 0.0, "5": 0.0, "6": 3.8505484948851567, "7": 10.784072675393393, "8": 14.030189998894253, "9": 17.66234179895775, "10": 23.910986192921246, "11": 20.838066509404683, "12": 16.841645676871483, "13": 8.997653106501742, "14": 4.745228396616993, "15": 3.043908768620147, "16": 2.919043707390342, "17": 7.142406113489017, "18": 11.250282555865441, "19": 14.878292308845436, "20": 19.996511043845096, "21": 17.179037800459138, "22": 12.347120102319485, "23": 8.064318102934116, "24": 0.19092641764449958}, "alpha": {"0": 0, "1": 1.0951437813796931, "2": 1.2484838387669148, "3": 1.202837913035964, "4": 1.3123602761348045, "5": 1.415125571708382, "6": 1.6531294398864547, "7": 1.5161178685088885, "8": 1.3352512875218536, "9": 1.1441379261644213, "10": 1.2305639750260298, "11": 1.5092913075074397, "12": 1.7321784957550577, "13": 1.8636776651316276, "14": 1.8851734507235511, "15": 1.8348877695163135, "16": 1.8304278989328242, "17": 1.8429753588663733, "18": 1.7947819653474062, "19": 1.9339297884654931, "20": 2.1207275886516146, "21": 2.4265526029336164, "22": 1.4788352643157865, "23": 2.151290588502302, "24": 1.4372965046609472}}