{"u": {"0": 0, "1": 1.0, "2": 1.0, "3": 1.0, "4": 1.0, "5": 1.0, "6": 1.0, "7": 1.0, "8": 1.0, "9": 1.0, "10": 1.0, "11": 1.0, "12": 1.0, "13": 1.0, "14": 1.0, "15": 1.0, "16": 1.0, "17": 1.0, "18": 1.0, "19": 1.0, "20": 1.0, "21": 1.0, "22": 1.0, "23": 1.0, "24": 1.0}, "p1": {"0": 0, "1": 0.036513276914457826, "2": 0.0, "3": 0.0, "4": 0.0, "5": 0.0, "6": 1.8677466999077978, "7": 9.76177579254584, "8": 11.285364472282936, "9": 13.228188695790465, "10": 19.369032011992267, "11": 17.4260326631048, "12": 15.475857229398875, "13": 9.539858165943517, "14": 5.446658593898121, "15": 3.324608889785619, "16": 3.4657917781299314, "17": 7.687488377114402, "18": 11.794306452682285, "19": 15.884054785527383, "20": 21.894482717055325, "21": 25.983192499891473, "22": 18.10367816520045, "23": 9.990285477837453, "24": 0.5780883296288462}, "alpha": {"0": 0, "1": 1.5345395955686238, "2": 1.4012272580561012, "3": 1.3572540562839484, "4": 1.4258003547903966, "5": 1.5066826173113177, "6": 1.7894101681975227, "7": 1.6013678499696338, "8": 1.7458989455051708, "9": 1.7591238571144778, "10": 1.71367022930458, "11": 1.7139014613973325, "12": 1.6954550299967912, "13": 1.6807361472991136, "14": 1.7046339260946148, "15": 1.729332768892007, "16": 1.6900827849370585, "17": 1.6385212842318768, "18": 1.6072833552700154, "19": 1.5671034485244917, "20": 1.5818160866885917, "21": 1.5388061931041426, "22": 1.4977617016700133, "23": 1.5368066133310054, "24": 1.3662416937660051}}