{"u": {"0": 0.0, "1": 1.0, "2": 1.0, "3": 1.0, "4": 1.0, "5": 1.0, "6": 1.0, "7": 1.0, "8": 1.0, "9": 1.0, "10": 1.0, "11": 1.0, "12": 1.0, "13": 1.0, "14": 1.0, "15": 1.0, "16": 1.0, "17": 1.0, "18": 1.0, "19": 1.0, "20": 1.0, "21": 1.0, "22": 1.0, "23": 1.0, "24": 1.0}, "p1": {"0": 0.0, "1": 1.491779435310277, "2": 0.0, "3": 0.0, "4": 0.0, "5": 0.0, "6": 3.2945205017991874, "7": 9.307527963884626, "8": 11.115537099980262, "9": 12.945182449684097, "10": 18.048384092894597, "11": 17.18296634090263, "12": 14.208151225609985, "13": 7.86376160364674, "14": 5.2003330847281575, "15": 3.2865493913610884, "16": 2.503434931779509, "17": 6.093733625323466, "18": 10.139714006290593, "19": 14.781958455831118, "20": 20.619266582106324, "21": 24.923177092882767, "22": 17.260262027856694, "23": 9.771686512246797, "24": 0.32532660866967866}, "pg": {"0": 0, "1": 5.0, "2": 10.0, "3": 10.175289902557607, "4": 10.241625332207839, "5": 12.0, "6": 12.0, "7": 12.0, "8": 12.0, "9": 12.0, "10": 12.0, "11": 12.0, "12": 12.0, "13": 12.0, "14": 12.0, "15": 12.0, "16": 12.0, "17": 12.0, "18": 12.0, "19": 12.0, "20": 12.0, "21": 11.708371856869704, "22": 12.0, "23": 12.0, "24": 12.0}, "p2": {"0": 0, "1": 3.0083446892900456, "2": 0.0, "3": 0.0, "4": 0.0, "5": 0.0, "6": 1.6896537266512972, "7": 6.46583641760472, "8": 0.5908002332770828, "9": 0.7656258871890387, "10": 6.0803309127739915, "11": 2.026272545176255, "12": 3.5806770884538217, "13": 1.573912893592727, "14": 0.5122841549385946, "15": 0.6489328066063624, "16": 0.37557433043611077, "17": 1.981840083593017, "18": 1.8879028698749885, "19": 1.5624013521342501, "20": 9.165591645641566, "21": 0.0, "22": 2.8263107576808615, "23": 0.5883993575895943, "24": 0.0}, "stor_net_i": {"0": 0, "1": 0.0, "2": -1.4767468966418615, "3": -2.5232531033581385, "4": 1.4623632142553458, "5": -1.4623632142553458, "6": 4.0, "7": -4.0, "8": 4.0, "9": 0.0, "10": 0.0, "11": 0.0, "12": -4.0, "13": 0.0, "14": 0.0, "15": 0.0, "16": 0.0, "17": 0.0, "18": 0.0, "19": 4.0, "20": 0.0, "21": -4.0, "22": 4.0, "23": -1.8013562917959138, "24": 1.8013562917959138}, "stor_level": {"0": 0, "1": 0.0, "2": 1.4767468966418615, "3": 4.0, "4": 2.5376367857446542, "5": 4.0, "6": 0.0, "7": 4.0, "8": 0.0, "9": 0.0, "10": 0.0, "11": 0.0, "12": 4.0, "13": 4.0, "14": 4.0, "15": 4.0, "16": 4.0, "17": 4.0, "18": 4.0, "19": 0.0, "20": 0.0, "21": 4.0, "22": 0.0, "23": 1.8013562917959138, "24": 0.0}, "dual_con1": {"0": 0.0, "1": 0.0, "2": 0.0, "3": 0.0, "4": 0.0, "5": 0.0, "6": -2.064, "7": -2.064, "8": -2.064, "9": -2.064, "10": -2.064, "11": -2.064, "12": -2.064, "13": -2.064, "14": -2.064, "15": -2.064, "16": -2.064, "17": -2.064, "18": -2.064, "19": -2.064, "20": -2.064, "21": 0.0, "22": -2.064, "23": -2.064, "24": -2.064}, "dual_con2": {"0": 0.0, "1": -0.3, "2": -0.128, "3": -0.128, "4": -0.128, "5": -0.128, "6": -0.3, "7": -0.3, "8": -0.3, "9": -0.3, "10": -0.3, "11": -0.3, "12": -0.3, "13": -0.3, "14": -0.3, "15": -0.3, "16": -0.3, "17": -0.3, "18": -0.3, "19": -0.3, "20": -0.3, "21": -0.128, "22": -0.3, "23": -0.3, "24": -0.3}}