charge_target,time,iterations
0.8,2.1182570457458496,5
TOTAL,2.128249168395996,0
