{"u": {"0": 0, "1": 1.0, "2": 1.0, "3": 1.0, "4": 1.0, "5": 1.0, "6": 1.0, "7": 1.0, "8": 1.0, "9": 1.0, "10": 1.0, "11": 1.0, "12": 1.0, "13": 1.0, "14": 1.0, "15": 1.0, "16": 1.0, "17": 1.0, "18": 1.0, "19": 1.0, "20": 1.0, "21": 1.0, "22": 1.0, "23": 1.0, "24": 1.0}, "p1": {"0": 0, "1": 0.7412036703458398, "2": 0.0, "3": 0.0, "4": 0.0, "5": 0.0, "6": 2.0634786583122704, "7": 9.550676302765504, "8": 13.070799325420257, "9": 12.535685829103459, "10": 19.47372270979012, "11": 16.85559044077187, "12": 13.328645045950706, "13": 13.07444016870153, "14": 4.1580846407761385, "15": 4.404796789709367, "16": 6.4658326982522, "17": 6.265740374350273, "18": 10.473026052888276, "19": 14.707600747993313, "20": 19.00609379704009, "21": 24.773075293592786, "22": 17.361342793500462, "23": 9.354962955270741, "24": 0.5225756628884977}, "alpha": {"0": 0, "1": 1.4286794919085628, "2": 1.0964004573928818, "3": 1.302698619149989, "4": 1.4002129848133014, "5": 1.5316669673650793, "6": 1.9669564025063195, "7": 1.670797109170348, "8": 1.4183143054481981, "9": 1.9752942512689624, "10": 1.6938831870629625, "11": 1.9567690644557802, "12": 2.337406486214788, "13": 1.114146871379908, "14": 2.088574607767159, "15": 1.4923643264143307, "16": 1.2992528698226218, "17": 2.0562778876949177, "18": 1.9940921841335175, "19": 1.9237197756020041, "20": 2.4341718608879717, "21": 1.9040774119221648, "22": 1.727597161949862, "23": 1.7295111134187786, "24": 1.3792273011334515}}