stor_level,time,iterations
4,5.074580907821655,5
TOTAL,5.081128120422363,0
