{"u": {"0": 0.0, "1": 1.0, "2": 1.0, "3": 1.0, "4": 1.0, "5": 1.0, "6": 1.0, "7": 1.0, "8": 1.0, "9": 1.0, "10": 1.0, "11": 1.0, "12": 1.0, "13": 1.0, "14": 1.0, "15": 1.0, "16": 1.0, "17": 1.0, "18": 1.0, "19": 1.0, "20": 1.0, "21": 1.0, "22": 1.0, "23": 1.0, "24": 1.0}, "p1": {"0": 0.0, "1": 1.6679340904623907, "2": 0.0, "3": 0.0, "4": 0.0, "5": 0.0, "6": 0.4762333767154079, "7": 9.761319516424125, "8": 12.652530072150984, "9": 12.826590771386252, "10": 19.891803525661665, "11": 12.581004987854056, "12": 16.29512986891748, "13": 7.279390784900578, "14": 1.5025824607678508, "15": 1.5992328520235333, "16": 2.9725472632501138, "17": 8.033704507531143, "18": 10.874097789204649, "19": 11.107954994255502, "20": 22.997592241195353, "21": 22.501993281611853, "22": 14.943992941278468, "23": 10.753240441328142, "24": 0.0}, "pg": {"0": 0, "1": 5.0, "2": 7.860344166309698, "3": 12.0, "4": 8.395517428040087, "5": 11.163846395758473, "6": 12.0, "7": 12.0, "8": 12.0, "9": 12.0, "10": 12.0, "11": 12.0, "12": 12.0, "13": 12.0, "14": 12.0, "15": 12.0, "16": 12.0, "17": 12.0, "18": 12.0, "19": 12.0, "20": 12.0, "21": 12.0, "22": 12.0, "23": 12.0, "24": 12.0}, "p2": {"0": 0, "1": 0.55374251607584, "2": 0.0, "3": 0.0, "4": 0.0, "5": 0.0, "6": 0.0, "7": 7.385251053882683, "8": 0.6924279298692113, "9": 0.5295922309659336, "10": 2.0302477179389893, "11": 0.0, "12": 0.0, "13": 0.592137370975319, "14": 1.5679471324757817, "15": 2.9193362957923057, "16": 1.527488606133991, "17": 0.0, "18": 0.0, "19": 0.0, "20": 0.4265917750026169, "21": 0.033709100475476816, "22": 3.5777476041613117, "23": 2.255999699626976, "24": 1.1879388667194846}, "stor_net_i": {"0": 0, "1": 0.0, "2": 0.0, "3": -3.9586828188306704, "4": 3.9586828188306704, "5": -0.5588082894473931, "6": -3.441191710552607, "7": 0.0, "8": 0.0, "9": 4.0, "10": -3.675952379409429, "11": 0.3236331452169825, "12": -0.6476807658075536, "13": 4.0, "14": 0.0, "15": 0.0, "16": -3.1869475878667526, "17": -0.6990425552416273, "18": 2.0819174927986115, "19": 1.8040726503097684, "20": -4.0, "21": 4.0, "22": 0.0, "23": 0.0, "24": 0.0}, "stor_level": {"0": 0, "1": 0.0, "2": 0.0, "3": 3.9586828188306704, "4": 0.0, "5": 0.5588082894473931, "6": 4.0, "7": 4.0, "8": 4.0, "9": 0.0, "10": 3.675952379409429, "11": 3.3523192341924464, "12": 4.0, "13": 0.0, "14": 0.0, "15": 0.0, "16": 3.1869475878667526, "17": 3.88599014310838, "18": 1.8040726503097684, "19": 0.0, "20": 4.0, "21": 0.0, "22": 0.0, "23": 0.0, "24": 0.0}, "dual_con1": {"0": 0.0, "1": 0.0, "2": 0.0, "3": 0.0, "4": 0.0, "5": 0.0, "6": 0.0, "7": -2.064, "8": -2.064, "9": -2.064, "10": -2.064, "11": -2.064, "12": -2.064, "13": -2.064, "14": -2.064, "15": -2.064, "16": -2.064, "17": -2.064, "18": -2.064, "19": -2.064, "20": -2.064, "21": -2.064, "22": -2.064, "23": -2.064, "24": -2.064}, "dual_con2": {"0": 0.0, "1": -0.3, "2": -0.128, "3": -0.128, "4": -0.128, "5": -0.128, "6": -0.128, "7": -0.3, "8": -0.3, "9": -0.3, "10": -0.3, "11": -0.3, "12": -0.3, "13": -0.3, "14": -0.3, "15": -0.3, "16": -0.3, "17": -0.3, "18": -0.3, "19": -0.3, "20": -0.3, "21": -0.3, "22": -0.3, "23": -0.3, "24": -0.3}}