{"u": {"0": 0, "1": 1.0, "2": 1.0, "3": 1.0, "4": 1.0, "5": 1.0, "6": 1.0, "7": 1.0, "8": 1.0, "9": 1.0, "10": 1.0, "11": 1.0, "12": 1.0, "13": 1.0, "14": 1.0, "15": 1.0, "16": 1.0, "17": 1.0, "18": 1.0, "19": 1.0, "20": 1.0, "21": 1.0, "22": 1.0, "23": 1.0, "24": 1.0}, "p1": {"0": 0, "1": 1.6679340904623907, "2": 0.0, "3": 0.0, "4": 0.0, "5": 0.0, "6": 0.4762333767154079, "7": 9.761319516424125, "8": 12.652530072150984, "9": 12.826590771386252, "10": 19.891803525661665, "11": 12.581004987854056, "12": 16.29512986891748, "13": 7.279390784900578, "14": 1.5025824607678508, "15": 1.5992328520235333, "16": 2.9725472632501138, "17": 8.033704507531143, "18": 10.874097789204649, "19": 11.107954994255502, "20": 22.997592241195353, "21": 22.501993281611853, "22": 14.943992941278468, "23": 10.753240441328142, "24": 0.0}, "alpha": {"0": 0, "1": 0.8489375407423518, "2": 1.2593493034794445, "3": 1.3745226850343957, "4": 1.4031423025271248, "5": 1.4702105131075511, "6": 1.8627466336302985, "7": 2.080801905386074, "8": 1.7199773979452408, "9": 2.025407053464028, "10": 1.3397015746854681, "11": 2.4360337137306805, "12": 1.3740966935566128, "13": 2.301707781233655, "14": 2.7849656391280107, "15": 2.1793783207809425, "16": 1.5822022347441789, "17": 1.4118027800791575, "18": 2.2824526926279507, "19": 2.2162550542731636, "20": 1.217424596004554, "21": 2.2485099544622766, "22": 2.4224592234184175, "23": 1.6612597050706979, "24": 1.4383265112533716}}