stor_level,time,iterations
4,1.8934519290924072,5
TOTAL,1.8994100093841553,0
