{"u": {"0": 0.0, "1": 1.0, "2": 1.0, "3": 1.0, "4": 1.0, "5": 1.0, "6": 1.0, "7": 1.0, "8": 1.0, "9": 1.0, "10": 1.0, "11": 1.0, "12": 1.0, "13": 1.0, "14": 1.0, "15": 1.0, "16": 1.0, "17": 1.0, "18": 1.0, "19": 1.0, "20": 1.0, "21": 1.0, "22": 1.0, "23": 1.0, "24": 1.0}, "p1": {"0": 0.0, "1": 1.6318924667086905, "2": 0.0, "3": 0.0, "4": 0.0, "5": 0.0, "6": 2.5141732546157716, "7": 10.570666862304979, "8": 11.887799664226403, "9": 12.506136141898178, "10": 20.412758908008144, "11": 12.138080442954218, "12": 17.705590061139002, "13": 9.376538700030393, "14": 0.727426615821491, "15": 1.4230883093973397, "16": 2.9639263017456727, "17": 8.432635707233537, "18": 11.416268885324643, "19": 10.305294712768008, "20": 21.43078792328359, "21": 23.400747715202186, "22": 13.749561445993063, "23": 10.81011949322011, "24": 0.0}, "pg": {"0": 0, "1": 5.0, "2": 7.860344166309698, "3": 8.395517428040087, "4": 12.0, "5": 12.0, "6": 9.125906517858109, "7": 12.0, "8": 12.0, "9": 12.0, "10": 12.0, "11": 12.0, "12": 12.0, "13": 12.0, "14": 12.0, "15": 12.0, "16": 12.0, "17": 12.0, "18": 12.0, "19": 12.0, "20": 12.0, "21": 12.0, "22": 12.0, "23": 12.0, "24": 12.0}, "p2": {"0": 0, "1": 0.5897841398295403, "2": 0.0, "3": 0.0, "4": 0.0, "5": 0.0, "6": 0.0, "7": 6.575903708001828, "8": 1.4571583377937927, "9": 0.8500468604540075, "10": 0.5417566882708282, "11": 0.0, "12": 0.0, "13": 0.8380924332676454, "14": 0.0, "15": 3.0954808384184993, "16": 1.2511882248276578, "17": 0.0, "18": 1.539746396678618, "19": 0.6001290247116433, "20": 0.0, "21": 3.134954666885143, "22": 0.772179099446717, "23": 2.1991206477350076, "24": 1.1879388667194846}, "stor_net_i": {"0": 0, "1": 0.0, "2": 0.0, "3": -0.35420024687075724, "4": 0.35420024687075724, "5": -1.3949618936889205, "6": -2.6050381063110795, "7": 0.0, "8": 0.0, "9": 4.0, "10": -2.7084167320877466, "11": 0.7665576901168212, "12": -2.0581409580290746, "13": 1.6568970225778585, "14": 2.3431029774221415, "15": 0.0, "16": -2.9020262450559784, "17": -1.0979737549440216, "18": 0.0, "19": 2.006603907085619, "20": -2.006603907085619, "21": 0.0, "22": 4.0, "23": 0.0, "24": 0.0}, "stor_level": {"0": 0, "1": 0.0, "2": 0.0, "3": 0.35420024687075724, "4": 0.0, "5": 1.3949618936889205, "6": 4.0, "7": 4.0, "8": 4.0, "9": 0.0, "10": 2.7084167320877466, "11": 1.9418590419709254, "12": 4.0, "13": 2.3431029774221415, "14": 0.0, "15": 0.0, "16": 2.9020262450559784, "17": 4.0, "18": 4.0, "19": 1.9933960929143808, "20": 4.0, "21": 4.0, "22": 0.0, "23": 0.0, "24": 0.0}, "dual_con1": {"0": 0.0, "1": 0.0, "2": 0.0, "3": 0.0, "4": 0.0, "5": 0.0, "6": 0.0, "7": -2.064, "8": -2.064, "9": -2.064, "10": -2.064, "11": -2.064, "12": -2.064, "13": -2.064, "14": -2.064, "15": -2.064, "16": -2.064, "17": -2.064, "18": -2.064, "19": -2.064, "20": -2.064, "21": -2.064, "22": -2.064, "23": -2.064, "24": -2.064}, "dual_con2": {"0": 0.0, "1": -0.3, "2": -0.128, "3": -0.128, "4": -0.128, "5": -0.128, "6": -0.128, "7": -0.3, "8": -0.3, "9": -0.3, "10": -0.3, "11": -0.3, "12": -0.3, "13": -0.3, "14": -0.3, "15": -0.3, "16": -0.3, "17": -0.3, "18": -0.3, "19": -0.3, "20": -0.3, "21": -0.3, "22": -0.3, "23": -0.3, "24": -0.3}}