{"u": {"0": 0.0, "1": 1.0, "2": 1.0, "3": 1.0, "4": 1.0, "5": 1.0, "6": 1.0, "7": 1.0, "8": 1.0, "9": 1.0, "10": 1.0, "11": 1.0, "12": 1.0, "13": 1.0, "14": 1.0, "15": 1.0, "16": 1.0, "17": 1.0, "18": 1.0, "19": 1.0, "20": 1.0, "21": 1.0, "22": 1.0, "23": 1.0, "24": 1.0}, "p1": {"0": 0.0, "1": 0.0, "2": 0.0, "3": 0.0, "4": 1.381849273857565, "5": 0.0, "6": 3.3567815041965066, "7": 9.861984185418548, "8": 42.49422399444715, "9": 0.0, "10": 13.322358547403107, "11": 12.94629368563107, "12": 14.192865924318298, "13": 6.801192606558422, "14": 27.636762627918593, "15": 0.0, "16": 0.0, "17": 22.84840759349078, "18": 3.3704413217615468, "19": 17.812682708141658, "20": 21.948821791693078, "21": 25.61634668504415, "22": 16.34731754910781, "23": 10.178350809649487, "24": 0.004900450551486912}, "pg": {"0": 0, "1": 5.0, "2": 5.638104920328399, "3": 8.230533898280974, "4": 12.0, "5": 10.187067268372413, "6": 12.0, "7": 12.0, "8": 12.0, "9": 12.0, "10": 12.0, "11": 12.0, "12": 10.093121335124469, "13": 7.0, "14": 12.0, "15": 12.0, "16": 12.0, "17": 12.0, "18": 12.0, "19": 9.593307027415136, "20": 12.0, "21": 12.0, "22": 12.0, "23": 12.0, "24": 12.0}, "p2": {"0": 0, "1": 2.1239297645672686, "2": 0.0, "3": 0.0, "4": 0.0, "5": 0.0, "6": 0.0, "7": 0.0, "8": 0.0, "9": 0.0, "10": 0.0, "11": 0.0, "12": 0.0, "13": 0.0, "14": 0.0, "15": 0.0, "16": 0.0, "17": 0.0, "18": 4.358649650983779, "19": 0.0, "20": 0.0, "21": 1.2078674880619076, "22": 0.0, "23": 1.5637783380402244, "24": 0.0}, "stor_net_i": {"battery": {"0": null, "1": 0.0, "2": 0.0, "3": 0.0, "4": -1.7898605744097402, "5": 0.31024845637931975, "6": -0.947678698285829, "7": -2.5727091836837506, "8": 3.8784621223683757, "9": 1.1215378776316243, "10": 0.0, "11": 0.0, "12": 0.0, "13": 0.0, "14": 0.0, "15": 0.0, "16": -3.347479039147874, "17": -1.6525209608521259, "18": 5.0, "19": -3.4978913960141966, "20": -1.5021086039858034, "21": 5.0, "22": -0.25511686205576467, "23": -1.3452435878875821, "24": 1.6003604499433468}, "ev_1": {"0": 0, "1": 0, "2": 0, "3": 0, "4": 0, "5": 0, "6": 0, "7": 0, "8": -11.0, "9": 3.799999999999997, "10": 11.0, "11": 0.0, "12": -1.4479621965925311, "13": 1.447962196592533, "14": 0.0, "15": 0.0, "16": -4.2, "17": -11.0, "18": 0, "19": 0, "20": 0, "21": 0, "22": 0, "23": 0, "24": 0}, "ev_2": {"0": 0, "1": 0, "2": 0, "3": 0, "4": 0, "5": 0, "6": 0, "7": 0, "8": -11.0, "9": -2.508341675828472, "10": -4.980004967845614, "11": 11.0, "12": 11.0, "13": -4.632216368661826, "14": -11.0, "15": 3.0811361160156316, "16": 8.639426896320277, "17": -11.0, "18": 0, "19": 0, "20": 0, "21": 0, "22": 0, "23": 0, "24": 0}, "ev_3": {"0": 0, "1": 0, "2": 0, "3": 0, "4": 0, "5": 0, "6": 0, "7": 0, "8": -7.200000000000001, "9": 11.0, "10": 0.0, "11": -7.754536957513549, "12": -11.0, "13": 5.718734982890002, "14": -9.764198025376455, "15": 0.0, "16": 0.0, "17": 7.600000000000001, "18": 0, "19": 0, "20": 0, "21": 0, "22": 0, "23": 0, "24": 0}}, "stor_level": {"battery": {"0": 0, "1": 0.0, "2": 0.0, "3": 0.0, "4": 1.7898605744097402, "5": 1.4796121180304205, "6": 2.4272908163162494, "7": 5.0, "8": 1.1215378776316243, "9": 0.0, "10": 0.0, "11": 0.0, "12": 0.0, "13": 0.0, "14": 0.0, "15": 0.0, "16": 3.347479039147874, "17": 5.0, "18": 0.0, "19": 3.4978913960141966, "20": 5.0, "21": 0.0, "22": 0.25511686205576467, "23": 1.6003604499433468, "24": 0.0}, "ev_1": {"0": 0, "1": 0, "2": 0, "3": 0, "4": 0, "5": 0, "6": 0, "7": 0, "8": 22.4, "9": 18.6, "10": 7.6000000000000005, "11": 7.6000000000000005, "12": 9.047962196592533, "13": 7.6000000000000005, "14": 7.6000000000000005, "15": 7.6000000000000005, "16": 11.8, "17": 22.8, "18": 0, "19": 0, "20": 0, "21": 0, "22": 0, "23": 0, "24": 0}, "ev_2": {"0": 0, "1": 0, "2": 0, "3": 0, "4": 0, "5": 0, "6": 0, "7": 0, "8": 22.4, "9": 24.90834167582847, "10": 29.888346643674083, "11": 18.888346643674083, "12": 7.888346643674083, "13": 12.52056301233591, "14": 23.52056301233591, "15": 20.439426896320278, "16": 11.8, "17": 22.8, "18": 0, "19": 0, "20": 0, "21": 0, "22": 0, "23": 0, "24": 0}, "ev_3": {"0": 0, "1": 0, "2": 0, "3": 0, "4": 0, "5": 0, "6": 0, "7": 0, "8": 18.6, "9": 7.6000000000000005, "10": 7.6000000000000005, "11": 15.354536957513549, "12": 26.35453695751355, "13": 20.635801974623547, "14": 30.400000000000002, "15": 30.400000000000002, "16": 30.400000000000002, "17": 22.8, "18": 0, "19": 0, "20": 0, "21": 0, "22": 0, "23": 0, "24": 0}}, "dual_con1": {"0": 0.0, "1": 0.0, "2": 0.0, "3": 0.0, "4": 0.0, "5": 0.0, "6": 0.0, "7": 0.0, "8": 0.0, "9": 0.0, "10": 0.0, "11": 0.0, "12": 0.0, "13": 0.0, "14": 0.0, "15": 0.0, "16": 0.0, "17": 0.0, "18": -2.064, "19": 0.0, "20": 0.0, "21": -2.064, "22": -2.064, "23": -2.064, "24": -2.064}, "dual_con2": {"0": 0.0, "1": -0.3, "2": -0.128, "3": -0.128, "4": -0.128, "5": -0.128, "6": -0.128, "7": -0.128, "8": -0.128, "9": -0.128, "10": -0.128, "11": -0.128, "12": -0.128, "13": -0.128, "14": -0.128, "15": -0.128, "16": -0.128, "17": -0.128, "18": -0.3, "19": -0.128, "20": -0.128, "21": -0.3, "22": -0.3, "23": -0.3, "24": -0.3}}