{"u": {"0": 0, "1": 1.0, "2": 1.0, "3": 1.0, "4": 1.0, "5": 1.0, "6": 1.0, "7": 1.0, "8": 1.0, "9": 1.0, "10": 1.0, "11": 1.0, "12": 1.0, "13": 1.0, "14": 1.0, "15": 1.0, "16": 1.0, "17": 1.0, "18": 1.0, "19": 1.0, "20": 1.0, "21": 1.0, "22": 1.0, "23": 1.0, "24": 1.0}, "p1": {"0": 0, "1": 0.0, "2": 0.0, "3": 0.0, "4": 1.381849273857565, "5": 0.0, "6": 3.3567815041965066, "7": 9.861984185418548, "8": 42.49422399444715, "9": 0.0, "10": 13.322358547403107, "11": 12.94629368563107, "12": 14.192865924318298, "13": 6.801192606558422, "14": 27.636762627918593, "15": 0.0, "16": 0.0, "17": 22.84840759349078, "18": 3.3704413217615468, "19": 17.812682708141658, "20": 21.948821791693078, "21": 25.61634668504415, "22": 16.34731754910781, "23": 10.178350809649487, "24": 0.004900450551486912}, "alpha": {"0": 0, "1": 1.1451061765587942, "2": 1.2380008489419807, "3": 1.369327375003477, "4": 1.0892321266329261, "5": 1.3812956309153783, "6": 1.8609988594969744, "7": 1.4592005950328801, "8": 1.479075954216051, "9": 1.5235404421053236, "10": 1.596362407574132, "11": 1.6205792585013814, "12": 1.437369585366631, "13": 1.7818790220970033, "14": 2.2346284663611966, "15": 2.852752587804076, "16": 1.887051381161327, "17": 1.7308638155829414, "18": 2.4375454141013004, "19": 0.91072101110164, "20": 1.3510974729516718, "21": 1.685424322262449, "22": 2.151186021596016, "23": 1.5729174032904993, "24": 1.3733558805497263}}