{"u": {"0": 0.0, "1": 1.0, "2": 1.0, "3": 1.0, "4": 1.0, "5": 1.0, "6": 1.0, "7": 1.0, "8": 1.0, "9": 1.0, "10": 1.0, "11": 1.0, "12": 1.0, "13": 1.0, "14": 1.0, "15": 1.0, "16": 1.0, "17": 1.0, "18": 1.0, "19": 1.0, "20": 1.0, "21": 1.0, "22": 1.0, "23": 1.0, "24": 1.0}, "p1": {"0": 0.0, "1": 0.8323658843606783, "2": 0.0, "3": 0.0, "4": 0.0, "5": 0.0, "6": 2.868900369603768, "7": 9.984729578622833, "8": 39.15495628027992, "9": 0.0, "10": 9.381191854960873, "11": 16.26506728758726, "12": 20.694327520679614, "13": 26.088834535232966, "14": 18.044221071982495, "15": 13.4292661243766, "16": 0.0, "17": 17.42823921179904, "18": 5.10786064014594, "19": 18.293706620077195, "20": 19.03182837868005, "21": 24.851171179535477, "22": 17.594117807663366, "23": 9.974590444989524, "24": 0.3723796622126354}, "pg": {"0": 0, "1": 5.0, "2": 10.0, "3": 12.0, "4": 12.0, "5": 12.0, "6": 12.0, "7": 12.0, "8": 12.0, "9": 12.0, "10": 12.0, "11": 12.0, "12": 12.0, "13": 12.0, "14": 12.0, "15": 12.0, "16": 12.0, "17": 12.0, "18": 11.47475965199434, "19": 11.555026628718135, "20": 12.0, "21": 12.0, "22": 12.0, "23": 12.0, "24": 12.0}, "p2": {"0": 0, "1": 1.9157662469020789, "2": 0.9702023548495227, "3": 0.0, "4": 0.0, "5": 0.0, "6": 0.0, "7": 1.925859716101881, "8": 0.0, "9": 0.0, "10": 0.0, "11": 0.0, "12": 0.0, "13": 0.0, "14": 0.0, "15": 0.0, "16": 0.0, "17": 0.0, "18": 0.0, "19": 0.0, "20": 0.0, "21": 0.3240352639750004, "22": 0.0, "23": 0.0, "24": 0.0}, "stor_net_i": {"battery": {"0": null, "1": 0.0, "2": -2.178598609633415, "3": -1.6286699895590022, "4": -1.1927314008075829, "5": 0.15919793068966648, "6": 2.0555717129124353, "7": 2.785230356397898, "8": 0.0, "9": 0.0, "10": 0.0, "11": 0.0, "12": 0.0, "13": 0.0, "14": 0.0, "15": -5.0, "16": 0.0, "17": 1.6974483670988896, "18": 3.3025516329011104, "19": -5.0, "20": 2.084332746556864, "21": -0.23560441049887437, "22": -0.7822745519392171, "23": 2.4853951743520817, "24": 1.4481510415291456}, "ev_1": {"0": 0, "1": 0, "2": 0, "3": 0, "4": 0, "5": 0, "6": 0, "7": 0, "8": -7.200000000000001, "9": 11.0, "10": 0.0, "11": 0.0, "12": 0.0, "13": -8.681431029625472, "14": 3.810554452919721, "15": 4.870876576705751, "16": -5.304223026951377, "17": -9.895776973048623, "18": 0, "19": 0, "20": 0, "21": 0, "22": 0, "23": 0, "24": 0}, "ev_2": {"0": 0, "1": 0, "2": 0, "3": 0, "4": 0, "5": 0, "6": 0, "7": 0, "8": -11.0, "9": 10.611106177290122, "10": 0.4288969141352812, "11": -8.895976204883642, "12": 0.8559731134582371, "13": -11.0, "14": 0.0, "15": 3.3346721873299785, "16": 11.0, "17": -6.734672187329977, "18": 0, "19": 0, "20": 0, "21": 0, "22": 0, "23": 0, "24": 0}, "ev_3": {"0": 0, "1": 0, "2": 0, "3": 0, "4": 0, "5": 0, "6": 0, "7": 0, "8": -8.590490495112988, "9": -10.409509504887016, "10": 11.0, "11": 11.0, "12": -5.156150313077067, "13": 5.156150313077067, "14": -11.0, "15": -11.0, "16": 0.0, "17": 7.600000000000001, "18": 0, "19": 0, "20": 0, "21": 0, "22": 0, "23": 0, "24": 0}}, "stor_level": {"battery": {"0": 0, "1": 0.0, "2": 2.178598609633415, "3": 3.807268599192417, "4": 5.0, "5": 4.8408020693103335, "6": 2.785230356397898, "7": 0.0, "8": 0.0, "9": 0.0, "10": 0.0, "11": 0.0, "12": 0.0, "13": 0.0, "14": 0.0, "15": 5.0, "16": 5.0, "17": 3.3025516329011104, "18": 0.0, "19": 5.0, "20": 2.915667253443136, "21": 3.15127166394201, "22": 3.9335462158812273, "23": 1.4481510415291456, "24": 0.0}, "ev_1": {"0": 0, "1": 0, "2": 0, "3": 0, "4": 0, "5": 0, "6": 0, "7": 0, "8": 18.6, "9": 7.6000000000000005, "10": 7.6000000000000005, "11": 7.6000000000000005, "12": 7.6000000000000005, "13": 16.281431029625473, "14": 12.470876576705752, "15": 7.6000000000000005, "16": 12.904223026951378, "17": 22.8, "18": 0, "19": 0, "20": 0, "21": 0, "22": 0, "23": 0, "24": 0}, "ev_2": {"0": 0, "1": 0, "2": 0, "3": 0, "4": 0, "5": 0, "6": 0, "7": 0, "8": 22.4, "9": 11.788893822709877, "10": 11.359996908574596, "11": 20.25597311345824, "12": 19.400000000000002, "13": 30.400000000000002, "14": 30.400000000000002, "15": 27.065327812670024, "16": 16.065327812670024, "17": 22.8, "18": 0, "19": 0, "20": 0, "21": 0, "22": 0, "23": 0, "24": 0}, "ev_3": {"0": 0, "1": 0, "2": 0, "3": 0, "4": 0, "5": 0, "6": 0, "7": 0, "8": 19.990490495112986, "9": 30.400000000000002, "10": 19.400000000000002, "11": 8.400000000000002, "12": 13.556150313077069, "13": 8.400000000000002, "14": 19.400000000000002, "15": 30.400000000000002, "16": 30.400000000000002, "17": 22.8, "18": 0, "19": 0, "20": 0, "21": 0, "22": 0, "23": 0, "24": 0}}, "dual_con1": {"0": 0.0, "1": 0.0, "2": 0.0, "3": -2.064, "4": -2.064, "5": -2.064, "6": -2.064, "7": -2.064, "8": 0.0, "9": 0.0, "10": 0.0, "11": 0.0, "12": 0.0, "13": 0.0, "14": 0.0, "15": 0.0, "16": 0.0, "17": 0.0, "18": 0.0, "19": 0.0, "20": -2.064, "21": -2.064, "22": -2.064, "23": -2.064, "24": -2.064}, "dual_con2": {"0": 0.0, "1": -0.3, "2": -0.3, "3": -0.3, "4": -0.3, "5": -0.3, "6": -0.3, "7": -0.3, "8": -0.128, "9": -0.128, "10": -0.128, "11": -0.128, "12": -0.128, "13": -0.128, "14": -0.128, "15": -0.128, "16": -0.128, "17": -0.128, "18": -0.128, "19": -0.128, "20": -0.3, "21": -0.3, "22": -0.3, "23": -0.3, "24": -0.3}}