charge_target,time,iterations
0.8,10.467671155929565,4
TOTAL,10.474249124526978,0
