{"u": {"0": 0, "1": 1.0, "2": 1.0, "3": 1.0, "4": 1.0, "5": 1.0, "6": 1.0, "7": 1.0, "8": 1.0, "9": 1.0, "10": 1.0, "11": 1.0, "12": 1.0, "13": 1.0, "14": 1.0, "15": 1.0, "16": 1.0, "17": 1.0, "18": 1.0, "19": 1.0, "20": 1.0, "21": 1.0, "22": 1.0, "23": 1.0, "24": 1.0}, "p1": {"0": 0, "1": 2.5873630685078304, "2": 4.15262497594356, "3": 0.0, "4": 0.0, "5": 2.072996919997369, "6": 9.87964682114173, "7": 7.7349579846109755, "8": 12.209375509862248, "9": 13.782253854537936, "10": 19.470483682449384, "11": 17.07446754962006, "12": 4.095750646478155, "13": 9.05692876078256, "14": 17.304533146919546, "15": 0.0, "16": 6.466019754320044, "17": 5.191854963691217, "18": 5.065995149418253, "19": 2.2721876234205993, "20": 10.652672832979482, "21": 17.685172135831625, "22": 27.316340161724437, "23": 19.746675635561942, "24": 8.455632800572205}, "alpha": {"0": 0, "1": 1.04853635571214, "2": 1.6508599978258864, "3": 2.0067093846700566, "4": 1.6929644816146214, "5": 2.2539009240007912, "6": 1.8991059536574793, "7": 1.8795126046167074, "8": 1.6471873470413234, "9": 1.805323843638612, "10": 1.8148548952651846, "11": 1.8286597351139773, "12": 1.90327480605655, "13": 1.818921371765228, "14": 1.5436400559241301, "15": 3.0535559328399273, "16": 1.2969202505853423, "17": 1.7452299064741328, "18": 2.1462014551745243, "19": 2.3753437129738186, "20": 2.069033937357745, "21": 1.687017240053789, "22": 1.8940979514826568, "23": 1.662397309331411, "24": 1.784510159828335}}