{"u": {"0": 0.0, "1": 1.0, "2": 1.0, "3": 1.0, "4": 1.0, "5": 1.0, "6": 1.0, "7": 1.0, "8": 1.0, "9": 1.0, "10": 1.0, "11": 1.0, "12": 1.0, "13": 1.0, "14": 1.0, "15": 1.0, "16": 1.0, "17": 1.0, "18": 1.0, "19": 1.0, "20": 1.0, "21": 1.0, "22": 1.0, "23": 1.0, "24": 1.0}, "p1": {"0": 0.0, "1": 1.412403100775193, "2": 0.0, "3": 0.0, "4": 0.0, "5": 0.0, "6": 2.6154678204434827, "7": 10.0, "8": 11.999999999999996, "9": 10.279069767441861, "10": 20.0, "11": 18.0, "12": 16.000000000000004, "13": 10.0, "14": 5.9999999999999964, "15": 1.2309356408869618, "16": 3.9999999999999982, "17": 8.0, "18": 8.279069767441857, "19": 16.000000000000004, "20": 20.615467820443484, "21": 24.139534883720934, "22": 17.999999999999996, "23": 10.0, "24": 0.0}, "pg": {"0": 0, "1": 5.0, "2": 10.0, "3": 9.0, "4": 12.0, "5": 12.0, "6": 12.0, "7": 12.0, "8": 12.0, "9": 12.0, "10": 12.0, "11": 12.0, "12": 12.0, "13": 12.0, "14": 12.0, "15": 12.0, "16": 12.0, "17": 12.0, "18": 12.0, "19": 12.0, "20": 12.0, "21": 12.0, "22": 12.0, "23": 12.0, "24": 12.0}, "p2": {"0": 0, "1": 1.587596899224807, "2": 0.0, "3": 0.0, "4": 0.0, "5": 0.0, "6": 0.0, "7": 0.0, "8": 0.1054624121146599, "9": 0.0, "10": 5.0, "11": 0.0, "12": 0.0, "13": 0.0, "14": 0.0, "15": 1.4899945916711808, "16": 0.0, "17": 0.0, "18": 0.0, "19": 3.244997295835578, "20": 0.0, "21": 0.0, "22": 0.0, "23": 0.0, "24": 0.0}, "stor_net_i": {"battery": {"0": 0, "1": 0.0, "2": -2.0, "3": 1.0, "4": -2.0, "5": -2.0, "6": 1.3845321795565173, "7": 0.0, "8": -0.10546241211465635, "9": 3.720930232558139, "10": -5.0, "11": 0.0, "12": 0.0, "13": 0.0, "14": 0.0, "15": 1.2790697674418574, "16": 0.0, "17": 0.0, "18": 3.7209302325581426, "19": -3.2449972958355815, "20": 1.3845321795565155, "21": 1.860465116279066, "22": 0.0, "23": 0.0, "24": 0.0}}, "stor_level": {"battery": {"0": 0, "1": 0.0, "2": 2.0, "3": 1.0, "4": 3.0, "5": 5.0, "6": 3.6154678204434827, "7": 3.6154678204434827, "8": 3.720930232558139, "9": 0.0, "10": 5.0, "11": 5.0, "12": 5.0, "13": 5.0, "14": 5.0, "15": 3.7209302325581426, "16": 3.7209302325581426, "17": 3.7209302325581426, "18": 0.0, "19": 3.2449972958355815, "20": 1.860465116279066, "21": 0.0, "22": 0.0, "23": 0.0, "24": 0.0}}, "dual_con1": {"0": 0.0, "1": 0.0, "2": 0.0, "3": 0.0, "4": 0.0, "5": 0.0, "6": -2.064, "7": -2.064, "8": -2.064, "9": -2.064, "10": -2.064, "11": -2.064, "12": -2.064, "13": -2.064, "14": -2.064, "15": -2.064, "16": -2.064, "17": -2.064, "18": -2.064, "19": -2.064, "20": -2.064, "21": -2.064, "22": 0.0, "23": 0.0, "24": 0.0}, "dual_con2": {"0": 0.0, "1": -0.3, "2": -0.128, "3": -0.128, "4": -0.128, "5": -0.128, "6": -0.3, "7": -0.3, "8": -0.3, "9": -0.3, "10": -0.3, "11": -0.3, "12": -0.3, "13": -0.3, "14": -0.3, "15": -0.3, "16": -0.3, "17": -0.3, "18": -0.3, "19": -0.3, "20": -0.3, "21": -0.3, "22": -0.128, "23": -0.128, "24": -0.128}}