charge_target,time,iterations
0.8,1157.3159492015839,5
TOTAL,1157.3314719200134,0
