{"u": {"0": 0.0, "1": 1.0, "2": 1.0, "3": 1.0, "4": 1.0, "5": 1.0, "6": 1.0, "7": 1.0, "8": 1.0, "9": 1.0, "10": 1.0, "11": 1.0, "12": 1.0, "13": 1.0, "14": 1.0, "15": 1.0, "16": 1.0, "17": 1.0, "18": 1.0, "19": 1.0, "20": 1.0, "21": 1.0, "22": 1.0, "23": 1.0, "24": 1.0}, "p1": {"0": 0.0, "1": 0.0, "2": 0.0, "3": 0.0, "4": 0.0, "5": 0.0, "6": 2.760726484732405, "7": 8.532338991577271, "8": 10.455624327496782, "9": 12.363554037480439, "10": 18.167663783010422, "11": 16.255556509224242, "12": 14.279444745958395, "13": 8.513867268135943, "14": 4.661447491920264, "15": 2.693348128044073, "16": 2.7232991082974425, "17": 6.608512668682257, "18": 10.477526510522955, "19": 14.303080865238114, "20": 20.224819418459145, "21": 23.983310588950165, "22": 16.23309472103877, "23": 8.486375989808923, "24": 0.0}, "pg": {"0": 0, "1": 9.500124124600323, "2": 8.523253103358138, "3": 7.652036799199468, "4": 11.703988546463185, "5": 10.537636785744654, "6": 12.0, "7": 12.0, "8": 12.0, "9": 12.0, "10": 12.0, "11": 12.0, "12": 11.509383568105411, "13": 12.0, "14": 12.0, "15": 12.0, "16": 12.0, "17": 12.0, "18": 12.0, "19": 12.0, "20": 12.0, "21": 8.648238360802306, "22": 12.0, "23": 12.0, "24": 12.0}, "p2": {"0": 0, "1": 0.0, "2": 0.0, "3": 0.0, "4": 0.0, "5": 0.0, "6": 6.223447743718079, "7": 3.2410253899120764, "8": 5.250713005760563, "9": 1.3472542993926968, "10": 5.961051222658167, "11": 2.953682376854644, "12": 0.0, "13": 0.9238072291035238, "14": 1.0511697477464885, "15": 1.2421340699233774, "16": 0.15571015391817689, "17": 1.467061040234226, "18": 1.5500903656426264, "19": 6.041278942727253, "20": 9.560038809288745, "21": 0.0, "22": 7.853478064498784, "23": 0.0723535882315538, "24": 2.1266829004655925}, "dual_con1": {"0": 0.0, "1": 0.0, "2": 0.0, "3": 0.0, "4": 0.0, "5": 0.0, "6": -2.064, "7": -2.064, "8": -2.064, "9": -2.064, "10": -2.064, "11": -2.064, "12": 0.0, "13": -2.064, "14": -2.064, "15": -2.064, "16": -2.064, "17": -2.064, "18": -2.064, "19": -2.064, "20": -2.064, "21": 0.0, "22": -2.064, "23": -2.064, "24": -2.064}, "dual_con2": {"0": 0.0, "1": -0.128, "2": -0.128, "3": -0.128, "4": -0.128, "5": -0.128, "6": -0.3, "7": -0.3, "8": -0.3, "9": -0.3, "10": -0.3, "11": -0.3, "12": -0.128, "13": -0.3, "14": -0.3, "15": -0.3, "16": -0.3, "17": -0.3, "18": -0.3, "19": -0.3, "20": -0.3, "21": -0.128, "22": -0.3, "23": -0.3, "24": -0.3}}