{"u": {"0": 0, "1": 1.0, "2": 1.0, "3": 1.0, "4": 1.0, "5": 1.0, "6": 1.0, "7": 1.0, "8": 1.0, "9": 1.0, "10": 1.0, "11": 1.0, "12": 1.0, "13": 1.0, "14": 1.0, "15": 1.0, "16": 1.0, "17": 1.0, "18": 1.0, "19": 1.0, "20": 1.0, "21": 1.0, "22": 1.0, "23": 1.0, "24": 1.0}, "p1": {"0": 0, "1": 0.0, "2": 0.0, "3": 0.0, "4": 0.0, "5": 0.0, "6": 2.760726484732405, "7": 8.532338991577271, "8": 10.455624327496782, "9": 12.363554037480439, "10": 18.167663783010422, "11": 16.255556509224242, "12": 14.279444745958395, "13": 8.513867268135943, "14": 4.661447491920264, "15": 2.693348128044073, "16": 2.7232991082974425, "17": 6.608512668682257, "18": 10.477526510522955, "19": 14.303080865238114, "20": 20.224819418459145, "21": 23.983310588950165, "22": 16.23309472103877, "23": 8.486375989808923, "24": 0.0}, "alpha": {"0": 0, "1": 1.0270251297147075, "2": 1.027748142674029, "3": 1.2980355578757496, "4": 1.2939161060855566, "5": 1.3013805958092952, "6": 1.983151405196374, "7": 2.058825409287895, "8": 2.0827887001651457, "9": 2.112478279531143, "10": 2.176507900970284, "11": 2.163518228254122, "12": 2.1491091956541175, "13": 2.073087010401064, "14": 2.010979618320829, "15": 1.9897082976615577, "16": 1.9914796746033212, "17": 2.0460285444652464, "18": 2.0897361095263927, "19": 2.139074818322085, "20": 2.1894892641107484, "21": 2.2471301944104205, "22": 2.15885185459672, "23": 2.0717007578865236, "24": 1.6745857532983826}}