{"u": {"0": 1.0, "1": 1.0, "2": 1.0, "3": 1.0, "4": 1.0, "5": 1.0, "6": 1.0, "7": 1.0, "8": 1.0, "9": 1.0, "10": 1.0, "11": 1.0, "12": 1.0, "13": 1.0, "14": 1.0, "15": 1.0, "16": 1.0, "17": 1.0, "18": 1.0, "19": 1.0, "20": 1.0, "21": 1.0, "22": 1.0, "23": 1.0}, "p1": {"0": 0.0, "1": 0.0, "2": 0.0, "3": 0.0, "4": 0.0, "5": 4.0, "6": 10.0, "7": 11.999999999999996, "8": 14.000000000000002, "9": 20.0, "10": 18.000000000000004, "11": 15.999999999999998, "12": 10.0, "13": 6.000000000000002, "14": 4.0, "15": 4.0, "16": 8.000000000000002, "17": 11.999999999999996, "18": 15.999999999999998, "19": 21.999999999999996, "20": 26.0, "21": 18.000000000000004, "22": 10.0, "23": 0.0}, "pg": {"0": 8.0, "1": 8.0, "2": 10.0, "3": 10.0, "4": 10.0, "5": 12.0, "6": 12.0, "7": 12.000000000000004, "8": 11.999999999999998, "9": 12.0, "10": 11.999999999999996, "11": 12.000000000000002, "12": 12.0, "13": 11.999999999999998, "14": 12.0, "15": 12.0, "16": 11.999999999999998, "17": 12.000000000000004, "18": 12.000000000000002, "19": 12.000000000000004, "20": 12.0, "21": 11.999999999999996, "22": 12.0, "23": 12.0}, "p2": {"0": 0.0, "1": 0.0, "2": 0.0, "3": 0.0, "4": 0.0, "5": 0.0, "6": 0.0, "7": 0.0, "8": 0.0, "9": 0.0, "10": 0.0, "11": 0.0, "12": 0.0, "13": 0.0, "14": 0.0, "15": 0.0, "16": 0.0, "17": 0.0, "18": 0.0, "19": 0.0, "20": 0.0, "21": 0.0, "22": 0.0, "23": 0.0}, "dual_con1": {"0": 0.0, "1": 0.0, "2": 0.0, "3": 0.0, "4": 0.0, "5": 0.0, "6": 0.0, "7": 0.0, "8": 0.0, "9": 0.0, "10": 0.0, "11": 0.0, "12": 0.0, "13": 0.0, "14": 0.0, "15": 0.0, "16": 0.0, "17": 0.0, "18": 0.0, "19": 0.0, "20": 0.0, "21": 0.0, "22": 0.0, "23": 0.0}, "dual_con2": {"0": -0.128, "1": -0.128, "2": -0.128, "3": -0.128, "4": -0.128, "5": -0.128, "6": -0.128, "7": -0.128, "8": -0.128, "9": -0.128, "10": -0.128, "11": -0.128, "12": -0.128, "13": -0.128, "14": -0.128, "15": -0.128, "16": -0.128, "17": -0.128, "18": -0.128, "19": -0.128, "20": -0.128, "21": -0.128, "22": -0.128, "23": -0.128}}