{"u": {"0": 1.0, "1": 1.0, "2": 1.0, "3": 1.0, "4": 1.0, "5": 1.0, "6": 1.0, "7": 1.0, "8": 1.0, "9": 1.0, "10": 1.0, "11": 1.0, "12": 1.0, "13": 1.0, "14": 1.0, "15": 1.0, "16": 1.0, "17": 1.0, "18": 1.0, "19": 1.0, "20": 1.0, "21": 1.0, "22": 1.0, "23": 1.0}, "p1": {"0": 0.0, "1": 0.0, "2": 0.0, "3": 0.0, "4": 0.0, "5": 3.681804572060825, "6": 9.596889985603445, "7": 11.490039247200452, "8": 13.449433096962744, "9": 19.454983835337746, "10": 17.65019484302568, "11": 15.69498875626958, "12": 9.764459292280879, "13": 5.62640019992529, "14": 3.7395015289687894, "15": 3.747153931577197, "16": 7.94763367370413, "17": 11.686530316785857, "18": 15.564210757773816, "19": 21.584560411743084, "20": 25.425874393255135, "21": 17.63241403188291, "22": 9.616997317562152, "23": 0.0}, "alpha": {"0": 1.0215555566522436, "1": 1.0179462138512778, "2": 1.3025186875840464, "3": 1.3150055543175367, "4": 1.312996181883401, "5": 1.8320785874972965, "6": 1.8739027434195006, "7": 1.874443813459174, "8": 1.8877448509528243, "9": 1.9187140424040106, "10": 1.9005883007678062, "11": 1.9234008100472244, "12": 1.8710544401116902, "13": 1.8458209995351778, "14": 1.8062767437339402, "15": 1.7927818908339592, "16": 1.8160040023895618, "17": 1.8743615707927388, "18": 1.9124994568455047, "19": 1.9166480970859938, "20": 2.006866308445109, "21": 1.9217355085599275, "22": 1.8966448235801374, "23": 1.6835979409811712}}