{"u": {"0": 0.0, "1": 1.0, "2": 1.0, "3": 1.0, "4": 1.0, "5": 1.0, "6": 1.0, "7": 1.0, "8": 1.0, "9": 1.0, "10": 1.0, "11": 1.0, "12": 1.0, "13": 1.0, "14": 1.0, "15": 1.0, "16": 1.0, "17": 1.0, "18": 1.0, "19": 1.0, "20": 1.0, "21": 1.0, "22": 1.0, "23": 1.0, "24": 1.0}, "p1": {"0": 0.0, "1": 0.8144405134905872, "2": 0.0, "3": 0.0, "4": 0.0, "5": 0.0, "6": 2.908280388414017, "7": 9.994159709175706, "8": 39.18986664713607, "9": 0.0, "10": 9.374729648986897, "11": 16.276308101359746, "12": 20.649705667004664, "13": 26.104424917735507, "14": 18.09847990658563, "15": 13.208388965447483, "16": 0.0, "17": 17.437480117651695, "18": 5.092324611689685, "19": 18.336488751926822, "20": 19.105187411196823, "21": 24.7993407851369, "22": 17.61959814196135, "23": 9.971441789324683, "24": 0.35246176237292737}, "pg": {"0": 0, "1": 5.0, "2": 10.0, "3": 8.493397175256813, "4": 8.156986509127716, "5": 10.702236562970867, "6": 12.0, "7": 12.0, "8": 12.0, "9": 7.111074450242644, "10": 3.4393298740225493, "11": 8.43932987402255, "12": 12.0, "13": 12.0, "14": 12.0, "15": 8.641959726730818, "16": 3.945543910321957, "17": 8.945543910321957, "18": 12.0, "19": 11.302966952254451, "20": 12.0, "21": 11.141011266512201, "22": 12.0, "23": 12.0, "24": 9.382527479134819}, "p2": {"0": 0, "1": 0.0, "2": 0.0, "3": 0.0, "4": 0.0, "5": 0.0, "6": 0.0, "7": 0.0, "8": 0.0, "9": 0.0, "10": 0.0, "11": 0.0, "12": 0.0, "13": 0.0, "14": 0.0, "15": 0.0, "16": 0.0, "17": 0.0, "18": 0.14907071973109076, "19": 0.0, "20": 0.0, "21": 0.0, "22": 0.0, "23": 0.0, "24": 0.0}, "stor_net_i": {"battery": {"0": null, "1": -0.24383526264854893, "2": -0.45189516938224195, "3": 0.6957304320307927, "4": 0.0, "5": -1.3784634100265247, "6": -0.9610693106856409, "7": 2.3395327207121657, "8": -5.0, "9": 0.0, "10": 4.221644187095835, "11": 0.7783558129041648, "12": 0.0, "13": 0.0, "14": -3.250071191269871, "15": -1.7499288087301288, "16": 2.863980336550549, "17": -2.863980336550549, "18": 5.0, "19": -4.291332583968256, "20": 4.291332583968256, "21": -3.2386980665140257, "22": -0.7375523924033089, "23": 3.9762504589173346, "24": 0.0}, "ev_1": {"0": 0, "1": 0, "2": 0, "3": 0, "4": 0, "5": 0, "6": 0, "7": 0, "8": -7.200000000000001, "9": 11.0, "10": 0.0, "11": 0.0, "12": 0.0, "13": -11.0, "14": 0.0, "15": 11.0, "16": -4.2, "17": -11.0, "18": 0, "19": 0, "20": 0, "21": 0, "22": 0, "23": 0, "24": 0}, "ev_2": {"0": 0, "1": 0, "2": 0, "3": 0, "4": 0, "5": 0, "6": 0, "7": 0, "8": -2.8151307350313957, "9": 6.615130735031396, "10": 0.0, "11": 0.0, "12": 0.0, "13": -0.8000000000000007, "14": -11.0, "15": -11.0, "16": 11.0, "17": -3.3999999999999986, "18": 0, "19": 0, "20": 0, "21": 0, "22": 0, "23": 0, "24": 0}, "ev_3": {"0": 0, "1": 0, "2": 0, "3": 0, "4": 0, "5": 0, "6": 0, "7": 0, "8": -11.0, "9": 3.799999999999997, "10": 11.0, "11": 0.0, "12": -7.8887300471409, "13": -10.330320295794603, "14": -4.580949657064497, "15": 0.0, "16": 0.0, "17": 7.600000000000001, "18": 0, "19": 0, "20": 0, "21": 0, "22": 0, "23": 0, "24": 0}}, "stor_level": {"battery": {"0": 0, "1": 0.24383526264854982, "2": 0.6957304320307918, "3": 0.0, "4": 0.0, "5": 1.3784634100265247, "6": 2.3395327207121657, "7": 0.0, "8": 5.0, "9": 5.0, "10": 0.7783558129041648, "11": 0.0, "12": 0.0, "13": 0.0, "14": 3.250071191269871, "15": 5.0, "16": 2.136019663449451, "17": 5.0, "18": 0.0, "19": 4.291332583968256, "20": 0.0, "21": 3.2386980665140257, "22": 3.9762504589173346, "23": 0.0, "24": 0.0}, "ev_1": {"0": 0, "1": 0, "2": 0, "3": 0, "4": 0, "5": 0, "6": 0, "7": 0, "8": 18.6, "9": 7.6000000000000005, "10": 7.6000000000000005, "11": 7.6000000000000005, "12": 7.6000000000000005, "13": 18.6, "14": 18.6, "15": 7.6000000000000005, "16": 11.8, "17": 22.8, "18": 0, "19": 0, "20": 0, "21": 0, "22": 0, "23": 0, "24": 0}, "ev_2": {"0": 0, "1": 0, "2": 0, "3": 0, "4": 0, "5": 0, "6": 0, "7": 0, "8": 14.215130735031396, "9": 7.6000000000000005, "10": 7.6000000000000005, "11": 7.6000000000000005, "12": 7.6000000000000005, "13": 8.400000000000002, "14": 19.400000000000002, "15": 30.400000000000002, "16": 19.400000000000002, "17": 22.8, "18": 0, "19": 0, "20": 0, "21": 0, "22": 0, "23": 0, "24": 0}, "ev_3": {"0": 0, "1": 0, "2": 0, "3": 0, "4": 0, "5": 0, "6": 0, "7": 0, "8": 22.4, "9": 18.6, "10": 7.6000000000000005, "11": 7.6000000000000005, "12": 15.488730047140901, "13": 25.819050342935505, "14": 30.400000000000002, "15": 30.400000000000002, "16": 30.400000000000002, "17": 22.8, "18": 0, "19": 0, "20": 0, "21": 0, "22": 0, "23": 0, "24": 0}}, "dual_con1": {"0": 0.0, "1": 0.0, "2": 0.0, "3": 0.0, "4": 0.0, "5": 0.0, "6": 0.0, "7": 0.0, "8": 0.0, "9": 0.0, "10": 0.0, "11": 0.0, "12": 0.0, "13": 0.0, "14": 0.0, "15": 0.0, "16": 0.0, "17": 0.0, "18": -2.064, "19": 0.0, "20": 0.0, "21": 0.0, "22": 0.0, "23": 0.0, "24": 0.0}, "dual_con2": {"0": 0.0, "1": -0.128, "2": -0.128, "3": -0.128, "4": -0.128, "5": -0.128, "6": -0.128, "7": -0.128, "8": -0.128, "9": -0.128, "10": -0.128, "11": -0.128, "12": -0.128, "13": -0.128, "14": -0.128, "15": -0.128, "16": -0.128, "17": -0.128, "18": -0.3, "19": -0.128, "20": -0.128, "21": -0.128, "22": -0.128, "23": -0.128, "24": -0.128}}