{"u": {"0": 0, "1": 1.0, "2": 1.0, "3": 1.0, "4": 1.0, "5": 1.0, "6": 1.0, "7": 1.0, "8": 1.0, "9": 1.0, "10": 1.0, "11": 1.0, "12": 1.0, "13": 1.0, "14": 1.0, "15": 1.0, "16": 1.0, "17": 1.0, "18": 1.0, "19": 1.0, "20": 1.0, "21": 1.0, "22": 1.0, "23": 1.0, "24": 1.0}, "p1": {"0": 0, "1": 0.8144405134905872, "2": 0.0, "3": 0.0, "4": 0.0, "5": 0.0, "6": 2.908280388414017, "7": 9.994159709175706, "8": 39.18986664713607, "9": 0.0, "10": 9.374729648986897, "11": 16.276308101359746, "12": 20.649705667004664, "13": 26.104424917735507, "14": 18.09847990658563, "15": 13.208388965447483, "16": 0.0, "17": 17.437480117651695, "18": 5.092324611689685, "19": 18.336488751926822, "20": 19.105187411196823, "21": 24.7993407851369, "22": 17.61959814196135, "23": 9.971441789324683, "24": 0.35246176237292737}, "alpha": {"0": 0, "1": 1.3214318152689628, "2": 1.115741757963035, "3": 1.3277239167850707, "4": 1.3499532117209052, "5": 1.4556193587359512, "6": 1.7436658834759946, "7": 1.5358020872476636, "8": 1.5373241982272017, "9": 1.4732459893226342, "10": 1.6342971763656455, "11": 1.5646431329703598, "12": 1.3243875625875223, "13": 1.2463558270418669, "14": 1.3707828470393064, "15": 1.5760975345993495, "16": 1.3396395660157774, "17": 1.7533195734844043, "18": 2.239428385480207, "19": 1.3091910547385843, "20": 2.4044437766415583, "21": 1.8961977644597126, "22": 1.6501205574121744, "23": 1.5445674632029711, "24": 1.4302614712882504}}