stor_level,time,iterations
4,112.37907290458679,5
TOTAL,112.38721418380737,0
