stor_level,time,iterations
4,30996.600742816925,11
TOTAL,30996.720016002655,0
