{"u": {"0": 0.0, "1": 1.0, "2": 1.0, "3": 1.0, "4": 1.0, "5": 1.0, "6": 1.0, "7": 1.0, "8": 1.0, "9": 1.0, "10": 1.0, "11": 1.0, "12": 1.0, "13": 1.0, "14": 1.0, "15": 1.0, "16": 1.0, "17": 1.0, "18": 1.0, "19": 1.0, "20": 1.0, "21": 1.0, "22": 1.0, "23": 1.0, "24": 1.0}, "p1": {"0": 0.0, "1": 0.0, "2": 0.0, "3": 0.0, "4": 0.0, "5": 0.0, "6": 2.7110604306644763, "7": 8.490013736130635, "8": 10.451702475585346, "9": 12.359646847464331, "10": 18.18910067058437, "11": 16.263151562492745, "12": 14.318903019984926, "13": 8.497411825161626, "14": 4.652189749892377, "15": 2.7429697508531445, "16": 2.718313910339376, "17": 6.557518867308172, "18": 10.42989496355739, "19": 14.31579291868729, "20": 20.111695359344438, "21": 24.039614391056272, "22": 16.271357197331092, "23": 8.480516731029686, "24": 0.0}, "pg": {"0": 0, "1": 9.636107128206138, "2": 7.814069427837918, "3": 10.787092285155321, "4": 12.0, "5": 9.511561528542412, "6": 10.880914918812671, "7": 12.0, "8": 10.945097155333876, "9": 9.165222548867208, "10": 9.682144004451931, "11": 12.0, "12": 12.0, "13": 12.0, "14": 11.864630295743252, "15": 12.0, "16": 11.627536169045081, "17": 12.0, "18": 12.0, "19": 12.0, "20": 12.0, "21": 8.450568338446278, "22": 12.0, "23": 12.0, "24": 10.854218239891642}, "p2": {"0": 0, "1": 0.0, "2": 0.0, "3": 0.0, "4": 2.484952172756916, "5": 0.0, "6": 0.0, "7": 1.8267835743928984, "8": 0.0, "9": 0.0, "10": 0.0, "11": 0.07217469869330628, "12": 5.9495294187956524, "13": 1.5505804595649035, "14": 0.0, "15": 3.050664601315674, "16": 0.0, "17": 1.7410093869109602, "18": 3.5376355996328233, "19": 0.19433441739458246, "20": 4.719991039304361, "21": 0.0, "22": 0.0396348798716204, "23": 1.2188908831574725, "24": 0.0}, "dual_con1": {"0": 0.0, "1": 0.0, "2": 0.0, "3": 0.0, "4": -2.064, "5": 0.0, "6": 0.0, "7": -2.064, "8": 0.0, "9": 0.0, "10": 0.0, "11": -2.064, "12": -2.064, "13": -2.064, "14": 0.0, "15": -2.064, "16": 0.0, "17": -2.064, "18": -2.064, "19": -2.064, "20": -2.064, "21": 0.0, "22": -2.064, "23": -2.064, "24": 0.0}, "dual_con2": {"0": 0.0, "1": -0.128, "2": -0.128, "3": -0.128, "4": -0.3, "5": -0.128, "6": -0.128, "7": -0.3, "8": -0.128, "9": -0.128, "10": -0.128, "11": -0.3, "12": -0.3, "13": -0.3, "14": -0.128, "15": -0.3, "16": -0.128, "17": -0.3, "18": -0.3, "19": -0.3, "20": -0.3, "21": -0.128, "22": -0.3, "23": -0.3, "24": -0.128}}