{"u": {"0": 0, "1": 1.0, "2": 1.0, "3": 1.0, "4": 1.0, "5": 1.0, "6": 1.0, "7": 1.0, "8": 1.0, "9": 1.0, "10": 1.0, "11": 1.0, "12": 1.0, "13": 1.0, "14": 1.0, "15": 1.0, "16": 1.0, "17": 1.0, "18": 1.0, "19": 1.0, "20": 1.0, "21": 1.0, "22": 1.0, "23": 1.0, "24": 1.0}, "p1": {"0": 0, "1": 1.8033451264550795, "2": 0.0, "3": 0.0, "4": 0.0, "5": 0.0, "6": 2.6932885053782574, "7": 8.467008762670517, "8": 10.34114856352675, "9": 12.340263365415677, "10": 17.98445193866703, "11": 16.100891051885505, "12": 14.183565356717695, "13": 8.475689799174512, "14": 4.62664333394024, "15": 2.715160356281382, "16": 2.760359281682822, "17": 6.6276823993537555, "18": 10.42307753842686, "19": 14.14263456206182, "20": 20.146436255633652, "21": 23.908563993000904, "22": 16.067668638523564, "23": 8.40047066325494, "24": 0.0}, "alpha": {"0": 0, "1": 1.0480288498503767, "2": 1.0525925628263078, "3": 1.301538413691071, "4": 1.2957809682654278, "5": 1.305793450076401, "6": 2.0003359424178435, "7": 2.076093836716016, "8": 2.1125324244558072, "9": 2.1197791178871865, "10": 2.225088125937309, "11": 2.2042534851070155, "12": 2.1746936560371664, "13": 2.083372723736444, "14": 2.019996894674296, "15": 1.9845329447423317, "16": 1.9824704715488166, "17": 2.0417255580467035, "18": 2.1043637392514714, "19": 2.1810648700806916, "20": 2.212481044527383, "21": 2.26949921467288, "22": 2.202301477508155, "23": 2.0939725970713936, "24": 1.6750442465737398}}