stor_level,time,iterations
4,817.9627389907837,9
TOTAL,817.969386100769,0
