stor_level,time,iterations
4,23791.51224398613,9
TOTAL,23791.63490819931,0
