{"u": {"0": 0, "1": 1.0, "2": 1.0, "3": 1.0, "4": 1.0, "5": 1.0, "6": 1.0, "7": 1.0, "8": 1.0, "9": 1.0, "10": 1.0, "11": 1.0, "12": 1.0, "13": 1.0, "14": 1.0, "15": 1.0, "16": 1.0, "17": 1.0, "18": 1.0, "19": 1.0, "20": 1.0, "21": 1.0, "22": 1.0, "23": 1.0, "24": 1.0}, "p1": {"0": 0, "1": 1.7945812954230824, "2": 0.0, "3": 0.0, "4": 0.0, "5": 0.0, "6": 2.674916222070685, "7": 8.452275578377636, "8": 10.37107599605091, "9": 12.256867630546436, "10": 18.015782412465427, "11": 16.2091629595976, "12": 14.190570610066244, "13": 8.456968195611974, "14": 4.6495329488197505, "15": 2.748916945379152, "16": 2.738746332340776, "17": 6.5477299530804185, "18": 10.38424056017265, "19": 14.1671347541659, "20": 20.060702406499708, "21": 23.919992185237913, "22": 16.08836898443086, "23": 8.436304971000673, "24": 0.0}, "alpha": {"0": 0, "1": 1.0468234069839721, "2": 1.0487101650359063, "3": 1.3052895358239984, "4": 1.3013453732591096, "5": 1.3056217931036858, "6": 2.0019145065853894, "7": 2.0837857275009397, "8": 2.109904773141113, "9": 2.144899399137848, "10": 2.224994956504063, "11": 2.173096120703339, "12": 2.172585995215825, "13": 2.0809371539336605, "14": 2.020726058751059, "15": 1.9857917158746194, "16": 1.9872549339712569, "17": 2.0524701431297503, "18": 2.107941813342793, "19": 2.1740637045480464, "20": 2.2226680008307316, "21": 2.269688752447548, "22": 2.201886263535613, "23": 2.0839467707078936, "24": 1.6708179493166702}}