stor_level,time,iterations
4,44.52153921127319,5
TOTAL,44.527143239974976,0
