stor_level,time,iterations
4,11.852077007293701,5
TOTAL,11.858816146850586,0
