{"u": {"0": 0, "1": 1.0, "2": 1.0, "3": 1.0, "4": 1.0, "5": 1.0, "6": 1.0, "7": 1.0, "8": 1.0, "9": 1.0, "10": 1.0, "11": 1.0, "12": 1.0, "13": 1.0, "14": 1.0, "15": 1.0, "16": 1.0, "17": 1.0, "18": 1.0, "19": 1.0, "20": 1.0, "21": 1.0, "22": 1.0, "23": 1.0, "24": 1.0}, "p1": {"0": 0, "1": 2.178020141182457, "2": 0.0, "3": 0.0, "4": 0.0, "5": 0.0, "6": 3.079045234016057, "7": 9.074322480391645, "8": 10.198027739421528, "9": 14.626044025125504, "10": 16.689696306064015, "11": 16.338181706768324, "12": 17.049644423644406, "13": 11.353391219124145, "14": 5.695188086279458, "15": 2.194362127223398, "16": 4.497414401378567, "17": 8.33921747232227, "18": 10.86763542083909, "19": 15.863575224567358, "20": 20.4946550086709, "21": 24.335339983601354, "22": 17.01283999617015, "23": 9.649849889804624, "24": 0.28498063426179776}, "alpha": {"0": 0, "1": 0.8994187773666554, "2": 1.1023891012673308, "3": 1.3096948625697948, "4": 1.3335710394260691, "5": 1.4643937813617474, "6": 1.7510297036093005, "7": 1.8012962056019972, "8": 1.9291538058159623, "9": 1.6012815466319168, "10": 2.4000303530916747, "11": 2.022701262007874, "12": 1.3812783200681829, "13": 1.3848697142759867, "14": 1.651341581098612, "15": 2.0255263438873494, "16": 1.4694719957557734, "17": 1.5435035733057436, "18": 1.9274628827245657, "19": 1.5734463825246208, "20": 1.9390628990528496, "21": 2.000604113409699, "22": 1.8538226764928947, "23": 1.6806742819669325, "24": 1.4243944320776614}}