{"u": {"0": 0.0, "1": 1.0, "2": 1.0, "3": 1.0, "4": 1.0, "5": 1.0, "6": 1.0, "7": 1.0, "8": 1.0, "9": 1.0, "10": 1.0, "11": 1.0, "12": 1.0, "13": 1.0, "14": 1.0, "15": 1.0, "16": 1.0, "17": 1.0, "18": 1.0, "19": 1.0, "20": 1.0, "21": 1.0, "22": 1.0, "23": 1.0, "24": 1.0}, "p1": {"0": 0.0, "1": 2.178020141182457, "2": 0.0, "3": 0.0, "4": 0.0, "5": 0.0, "6": 3.079045234016057, "7": 9.074322480391645, "8": 10.198027739421528, "9": 14.626044025125504, "10": 16.689696306064015, "11": 16.338181706768324, "12": 17.049644423644406, "13": 11.353391219124145, "14": 5.695188086279458, "15": 2.194362127223398, "16": 4.497414401378567, "17": 8.33921747232227, "18": 10.86763542083909, "19": 15.863575224567358, "20": 20.4946550086709, "21": 24.335339983601354, "22": 17.01283999617015, "23": 9.649849889804624, "24": 0.28498063426179776}, "pg": {"0": 0, "1": 5.0, "2": 9.144347229418816, "3": 9.611110704777563, "4": 11.881374875571487, "5": 12.0, "6": 12.0, "7": 12.0, "8": 12.0, "9": 12.0, "10": 12.0, "11": 12.0, "12": 12.0, "13": 10.39459440658522, "14": 12.0, "15": 12.0, "16": 8.203063353094349, "17": 10.227195183436267, "18": 12.0, "19": 12.0, "20": 12.0, "21": 12.0, "22": 12.0, "23": 8.127608142166526, "24": 9.169580888654586}, "p2": {"0": 0, "1": 1.0739870264739269, "2": 0.0, "3": 0.0, "4": 0.0, "5": 0.0, "6": 1.8729541649502792, "7": 0.6960354699043396, "8": 4.177284395231865, "9": 3.3383585810238383, "10": 3.134286012245507, "11": 1.0207924466032594, "12": 2.6798266001749553, "13": 0.0, "14": 1.1615112719656135, "15": 0.0, "16": 0.0, "17": 0.0, "18": 0.0, "19": 2.506066528975998, "20": 2.0539136409848524, "21": 0.0, "22": 1.5790721206313272, "23": 0.0, "24": 0.0}, "stor_net_i": {"0": 0, "1": 0.0, "2": 0.0, "3": 0.0, "4": -2.449704350638509, "5": -1.550295649361491, "6": 0.0, "7": 4.0, "8": -4.0, "9": 0.0, "10": 0.0, "11": 4.0, "12": 0.0, "13": -4.0, "14": 1.625721339757062, "15": 2.374278660242938, "16": 0.0, "17": -3.3701039071539185, "18": -0.6298960928460815, "19": 0.0, "20": 1.0361852263550908, "21": 2.963814773644909, "22": 0.0, "23": 0.0, "24": 0.0}, "stor_level": {"0": 0, "1": 0.0, "2": 0.0, "3": 0.0, "4": 2.449704350638509, "5": 4.0, "6": 4.0, "7": 0.0, "8": 4.0, "9": 4.0, "10": 4.0, "11": 0.0, "12": 0.0, "13": 4.0, "14": 2.374278660242938, "15": 0.0, "16": 0.0, "17": 3.3701039071539185, "18": 4.0, "19": 4.0, "20": 2.963814773644909, "21": 0.0, "22": 0.0, "23": 0.0, "24": 0.0}, "dual_con1": {"0": 0.0, "1": 0.0, "2": 0.0, "3": 0.0, "4": 0.0, "5": 0.0, "6": -2.064, "7": -2.064, "8": -2.064, "9": -2.064, "10": -2.064, "11": -2.064, "12": -2.064, "13": 0.0, "14": -2.064, "15": -2.064, "16": 0.0, "17": 0.0, "18": 0.0, "19": -2.064, "20": -2.064, "21": -2.064, "22": -2.064, "23": 0.0, "24": 0.0}, "dual_con2": {"0": 0.0, "1": -0.3, "2": -0.128, "3": -0.128, "4": -0.128, "5": -0.128, "6": -0.3, "7": -0.3, "8": -0.3, "9": -0.3, "10": -0.3, "11": -0.3, "12": -0.3, "13": -0.128, "14": -0.3, "15": -0.3, "16": -0.128, "17": -0.128, "18": -0.128, "19": -0.3, "20": -0.3, "21": -0.3, "22": -0.3, "23": -0.128, "24": -0.128}}