{"u": {"0": 0.0, "1": 1.0, "2": 1.0, "3": 1.0, "4": 1.0, "5": 1.0, "6": 1.0, "7": 1.0, "8": 1.0, "9": 1.0, "10": 1.0, "11": 1.0, "12": 1.0, "13": 1.0, "14": 1.0, "15": 1.0, "16": 1.0, "17": 1.0, "18": 1.0, "19": 1.0, "20": 1.0, "21": 1.0, "22": 1.0, "23": 1.0, "24": 1.0}, "p1": {"0": 0.0, "1": 6.548789458445123, "2": 6.485204833872027, "3": 0.0, "4": 0.0, "5": 0.0, "6": 10.601136924355801, "7": 7.778101649975778, "8": 11.527445454128099, "9": 12.779261118563303, "10": 18.545159100477903, "11": 16.565296540559988, "12": 3.5102583226350057, "13": 8.518724598312485, "14": 17.46090851864474, "15": 8.14679112870444, "16": 8.16698612280184, "17": 6.817056541572146, "18": 10.253687758237593, "19": 2.181261147602614, "20": 11.159241602201035, "21": 20.453412684499625, "22": 27.87565537987086, "23": 19.315794605548465, "24": 11.829829605814044}, "pg": {"0": 0, "1": 5.0, "2": 9.964197242512048, "3": 12.0, "4": 12.0, "5": 12.0, "6": 12.0, "7": 12.0, "8": 12.0, "9": 12.0, "10": 12.0, "11": 12.0, "12": 12.0, "13": 12.0, "14": 12.0, "15": 10.068478850141368, "16": 12.0, "17": 12.0, "18": 12.0, "19": 12.0, "20": 12.0, "21": 12.0, "22": 12.0, "23": 12.0, "24": 11.18603469567842}, "p2": {"0": 0, "1": 0.0, "2": 0.0, "3": 0.0, "4": 0.0, "5": 0.0, "6": 0.0, "7": 0.0, "8": 0.0, "9": 0.0, "10": 0.0, "11": 0.0, "12": 0.0, "13": 0.0, "14": 0.0, "15": 0.0, "16": 0.0, "17": 0.0, "18": 0.0, "19": 0.0, "20": 0.0, "21": 7.269109503169542, "22": 0.0, "23": 0.0, "24": 0.0}, "stor_net_i": {"battery": {"0": 0, "1": 0.0, "2": 0.0, "3": 0.0, "4": 0.0, "5": 0.0, "6": 0.0, "7": 0.0, "8": 0.0, "9": 0.0, "10": 0.0, "11": -5.0, "12": 0.0, "13": 0.0, "14": 0.4834376075257687, "15": 4.516562392474231, "16": -5.0, "17": 1.1162357782554544, "18": -0.3894961117166069, "19": 4.2732603334611525, "20": -0.2658057943022243, "21": -0.4088351874146774, "22": 0.22292735265540742, "23": 0.45171362906149426, "24": 0.0}, "ev": {"0": 0, "1": -3.476208828292517, "2": -11.0, "3": -2.153075789109245, "4": -0.7360233783439032, "5": 2.4960794895146368, "6": -5.014359225046691, "7": 2.3408722760675786, "8": 0.1649154298253137, "9": -5.210379347757998, "10": 1.7024126660066798, "11": 3.878720883308933, "12": 5.6319310359339845, "13": 3.1428419159443344, "14": -11.0, "15": -7.4716392323801095, "16": -3.69608789567099, "17": 0.0, "18": 5.134233039930383, "19": 11.0, "20": 11.0, "21": 5.865766960069621, "22": -11.0, "23": -11.0, "24": -11.0}}, "stor_level": {"battery": {"0": 0, "1": 0.0, "2": 0.0, "3": 0.0, "4": 0.0, "5": 0.0, "6": 0.0, "7": 0.0, "8": 0.0, "9": 0.0, "10": 0.0, "11": 5.0, "12": 5.0, "13": 5.0, "14": 4.516562392474231, "15": 0.0, "16": 5.0, "17": 3.8837642217445456, "18": 4.2732603334611525, "19": 0.0, "20": 0.2658057943022243, "21": 0.6746409817169017, "22": 0.45171362906149426, "23": 0.0, "24": 0.0}, "ev": {"0": 7.6000000000000005, "1": 11.076208828292518, "2": 22.07620882829252, "3": 24.229284617401763, "4": 24.96530799574567, "5": 22.469228506231033, "6": 27.483587731277723, "7": 25.142715455210144, "8": 24.97780002538483, "9": 30.18817937314283, "10": 28.48576670713615, "11": 24.607045823827217, "12": 18.975114787893233, "13": 15.832272871948899, "14": 26.8322728719489, "15": 34.30391210432901, "16": 38.0, "17": 38.0, "18": 32.86576696006962, "19": 21.86576696006962, "20": 10.865766960069621, "21": 5.0, "22": 16.0, "23": 27.0, "24": 38}}, "dual_con1": {"0": 0.0, "1": 0.0, "2": 0.0, "3": 0.0, "4": 0.0, "5": 0.0, "6": 0.0, "7": 0.0, "8": 0.0, "9": 0.0, "10": 0.0, "11": 0.0, "12": 0.0, "13": 0.0, "14": 0.0, "15": 0.0, "16": 0.0, "17": -2.064, "18": -2.064, "19": -2.064, "20": -2.064, "21": -2.064, "22": -2.064, "23": -2.064, "24": 0.0}, "dual_con2": {"0": 0.0, "1": -0.128, "2": -0.128, "3": -0.128, "4": -0.128, "5": -0.128, "6": -0.128, "7": -0.128, "8": -0.128, "9": -0.128, "10": -0.128, "11": -0.128, "12": -0.128, "13": -0.128, "14": -0.128, "15": -0.128, "16": -0.128, "17": -0.3, "18": -0.3, "19": -0.3, "20": -0.3, "21": -0.3, "22": -0.3, "23": -0.3, "24": -0.128}}