{"u": {"0": 0, "1": 1.0, "2": 1.0, "3": 1.0, "4": 1.0, "5": 1.0, "6": 1.0, "7": 1.0, "8": 1.0, "9": 1.0, "10": 1.0, "11": 1.0, "12": 1.0, "13": 1.0, "14": 1.0, "15": 1.0, "16": 1.0, "17": 1.0, "18": 1.0, "19": 1.0, "20": 1.0, "21": 1.0, "22": 1.0, "23": 1.0, "24": 1.0}, "p1": {"0": 0, "1": 4.178440535956582, "2": 5.8884857371916635, "3": 0.0, "4": 0.0, "5": 1.1722790010475173, "6": 9.789292590086538, "7": 6.7413672314005275, "8": 11.460633110287121, "9": 14.13879042428473, "10": 19.733319268474215, "11": 17.454549955963213, "12": 7.8418256494499605, "13": 9.157332967715762, "14": 13.046128839720435, "15": 6.256617436351521, "16": 5.062340870114349, "17": 4.791224421413093, "18": 4.229811555303662, "19": 2.099397270050199, "20": 9.29341452453871, "21": 17.874506671994553, "22": 25.480137504714502, "23": 19.913970497168677, "24": 0.0}, "alpha": {"0": 0, "1": 1.063266299996221, "2": 1.3504661564581673, "3": 1.942020121647983, "4": 1.59214005203231, "5": 2.169826952334645, "6": 1.9260641170715718, "7": 2.0068898305798175, "8": 1.7719100669138312, "9": 1.5954628727145517, "10": 1.6814042194577055, "11": 1.7011350132110095, "12": 1.7643523051649959, "13": 1.8683001096852445, "14": 1.8287613480838365, "15": 1.2858718057562795, "16": 1.5136117903231365, "17": 1.9526326735760429, "18": 2.285456533408884, "19": 2.362680818984921, "20": 2.3355349624604345, "21": 1.6709808028993562, "22": 1.5179587485856103, "23": 1.808408850849362, "24": 1.3949793159076538}}