{"u": {"0": 0.0, "1": 1.0, "2": 1.0, "3": 1.0, "4": 1.0, "5": 1.0, "6": 1.0, "7": 1.0, "8": 1.0, "9": 1.0, "10": 1.0, "11": 1.0, "12": 1.0, "13": 1.0, "14": 1.0, "15": 1.0, "16": 1.0, "17": 1.0, "18": 1.0, "19": 1.0, "20": 1.0, "21": 1.0, "22": 1.0, "23": 1.0, "24": 1.0}, "p1": {"0": 0.0, "1": 4.174695768570036, "2": 5.534744097021882, "3": 0.0, "4": 0.0, "5": 1.153909177147991, "6": 9.882564643689957, "7": 7.071583633132223, "8": 11.52965382848061, "9": 14.153670662122368, "10": 19.87679782030074, "11": 17.65214150717546, "12": 7.92987953366784, "13": 9.151427324550044, "14": 13.008619646077936, "15": 6.3741928458117165, "16": 5.0298937150978205, "17": 4.830840050677709, "18": 4.314698224897256, "19": 2.236947602725081, "20": 9.250633170892767, "21": 18.024621462123076, "22": 24.82457644335488, "23": 20.34680056565563, "24": 2.3535049805591495}, "pg": {"0": 0, "1": 5.0, "2": 10.0, "3": 12.0, "4": 12.0, "5": 12.0, "6": 12.0, "7": 12.0, "8": 12.0, "9": 12.0, "10": 12.0, "11": 12.0, "12": 12.0, "13": 12.0, "14": 12.0, "15": 12.0, "16": 12.0, "17": 12.0, "18": 12.0, "19": 12.0, "20": 12.0, "21": 12.0, "22": 12.0, "23": 12.0, "24": 12.0}, "p2": {"0": 0, "1": 0.0, "2": 0.0, "3": 0.0, "4": 0.0, "5": 0.0, "6": 0.0, "7": 0.0, "8": 0.0, "9": 0.0, "10": 0.0, "11": 0.0, "12": 0.0, "13": 0.0, "14": 0.0, "15": 0.0, "16": 0.0, "17": 0.0, "18": 0.0, "19": 0.0, "20": 0.8603765153447274, "21": 15.083976890188367, "22": 0.0, "23": 1.1570732790590341, "24": 0.0}, "stor_net_i": {"battery": {"0": 0, "1": 0.0, "2": 0.0, "3": 0.0, "4": -5.0, "5": 0.0, "6": 0.0, "7": 5.0, "8": 0.0, "9": 0.0, "10": 0.0, "11": 0.0, "12": 0.0, "13": 0.0, "14": 0.0, "15": 0.0, "16": -2.8570343387166695, "17": -2.1429656612833305, "18": 0.0, "19": 4.217573878338683, "20": 0.7824261216613166, "21": 0.0, "22": 0.0, "23": -5.0, "24": 5.0}, "ev": {"0": 0, "1": -1.10211513841743, "2": -10.085342020637805, "3": -2.153075789109245, "4": 4.263976621656099, "5": 1.3421703123666457, "6": -4.295786944380847, "7": -1.9526097070888664, "8": 0.1627070554728025, "9": -6.5847888913170625, "10": 0.3707739461838422, "11": -2.20812408330654, "12": 1.2123098249011512, "13": 2.5101391897067753, "14": -6.064273519907427, "15": -3.1139997068717875, "16": -2.7019611492503017, "17": 5.24541793043322, "18": 10.683726461554112, "19": 11.0, "20": 11.0, "21": 0.07085560801266766, "22": -7.725993710828611, "23": -7.736365610104706, "24": -7.337640679066684}}, "stor_level": {"battery": {"0": 0, "1": 0.0, "2": 0.0, "3": 0.0, "4": 5.0, "5": 5.0, "6": 5.0, "7": 0.0, "8": 0.0, "9": 0.0, "10": 0.0, "11": 0.0, "12": 0.0, "13": 0.0, "14": 0.0, "15": 0.0, "16": 2.8570343387166695, "17": 5.0, "18": 5.0, "19": 0.7824261216613166, "20": 0.0, "21": 0.0, "22": 0.0, "23": 5.0, "24": 0.0}, "ev": {"0": 7.6000000000000005, "1": 8.70211513841743, "2": 18.787457159055236, "3": 20.94053294816448, "4": 16.676556326508383, "5": 15.334386014141737, "6": 19.630172958522586, "7": 21.582782665611454, "8": 21.420075610138653, "9": 28.004864501455714, "10": 27.63409055527187, "11": 29.84221463857841, "12": 28.62990481367726, "13": 26.119765623970487, "14": 32.18403914387791, "15": 35.2980388507497, "16": 38.0, "17": 32.75458206956678, "18": 22.070855608012668, "19": 11.070855608012668, "20": 0.07085560801266766, "21": 0.0, "22": 7.725993710828611, "23": 15.462359320933317, "24": 22.8}}, "dual_con1": {"0": 0.0, "1": 0.0, "2": 0.0, "3": -2.064, "4": -2.064, "5": -2.064, "6": -2.064, "7": -2.064, "8": -2.064, "9": -2.064, "10": -2.064, "11": -2.064, "12": -2.064, "13": -2.064, "14": -2.064, "15": -2.064, "16": -2.064, "17": -2.064, "18": -2.064, "19": -2.064, "20": -2.064, "21": -2.064, "22": -2.064, "23": -2.064, "24": -2.064}, "dual_con2": {"0": 0.0, "1": -0.3, "2": -0.3, "3": -0.3, "4": -0.3, "5": -0.3, "6": -0.3, "7": -0.3, "8": -0.3, "9": -0.3, "10": -0.3, "11": -0.3, "12": -0.3, "13": -0.3, "14": -0.3, "15": -0.3, "16": -0.3, "17": -0.3, "18": -0.3, "19": -0.3, "20": -0.3, "21": -0.3, "22": -0.3, "23": -0.3, "24": -0.3}}