{"u": {"0": 0, "1": 1.0, "2": 1.0, "3": 1.0, "4": 1.0, "5": 1.0, "6": 1.0, "7": 1.0, "8": 1.0, "9": 1.0, "10": 1.0, "11": 1.0, "12": 1.0, "13": 1.0, "14": 1.0, "15": 1.0, "16": 1.0, "17": 1.0, "18": 1.0, "19": 1.0, "20": 1.0, "21": 1.0, "22": 1.0, "23": 1.0, "24": 1.0}, "p1": {"0": 0, "1": 4.1762898329899745, "2": 5.767800035928616, "3": 0.0, "4": 0.0, "5": 1.2467997153292192, "6": 9.81755465175729, "7": 6.820311732149893, "8": 11.612447157758254, "9": 14.127224807800317, "10": 19.767187295845076, "11": 17.435523617736486, "12": 7.758284923307679, "13": 8.989993949836123, "14": 12.884587248287596, "15": 6.096279694826688, "16": 5.145921580044838, "17": 4.799949244295192, "18": 4.286311346847889, "19": 2.144588952521879, "20": 9.243074743302339, "21": 17.743436602723097, "22": 25.681416027273006, "23": 20.61834403897429, "24": 0.0}, "alpha": {"0": 0, "1": 1.0639115108862032, "2": 1.3866718668370817, "3": 1.9872205281192936, "4": 1.593061668943184, "5": 2.1474707380501346, "6": 1.9175854985703462, "7": 1.9832064803550076, "8": 1.726365852672491, "9": 1.5989325576598756, "10": 1.671243811246447, "11": 1.7068429146790276, "12": 1.7894145230076803, "13": 1.9185018150491362, "14": 1.8772238255136884, "15": 1.3118096414009404, "16": 1.4957773923342006, "17": 1.9500152267114128, "18": 2.2685065959456163, "19": 2.3491233142434167, "20": 2.3343196088504055, "21": 1.6691556933169065, "22": 1.4575751918180595, "23": 1.5856967883076778, "24": 1.0955282127174562}}