{"u": {"0": 0.0, "1": 1.0, "2": 1.0, "3": 1.0, "4": 1.0, "5": 1.0, "6": 1.0, "7": 1.0, "8": 1.0, "9": 1.0, "10": 1.0, "11": 1.0, "12": 1.0, "13": 1.0, "14": 1.0, "15": 1.0, "16": 1.0, "17": 1.0, "18": 1.0, "19": 1.0, "20": 1.0, "21": 1.0, "22": 1.0, "23": 1.0, "24": 1.0}, "p1": {"0": 0.0, "1": 7.858038428911112, "2": 7.397070445914064, "3": 1.9319410204598615, "4": 0.0, "5": 0.0, "6": 7.407566304188325, "7": 5.32695565844344, "8": 15.663440420423974, "9": 9.797731994280621, "10": 23.754022110874992, "11": 14.039093529670508, "12": 19.67537381580109, "13": 5.5585531365800485, "14": 9.249417736860492, "15": 0.0, "16": 7.592139824753255, "17": 2.7470539463304515, "18": 14.246794032633247, "19": 8.416490373328791, "20": 22.147211137345316, "21": 16.908453314672983, "22": 18.971096941852398, "23": 2.6664191952389533, "24": 4.461611260313033}, "pg": {"0": 0, "1": 5.0, "2": 10.0, "3": 12.0, "4": 12.0, "5": 12.0, "6": 12.0, "7": 12.0, "8": 12.0, "9": 12.0, "10": 12.0, "11": 12.0, "12": 12.0, "13": 12.0, "14": 12.0, "15": 12.0, "16": 11.41539543696817, "17": 12.0, "18": 12.0, "19": 12.0, "20": 12.0, "21": 12.0, "22": 12.0, "23": 12.0, "24": 12.0}, "p2": {"0": 0, "1": 0.0, "2": 0.0, "3": 0.0, "4": 0.0, "5": 0.0, "6": 0.0, "7": 0.0, "8": 0.0, "9": 0.0, "10": 0.0, "11": 0.0, "12": 0.0, "13": 0.0, "14": 0.0, "15": 0.0, "16": 0.0, "17": 0.0, "18": 0.0, "19": 0.0, "20": 0.0, "21": 6.775953322479172, "22": 0.0, "23": 0.0, "24": 0.0}, "stor_net_i": {"battery": {"0": 0, "1": 0.0, "2": -0.947668369529989, "3": 0.947668369529989, "4": -5.0, "5": 0.0, "6": 0.0, "7": 0.0, "8": 5.0, "9": 0.0, "10": -5.0, "11": 5.0, "12": -4.521497871336141, "13": 4.521497871336141, "14": -0.7235561043493544, "15": 0.7235561043493544, "16": -5.0, "17": 5.0, "18": -3.038031107734973, "19": -1.961968892265027, "20": 0.0, "21": 5.0, "22": 0.0, "23": -4.898910960628994, "24": 4.898910960628994}, "ev": {"0": 0, "1": -4.785457798758506, "2": -11.0, "3": -5.032685179099095, "4": 4.263976621656099, "5": 2.4960794895146368, "6": -1.8207886048792155, "7": 4.792018267599914, "8": -8.971079536470562, "9": -2.228850223475316, "10": 1.4935496556095913, "11": -3.5950761058015868, "12": -6.0116865858959585, "13": 1.5815155063406294, "14": -1.5815155063406294, "15": 2.5366370345905747, "16": -2.5366370345905764, "17": 0.1862383734971491, "18": 3.789661761553095, "19": 11.0, "20": -0.2537753294465048, "21": 4.495047323171956, "22": -1.8725142093261304, "23": 11.0, "24": -9.344657919449562}}, "stor_level": {"battery": {"0": 0, "1": 0.0, "2": 0.947668369529989, "3": 0.0, "4": 5.0, "5": 5.0, "6": 5.0, "7": 5.0, "8": 0.0, "9": 0.0, "10": 5.0, "11": 0.0, "12": 4.521497871336141, "13": 0.0, "14": 0.7235561043493544, "15": 0.0, "16": 5.0, "17": 0.0, "18": 3.038031107734973, "19": 5.0, "20": 5.0, "21": 0.0, "22": 0.0, "23": 4.898910960628994, "24": 0.0}, "ev": {"0": 7.6000000000000005, "1": 12.385457798758505, "2": 23.385457798758505, "3": 28.4181429778576, "4": 24.1541663562015, "5": 21.658086866686865, "6": 23.47887547156608, "7": 18.686857203966166, "8": 27.65793674043673, "9": 29.886786963912044, "10": 28.393237308302453, "11": 31.98831341410404, "12": 38.0, "13": 36.41848449365937, "14": 38.0, "15": 35.463362965409424, "16": 38.0, "17": 37.81376162650285, "18": 34.02409986494976, "19": 23.02409986494976, "20": 23.277875194396266, "21": 18.78282787122431, "22": 20.65534208055044, "23": 9.655342080550438, "24": 19.0}}, "dual_con1": {"0": 0.0, "1": 0.0, "2": 0.0, "3": 0.0, "4": 0.0, "5": 0.0, "6": 0.0, "7": 0.0, "8": 0.0, "9": 0.0, "10": 0.0, "11": 0.0, "12": 0.0, "13": 0.0, "14": 0.0, "15": 0.0, "16": 0.0, "17": -2.064, "18": -2.064, "19": -2.064, "20": -2.064, "21": -2.064, "22": -2.064, "23": -2.064, "24": -2.064}, "dual_con2": {"0": 0.0, "1": -0.128, "2": -0.128, "3": -0.128, "4": -0.128, "5": -0.128, "6": -0.128, "7": -0.128, "8": -0.128, "9": -0.128, "10": -0.128, "11": -0.128, "12": -0.128, "13": -0.128, "14": -0.128, "15": -0.128, "16": -0.128, "17": -0.3, "18": -0.3, "19": -0.3, "20": -0.3, "21": -0.3, "22": -0.3, "23": -0.3, "24": -0.3}}