{"u": {"0": 0, "1": 1.0, "2": 1.0, "3": 1.0, "4": 1.0, "5": 1.0, "6": 1.0, "7": 1.0, "8": 1.0, "9": 1.0, "10": 1.0, "11": 1.0, "12": 1.0, "13": 1.0, "14": 1.0, "15": 1.0, "16": 1.0, "17": 1.0, "18": 1.0, "19": 1.0, "20": 1.0, "21": 1.0, "22": 1.0, "23": 1.0, "24": 1.0}, "p1": {"0": 0, "1": 4.125012905907653, "2": 5.274901020376172, "3": 0.0, "4": 0.0, "5": 1.2331665674272632, "6": 9.731991086926863, "7": 7.044235056788661, "8": 11.870441404940395, "9": 13.918981883395642, "10": 19.7364911151691, "11": 17.736248159775382, "12": 7.948596144399392, "13": 9.20018909602956, "14": 13.518232579785447, "15": 0.46906176061931504, "16": 0.28353763991893643, "17": 5.5447300948145255, "18": 6.398526014738611, "19": 4.158729244687006, "20": 8.572211527678906, "21": 17.02351268711699, "22": 21.20502626433497, "23": 3.2951258638901635, "24": 7.446157212352265}, "alpha": {"0": 0, "1": 1.0737145890109, "2": 1.5312415715028158, "3": 2.011296721354127, "4": 1.5415817829607112, "5": 2.1530606824207212, "6": 1.9477545680194743, "7": 1.8965294829633783, "8": 1.6276675785178483, "9": 1.6614054349812784, "10": 1.6804526654492404, "11": 1.6529255520673543, "12": 1.729321156680166, "13": 1.8464432711911059, "14": 1.669130226064331, "15": 2.802281471814187, "16": 2.8849387080243036, "17": 1.7085809715556155, "18": 2.115442195578392, "19": 2.3046812265938836, "20": 2.3505438632912234, "21": 1.8330136527288263, "22": 1.7741921206994729, "23": 1.7352627015889996, "24": 1.5821528362942892}}