{"u": {"0": 0.0, "1": 1.0, "2": 1.0, "3": 1.0, "4": 1.0, "5": 1.0, "6": 1.0, "7": 1.0, "8": 1.0, "9": 1.0, "10": 1.0, "11": 1.0, "12": 1.0, "13": 1.0, "14": 1.0, "15": 1.0, "16": 1.0, "17": 1.0, "18": 1.0, "19": 1.0, "20": 1.0, "21": 1.0, "22": 1.0, "23": 1.0, "24": 1.0}, "p1": {"0": 0.0, "1": 0.8259710637309707, "2": 0.0, "3": 0.0, "4": 0.0, "5": 0.0, "6": 2.867914432074752, "7": 9.992362172693374, "8": 39.174886269257534, "9": 0.0, "10": 9.330682481364626, "11": 16.254248704904455, "12": 20.660726650295658, "13": 26.091844887695117, "14": 18.076982412013333, "15": 13.420460579810882, "16": 0.0, "17": 17.416843844766078, "18": 5.107909204370107, "19": 18.28049379530385, "20": 19.01979744662545, "21": 24.855212729391564, "22": 17.601044829542516, "23": 9.960026761155298, "24": 0.3578471361483544}, "pg": {"0": 0, "1": 5.0, "2": 9.086113885750155, "3": 12.0, "4": 12.0, "5": 12.0, "6": 12.0, "7": 12.0, "8": 12.0, "9": 12.0, "10": 12.0, "11": 8.587917898049788, "12": 3.5879178980497883, "13": 6.5570433759559705, "14": 7.0, "15": 12.0, "16": 12.0, "17": 12.0, "18": 12.0, "19": 12.0, "20": 12.0, "21": 7.634970000110986, "22": 10.709947247660196, "23": 12.0, "24": 10.235751956775148}, "p2": {"0": 0, "1": 3.8101360644751674, "2": 0.0, "3": 0.0, "4": 0.0, "5": 0.0, "6": 0.0, "7": 0.0, "8": 0.0, "9": 0.0, "10": 0.0, "11": 0.0, "12": 0.0, "13": 0.0, "14": 0.0, "15": 0.0, "16": 0.0, "17": 0.0, "18": 3.8596213588201067, "19": 1.2296335407780212, "20": 0.8118889520233488, "21": 0.0, "22": 0.0, "23": 0.0, "24": 0.0}, "stor_net_i": {"battery": {"0": null, "1": 0.0, "2": -1.2720444579122372, "3": -1.212907714844679, "4": 2.484952172756916, "5": -2.488438471457588, "6": -1.2759390825976045, "7": 0.3244351378301591, "8": -1.5600575837749666, "9": 0.0, "10": 5.0, "11": 0.0, "12": -5.0, "13": 0.159454105182256, "14": -0.159454105182256, "15": 0.0, "16": 0.0, "17": 0.0, "18": 5.0, "19": -5.0, "20": 5.0, "21": 0.0, "22": 0.0, "23": -0.26061914696813915, "24": 0.26061914696813915}, "ev_1": {"0": 0, "1": 0, "2": 0, "3": 0, "4": 0, "5": 0, "6": 0, "7": 0, "8": -11.0, "9": -8.000000000000004, "10": 8.740562193671678, "11": 11.0, "12": 3.0594378063283223, "13": -11.0, "14": 7.626826227642063, "15": 3.373173772357937, "16": -8.654149920615543, "17": -6.545850079384458, "18": 0, "19": 0, "20": 0, "21": 0, "22": 0, "23": 0, "24": 0}, "ev_2": {"0": 0, "1": 0, "2": 0, "3": 0, "4": 0, "5": 0, "6": 0, "7": 0, "8": -6.218029054563349, "9": 6.5248693963315425, "10": -11.0, "11": -7.506840341768193, "12": 11.0, "13": 11.0, "14": -5.027534488837511, "15": -11.0, "16": 11.0, "17": -10.172465511162489, "18": 0, "19": 0, "20": 0, "21": 0, "22": 0, "23": 0, "24": 0}, "ev_3": {"0": 0, "1": 0, "2": 0, "3": 0, "4": 0, "5": 0, "6": 0, "7": 0, "8": -11.0, "9": 11.0, "10": 3.799999999999997, "11": 0.0, "12": -1.0396499158931896, "13": -10.760350084106811, "14": -11.0, "15": 0.0, "16": 0.0, "17": 7.600000000000001, "18": 0, "19": 0, "20": 0, "21": 0, "22": 0, "23": 0, "24": 0}}, "stor_level": {"battery": {"0": 0, "1": 0.0, "2": 1.2720444579122372, "3": 2.484952172756916, "4": 0.0, "5": 2.488438471457588, "6": 3.7643775540551925, "7": 3.4399424162250334, "8": 5.0, "9": 5.0, "10": 0.0, "11": 0.0, "12": 5.0, "13": 4.840545894817744, "14": 5.0, "15": 5.0, "16": 5.0, "17": 5.0, "18": 0.0, "19": 5.0, "20": 0.0, "21": 0.0, "22": 0.0, "23": 0.26061914696813915, "24": 0.0}, "ev_1": {"0": 0, "1": 0, "2": 0, "3": 0, "4": 0, "5": 0, "6": 0, "7": 0, "8": 22.4, "9": 30.400000000000002, "10": 21.659437806328324, "11": 10.659437806328324, "12": 7.6000000000000005, "13": 18.6, "14": 10.973173772357939, "15": 7.6000000000000005, "16": 16.254149920615543, "17": 22.8, "18": 0, "19": 0, "20": 0, "21": 0, "22": 0, "23": 0, "24": 0}, "ev_2": {"0": 0, "1": 0, "2": 0, "3": 0, "4": 0, "5": 0, "6": 0, "7": 0, "8": 17.61802905456335, "9": 11.093159658231809, "10": 22.09315965823181, "11": 29.6, "12": 18.6, "13": 7.6000000000000005, "14": 12.627534488837512, "15": 23.62753448883751, "16": 12.627534488837512, "17": 22.8, "18": 0, "19": 0, "20": 0, "21": 0, "22": 0, "23": 0, "24": 0}, "ev_3": {"0": 0, "1": 0, "2": 0, "3": 0, "4": 0, "5": 0, "6": 0, "7": 0, "8": 22.4, "9": 11.399999999999999, "10": 7.6000000000000005, "11": 7.6000000000000005, "12": 8.639649915893191, "13": 19.400000000000002, "14": 30.400000000000002, "15": 30.400000000000002, "16": 30.400000000000002, "17": 22.8, "18": 0, "19": 0, "20": 0, "21": 0, "22": 0, "23": 0, "24": 0}}, "dual_con1": {"0": 0.0, "1": 0.0, "2": 0.0, "3": 0.0, "4": 0.0, "5": 0.0, "6": 0.0, "7": 0.0, "8": 0.0, "9": 0.0, "10": 0.0, "11": 0.0, "12": 0.0, "13": 0.0, "14": 0.0, "15": 0.0, "16": 0.0, "17": 0.0, "18": -2.064, "19": -2.064, "20": -2.064, "21": 0.0, "22": 0.0, "23": 0.0, "24": 0.0}, "dual_con2": {"0": 0.0, "1": -0.3, "2": -0.128, "3": -0.128, "4": -0.128, "5": -0.128, "6": -0.128, "7": -0.128, "8": -0.128, "9": -0.128, "10": -0.128, "11": -0.128, "12": -0.128, "13": -0.128, "14": -0.128, "15": -0.128, "16": -0.128, "17": -0.128, "18": -0.3, "19": -0.3, "20": -0.3, "21": -0.128, "22": -0.128, "23": -0.128, "24": -0.128}}