{"u": {"0": 0.0, "1": 1.0, "2": 1.0, "3": 1.0, "4": 1.0, "5": 1.0, "6": 1.0, "7": 1.0, "8": 1.0, "9": 1.0, "10": 1.0, "11": 1.0, "12": 1.0, "13": 1.0, "14": 1.0, "15": 1.0, "16": 1.0, "17": 1.0, "18": 1.0, "19": 1.0, "20": 1.0, "21": 1.0, "22": 1.0, "23": 1.0, "24": 1.0}, "p1": {"0": 0.0, "1": 7.399069767441862, "2": 0.0, "3": 0.0, "4": 0.0, "5": 0.0, "6": 5.399069767441858, "7": 11.583255813953485, "8": 22.48320173066521, "9": 3.933542455381289, "10": 29.999999999999996, "11": 17.533643410852715, "12": 13.577991707229135, "13": 9.53364341085271, "14": 2.1897674418604662, "15": 0.0, "16": 6.714418604651161, "17": 18.95186587344511, "18": 2.0000000000000053, "19": 26.0, "20": 9.782325581395348, "21": 35.99999999999999, "22": 18.0, "23": 0.0, "24": 0.0}, "pg": {"0": 0, "1": 5.0, "2": 10.0, "3": 12.0, "4": 12.0, "5": 10.550903190914003, "6": 5.550903190914003, "7": 6.516798269334789, "8": 11.516798269334789, "9": 12.0, "10": 12.0, "11": 12.0, "12": 12.0, "13": 12.0, "14": 12.0, "15": 12.0, "16": 12.0, "17": 9.565127095727409, "18": 12.0, "19": 12.0, "20": 12.0, "21": 12.0, "22": 12.0, "23": 12.0, "24": 12.0}, "p2": {"0": 0, "1": 0.0, "2": 0.0, "3": 0.0, "4": 0.0, "5": 0.0, "6": 0.0, "7": 0.0, "8": 0.0, "9": 0.0, "10": 0.0, "11": 0.0, "12": 0.0, "13": 0.0, "14": 0.0, "15": 0.0, "16": 0.0, "17": 0.0, "18": 0.0, "19": 0.0, "20": 0.21767441860465198, "21": 0.0, "22": 0.0, "23": 0.0, "24": 0.0}, "stor_net_i": {"0": 0, "1": -4.399069767441862, "2": -2.0, "3": -2.0, "4": -2.0, "5": -0.5509031909140027, "6": 5.050027041644139, "7": 3.899945916711726, "8": -10.0, "9": 10.06645754461871, "10": -9.999999999999996, "11": 0.46635658914728495, "12": 2.4220082927708653, "13": 0.4663565891472903, "14": 3.8102325581395338, "15": 4.0, "16": -2.7144186046511614, "17": -8.51699296917252, "18": 9.999999999999993, "19": -10.0, "20": 12.0, "21": -9.999999999999993, "22": 0.0, "23": 10.0, "24": 0.0}, "stor_level": {"0": 0, "1": 4.399069767441862, "2": 6.399069767441862, "3": 8.399069767441862, "4": 10.399069767441862, "5": 10.949972958355865, "6": 5.899945916711726, "7": 2.0, "8": 12.0, "9": 1.9335424553812892, "10": 11.933542455381286, "11": 11.467185866234, "12": 9.045177573463135, "13": 8.578820984315845, "14": 4.768588426176311, "15": 0.7685884261763114, "16": 3.4830070308274728, "17": 11.999999999999993, "18": 2.0, "19": 12.0, "20": 0.0, "21": 9.999999999999993, "22": 10.0, "23": 0.0, "24": 0.0}, "dual_con1": {"0": 0.0, "1": 0.0, "2": 0.0, "3": 0.0, "4": 0.0, "5": 0.0, "6": 0.0, "7": 0.0, "8": 0.0, "9": 0.0, "10": 0.0, "11": 0.0, "12": 0.0, "13": 0.0, "14": 0.0, "15": 0.0, "16": 0.0, "17": 0.0, "18": 0.0, "19": 0.0, "20": -2.064, "21": 0.0, "22": 0.0, "23": 0.0, "24": 0.0}, "dual_con2": {"0": 0.0, "1": -0.128, "2": -0.128, "3": -0.128, "4": -0.128, "5": -0.128, "6": -0.128, "7": -0.128, "8": -0.128, "9": -0.128, "10": -0.128, "11": -0.128, "12": -0.128, "13": -0.128, "14": -0.128, "15": -0.128, "16": -0.128, "17": -0.128, "18": -0.128, "19": -0.128, "20": -0.3, "21": -0.128, "22": -0.128, "23": -0.128, "24": -0.128}}