{"u": {"0": 0.0, "1": 1.0, "2": 1.0, "3": 1.0, "4": 1.0, "5": 1.0, "6": 1.0, "7": 1.0, "8": 1.0, "9": 1.0, "10": 1.0, "11": 1.0, "12": 1.0, "13": 1.0, "14": 1.0, "15": 1.0, "16": 1.0, "17": 1.0, "18": 1.0, "19": 1.0, "20": 1.0, "21": 1.0, "22": 1.0, "23": 1.0, "24": 1.0}, "p1": {"0": 0.0, "1": 7.399069767441862, "2": 0.0, "3": 0.0, "4": 0.0, "5": 8.0, "6": 0.0, "7": 20.0, "8": 21.999999999999996, "9": 5.399069767441859, "10": 35.12, "11": 20.27720930232558, "12": 14.556279069767443, "13": 0.0, "14": 16.000000000000004, "15": 13.999999999999998, "16": 3.9999999999999982, "17": 0.0, "18": 21.999999999999996, "19": 27.399069767441866, "20": 10.139534883720927, "21": 37.860465116279066, "22": 20.450852713178296, "23": 0.0, "24": 2.450852713178291}, "pg": {"0": 0, "1": 4.800465116279069, "2": 9.800465116279069, "3": 12.0, "4": 12.0, "5": 12.0, "6": 10.778139534883723, "7": 5.778139534883723, "8": 3.4437209302325584, "9": 8.443720930232558, "10": 6.880000000000003, "11": 11.880000000000003, "12": 10.22186046511628, "13": 5.221860465116279, "14": 9.666666666666666, "15": 4.666666666666666, "16": 9.666666666666666, "17": 12.0, "18": 10.487131782945736, "19": 5.4871317829457364, "20": 10.487131782945736, "21": 10.139534883720934, "22": 12.0, "23": 12.0, "24": 7.098294573643413}, "p2": {"0": 0, "1": 0.0, "2": 0.0, "3": 0.0, "4": 0.0, "5": 0.0, "6": 0.0, "7": 0.0, "8": 0.0, "9": 0.0, "10": 0.0, "11": 0.0, "12": 0.0, "13": 0.0, "14": 0.0, "15": 0.0, "16": 0.0, "17": 0.0, "18": 0.0, "19": 0.0, "20": 0.0, "21": 0.0, "22": 0.0, "23": 0.0, "24": 0.0}, "stor_net_i": {"0": 0, "1": -4.199534883720931, "2": -1.800465116279069, "3": -2.0, "4": -2.0, "5": -10.0, "6": 5.221860465116277, "7": -3.7781395348837226, "8": -1.4437209302325549, "9": 12.157209302325583, "10": -10.0, "11": -2.157209302325583, "12": 3.221860465116279, "13": 16.77813953488372, "14": -7.66666666666667, "15": -2.6666666666666643, "16": 2.3333333333333357, "17": 8.0, "18": -8.487131782945733, "19": -4.886201550387603, "20": 13.373333333333335, "21": -10.0, "22": -2.4508527131782962, "23": 10.0, "24": 2.4508527131782962}, "stor_level": {"0": 0, "1": 4.199534883720931, "2": 6.0, "3": 8.0, "4": 10.0, "5": 20.0, "6": 14.778139534883723, "7": 18.556279069767445, "8": 20.0, "9": 7.842790697674417, "10": 17.842790697674417, "11": 20.0, "12": 16.77813953488372, "13": 0.0, "14": 7.66666666666667, "15": 10.333333333333336, "16": 8.0, "17": 0.0, "18": 8.487131782945733, "19": 13.373333333333337, "20": 0.0, "21": 10.0, "22": 12.450852713178296, "23": 2.4508527131782962, "24": 0.0}, "dual_con1": {"0": 0.0, "1": 0.0, "2": 0.0, "3": 0.0, "4": 0.0, "5": 0.0, "6": 0.0, "7": 0.0, "8": 0.0, "9": 0.0, "10": 0.0, "11": 0.0, "12": 0.0, "13": 0.0, "14": 0.0, "15": 0.0, "16": 0.0, "17": 0.0, "18": 0.0, "19": 0.0, "20": 0.0, "21": 0.0, "22": 0.0, "23": 0.0, "24": 0.0}, "dual_con2": {"0": 0.0, "1": -0.128, "2": -0.128, "3": -0.128, "4": -0.128, "5": -0.128, "6": -0.128, "7": -0.128, "8": -0.128, "9": -0.128, "10": -0.128, "11": -0.128, "12": -0.128, "13": -0.128, "14": -0.128, "15": -0.128, "16": -0.128, "17": -0.128, "18": -0.128, "19": -0.128, "20": -0.128, "21": -0.128, "22": -0.128, "23": -0.128, "24": -0.128}}