{"u": {"0": 0, "1": 1.0, "2": 1.0, "3": 1.0, "4": 1.0, "5": 1.0, "6": 1.0, "7": 1.0, "8": 1.0, "9": 1.0, "10": 1.0, "11": 1.0, "12": 1.0, "13": 1.0, "14": 1.0, "15": 1.0, "16": 1.0, "17": 1.0, "18": 1.0, "19": 1.0, "20": 1.0, "21": 1.0, "22": 1.0, "23": 1.0, "24": 1.0}, "p1": {"0": 0, "1": 2.999999999999995, "2": 0.0, "3": 0.0, "4": 0.0, "5": 0.0, "6": 3.9999999999999982, "7": 10.0, "8": 11.999999999999996, "9": 13.999999999999998, "10": 19.999999999999996, "11": 18.00000000000002, "12": 16.000000000000014, "13": 9.999999999999998, "14": 5.9999999999999964, "15": 3.9999999999999982, "16": 3.9999999999999982, "17": 8.0, "18": 11.999999999999996, "19": 16.000000000000014, "20": 21.999999999999993, "21": 26.000000000000004, "22": 18.00000000000002, "23": 10.0, "24": 0.0}, "alpha": {"0": 0, "1": 0.6400000000000006, "2": 1.024, "3": 1.28, "4": 1.28, "5": 1.28, "6": 1.5360000000000003, "7": 1.5359999999999998, "8": 1.5360000000000005, "9": 1.5360000000000005, "10": 1.5360000000000005, "11": 1.5359999999999974, "12": 1.535999999999998, "13": 1.536, "14": 1.536000000000001, "15": 1.5360000000000005, "16": 1.5360000000000003, "17": 1.536, "18": 1.5360000000000005, "19": 1.535999999999998, "20": 1.5360000000000011, "21": 1.5359999999999996, "22": 1.5359999999999974, "23": 1.5359999999999998, "24": 1.536}}