{"u": {"0": 0, "1": 1.0, "2": 1.0, "3": 1.0, "4": 1.0, "5": 1.0, "6": 1.0, "7": 1.0, "8": 1.0, "9": 1.0, "10": 1.0, "11": 1.0, "12": 1.0, "13": 1.0, "14": 1.0, "15": 1.0, "16": 1.0, "17": 1.0, "18": 1.0, "19": 1.0, "20": 1.0, "21": 1.0, "22": 1.0, "23": 1.0, "24": 1.0}, "p1": {"0": 0, "1": 7.399069767441862, "2": 0.0, "3": 0.0, "4": 0.0, "5": 8.0, "6": 0.0, "7": 20.0, "8": 21.999999999999996, "9": 5.399069767441859, "10": 35.12, "11": 20.27720930232558, "12": 14.556279069767443, "13": -0.0, "14": 16.000000000000004, "15": 13.999999999999998, "16": 3.9999999999999982, "17": 0.0, "18": 21.999999999999996, "19": 27.399069767441866, "20": 10.139534883720927, "21": 37.860465116279066, "22": 20.450852713178296, "23": -0.0, "24": 2.450852713178291}, "alpha": {"0": 0, "1": 1.1162790697674412, "2": 1.199786666666667, "3": 0.4164266666666669, "4": 1.455786666666667, "5": 1.536, "6": 0.2406400000000001, "7": 1.536, "8": 1.536000000000001, "9": 1.116279069767442, "10": 0.0, "11": 0.8528372093023258, "12": 1.9691162790697674, "13": 1.5206400000000004, "14": 1.5359999999999991, "15": 1.5360000000000005, "16": 1.5360000000000003, "17": 0.24064000000000033, "18": 1.536000000000001, "19": 1.1162790697674412, "20": 2.0941395348837215, "21": 0.9778604651162794, "22": 0.8007441860465114, "23": 1.0990933333333335, "24": 0.8007441860465122}}