{"u": {"0": 0, "1": 1.0, "2": 1.0, "3": 1.0, "4": 1.0, "5": 1.0, "6": 1.0, "7": 1.0, "8": 1.0, "9": 1.0, "10": 1.0, "11": 1.0, "12": 1.0, "13": 1.0, "14": 1.0, "15": 1.0, "16": 1.0, "17": 1.0, "18": 1.0, "19": 1.0, "20": 1.0, "21": 1.0, "22": 1.0, "23": 1.0, "24": 1.0}, "p1": {"0": 0, "1": 7.399069767441862, "2": 0.6009302325581363, "3": 0.0, "4": 2.0930232558139537, "5": 0.0, "6": 15.86046511627907, "7": 0.0, "8": 21.999999999999996, "9": 3.9999999999999987, "10": 29.999999999999996, "11": 14.27906976744186, "12": 15.255813953488376, "13": 10.907906976744185, "14": -0.0, "15": 10.907906976744185, "16": 18.628837209302326, "17": 12.093023255813955, "18": 2.372093023255813, "19": 26.000000000000004, "20": 11.999999999999996, "21": 35.99999999999999, "22": 17.910697674418607, "23": 0.0, "24": 0.0}, "alpha": {"0": 0, "1": 1.1162790697674412, "2": 1.955720930232559, "3": 1.216, "4": 0.3080930232558139, "5": 0.0, "6": 0.977860465116279, "7": 1.8560000000000003, "8": 1.536000000000001, "9": 1.5360000000000003, "10": 1.536000000000001, "11": 2.6522790697674425, "12": 1.7592558139534875, "13": 1.2636279069767442, "14": 1.3644800000000004, "15": 1.2636279069767442, "16": 0.14734883720930236, "17": 0.30809302325581345, "18": 1.424372093023256, "19": 1.5359999999999991, "20": 1.5360000000000005, "21": 1.5360000000000014, "22": 1.562790697674418, "23": 1.5206400000000002, "24": 1.536}}