{"u": {"0": 0, "1": 1.0, "2": 1.0, "3": 1.0, "4": 1.0, "5": 1.0, "6": 1.0, "7": 1.0, "8": 1.0, "9": 1.0, "10": 1.0, "11": 1.0, "12": 1.0, "13": 1.0, "14": 1.0, "15": 1.0, "16": 1.0, "17": 1.0, "18": 1.0, "19": 1.0, "20": 1.0, "21": 1.0, "22": 1.0, "23": 1.0, "24": 1.0}, "p1": {"0": 0, "1": 1.412403100775193, "2": 0.0, "3": 0.0, "4": 0.0, "5": 0.0, "6": 1.2973931855056768, "7": 9.910697674418602, "8": 8.189767441860464, "9": 13.37488372093023, "10": 17.69613845321795, "11": 17.37488372093023, "12": 12.18976744186047, "13": 9.910697674418602, "14": 5.446187128177385, "15": 0.6771227690643595, "16": 3.446187128177394, "17": 5.023255813953488, "18": 9.023255813953487, "19": 16.000000000000004, "20": 21.999999999999996, "21": 26.0, "22": 17.524067063277446, "23": 10.475932936722552, "24": 0.0}, "alpha": {"0": 0, "1": 1.116279069767442, "2": 1.42336, "3": 1.90464, "4": 1.28, "5": 1.5729314728682173, "6": 2.3467820443482963, "7": 1.562790697674419, "8": 2.67906976744186, "9": 1.723534883720931, "10": 2.227158464034614, "11": 1.7235348837209306, "12": 2.6790697674418595, "13": 1.562790697674419, "14": 1.7021438615467839, "15": 2.532863169280692, "16": 1.7021438615467817, "17": 2.4290232558139535, "18": 2.429023255813953, "19": 1.5359999999999996, "20": 1.536000000000001, "21": 1.5360000000000005, "22": 1.6787798810167662, "23": 1.393220118983234, "24": 1.536}}