{"u": {"0": 0.0, "1": 1.0, "2": 1.0, "3": 1.0, "4": 1.0, "5": 1.0, "6": 1.0, "7": 1.0, "8": 1.0, "9": 1.0, "10": 1.0, "11": 1.0, "12": 1.0, "13": 1.0, "14": 1.0, "15": 1.0, "16": 1.0, "17": 1.0, "18": 1.0, "19": 1.0, "20": 1.0, "21": 1.0, "22": 1.0, "23": 1.0, "24": 1.0}, "p1": {"0": 0.0, "1": 1.412403100775193, "2": 0.0, "3": 0.0, "4": 0.0, "5": 0.0, "6": 1.2973931855056768, "7": 9.910697674418602, "8": 8.189767441860464, "9": 13.37488372093023, "10": 17.69613845321795, "11": 17.37488372093023, "12": 12.18976744186047, "13": 9.910697674418602, "14": 5.446187128177385, "15": 0.6771227690643595, "16": 3.446187128177394, "17": 5.023255813953488, "18": 9.023255813953487, "19": 16.000000000000004, "20": 21.999999999999996, "21": 26.0, "22": 17.524067063277446, "23": 10.475932936722552, "24": 0.0}, "pg": {"0": 0, "1": 5.0, "2": 10.0, "3": 12.0, "4": 12.0, "5": 12.0, "6": 12.0, "7": 12.0, "8": 12.0, "9": 12.0, "10": 12.0, "11": 12.0, "12": 12.0, "13": 12.0, "14": 12.0, "15": 12.0, "16": 12.0, "17": 12.0, "18": 12.0, "19": 12.0, "20": 12.0, "21": 12.0, "22": 12.0, "23": 11.524067063277448, "24": 12.0}, "p2": {"0": 0, "1": 1.587596899224807, "2": 0.0, "3": 0.0, "4": 0.0, "5": 0.0, "6": 2.702606814494324, "7": 0.08930232558139828, "8": 3.174559221200653, "9": 0.0, "10": 0.0, "11": 0.0, "12": 0.0, "13": 0.08930232558139828, "14": 8.553812871822615, "15": 1.8301784748512713, "16": 0.0, "17": 0.0, "18": 0.0, "19": 0.47593293672255044, "20": 0.0, "21": 0.0, "22": 0.0, "23": 0.0, "24": 0.0}, "stor_net_i": {"0": 0, "1": 0.0, "2": -2.0, "3": -2.0, "4": -2.0, "5": -2.0, "6": 0.0, "7": 0.0, "8": 0.6356733369388827, "9": 0.6251162790697702, "10": 2.3038615467820485, "11": 0.6251162790697684, "12": 3.81023255813953, "13": 0.0, "14": -8.0, "15": 1.4926987560843692, "16": 0.5538128718226059, "17": 2.9767441860465116, "18": 2.9767441860465134, "19": -0.475932936722554, "20": 0.0, "21": 0.0, "22": 0.475932936722554, "23": 0.0, "24": 0.0}, "stor_level": {"0": 0, "1": 0.0, "2": 2.0, "3": 4.0, "4": 6.0, "5": 8.0, "6": 8.0, "7": 8.0, "8": 7.364326663061117, "9": 6.739210383991347, "10": 4.435348837209299, "11": 3.81023255813953, "12": 0.0, "13": 0.0, "14": 8.0, "15": 6.507301243915631, "16": 5.953488372093025, "17": 2.9767441860465134, "18": 0.0, "19": 0.475932936722554, "20": 0.475932936722554, "21": 0.475932936722554, "22": 0.0, "23": 0.0, "24": 0.0}, "dual_con1": {"0": 0.0, "1": 0.0, "2": 0.0, "3": 0.0, "4": 0.0, "5": 0.0, "6": -2.064, "7": -2.064, "8": -2.064, "9": -2.064, "10": -2.064, "11": -2.064, "12": -2.064, "13": -2.064, "14": -2.064, "15": -2.064, "16": -2.064, "17": -2.064, "18": -2.064, "19": -2.064, "20": -2.064, "21": -2.064, "22": -2.064, "23": 0.0, "24": 0.0}, "dual_con2": {"0": 0.0, "1": -0.3, "2": -0.128, "3": -0.128, "4": -0.128, "5": -0.128, "6": -0.3, "7": -0.3, "8": -0.3, "9": -0.3, "10": -0.3, "11": -0.3, "12": -0.3, "13": -0.3, "14": -0.3, "15": -0.3, "16": -0.3, "17": -0.3, "18": -0.3, "19": -0.3, "20": -0.3, "21": -0.3, "22": -0.3, "23": -0.128, "24": -0.128}}