{"u": {"0": 0.0, "1": 1.0, "2": 1.0, "3": 1.0, "4": 1.0, "5": 1.0, "6": 1.0, "7": 1.0, "8": 1.0, "9": 1.0, "10": 1.0, "11": 1.0, "12": 1.0, "13": 1.0, "14": 1.0, "15": 1.0, "16": 1.0, "17": 1.0, "18": 1.0, "19": 1.0, "20": 1.0, "21": 1.0, "22": 1.0, "23": 1.0, "24": 1.0}, "p1": {"0": 0.0, "1": 7.399069767441862, "2": 0.6009302325581363, "3": 0.0, "4": 2.0930232558139537, "5": 0.0, "6": 15.86046511627907, "7": 0.0, "8": 21.999999999999996, "9": 3.9999999999999987, "10": 29.999999999999996, "11": 14.27906976744186, "12": 15.255813953488376, "13": 10.907906976744185, "14": 0.0, "15": 10.907906976744185, "16": 18.628837209302326, "17": 12.093023255813955, "18": 2.372093023255813, "19": 26.000000000000004, "20": 11.999999999999996, "21": 35.99999999999999, "22": 17.910697674418607, "23": 0.0, "24": 0.0}, "pg": {"0": 0, "1": 5.0, "2": 10.0, "3": 10.635658914728685, "4": 5.635658914728685, "5": 10.635658914728685, "6": 10.13953488372093, "7": 12.0, "8": 12.0, "9": 12.0, "10": 12.0, "11": 12.0, "12": 12.0, "13": 12.0, "14": 12.0, "15": 8.510232558139535, "16": 3.510232558139535, "17": 4.312093023255815, "18": 9.312093023255816, "19": 12.0, "20": 12.0, "21": 12.0, "22": 12.0, "23": 12.0, "24": 12.0}, "p2": {"0": 0, "1": 0.0, "2": 0.0, "3": 0.0, "4": 0.0, "5": 0.0, "6": 0.0, "7": 0.0, "8": 0.0, "9": 0.0, "10": 0.0, "11": 0.0, "12": 0.0, "13": 0.0, "14": 0.0, "15": 0.0, "16": 0.0, "17": 0.0, "18": 0.0, "19": 0.0, "20": 0.0, "21": 0.0, "22": 0.0, "23": 0.0, "24": 0.0}, "stor_net_i": {"0": 0, "1": -4.399069767441862, "2": -2.6009302325581363, "3": -0.6356589147286851, "4": 2.2713178294573613, "5": -0.6356589147286851, "6": -10.0, "7": 10.0, "8": -9.999999999999996, "9": 10.0, "10": -9.999999999999996, "11": 3.720930232558141, "12": 0.7441860465116239, "13": -0.9079069767441847, "14": 6.0, "15": -3.4181395348837196, "16": -6.13906976744186, "17": 3.5948837209302305, "18": 12.31581395348837, "19": -10.000000000000004, "20": 10.000000000000004, "21": -9.999999999999993, "22": 0.08930232558139295, "23": 10.0, "24": 0.0}, "stor_level": {"0": 0, "1": 4.399069767441862, "2": 6.999999999999998, "3": 7.635658914728683, "4": 5.364341085271322, "5": 6.000000000000007, "6": 16.000000000000007, "7": 6.000000000000007, "8": 16.000000000000004, "9": 6.0000000000000036, "10": 16.0, "11": 12.27906976744186, "12": 11.534883720930235, "13": 12.44279069767442, "14": 6.44279069767442, "15": 9.86093023255814, "16": 16.0, "17": 12.40511627906977, "18": 0.08930232558140005, "19": 10.089302325581404, "20": 0.08930232558140005, "21": 10.089302325581393, "22": 10.0, "23": 0.0, "24": 0.0}, "dual_con1": {"0": 0.0, "1": 0.0, "2": 0.0, "3": 0.0, "4": 0.0, "5": 0.0, "6": 0.0, "7": 0.0, "8": 0.0, "9": 0.0, "10": 0.0, "11": 0.0, "12": 0.0, "13": 0.0, "14": 0.0, "15": 0.0, "16": 0.0, "17": 0.0, "18": 0.0, "19": 0.0, "20": 0.0, "21": 0.0, "22": 0.0, "23": 0.0, "24": 0.0}, "dual_con2": {"0": 0.0, "1": -0.128, "2": -0.128, "3": -0.128, "4": -0.128, "5": -0.128, "6": -0.128, "7": -0.128, "8": -0.128, "9": -0.128, "10": -0.128, "11": -0.128, "12": -0.128, "13": -0.128, "14": -0.128, "15": -0.128, "16": -0.128, "17": -0.128, "18": -0.128, "19": -0.128, "20": -0.128, "21": -0.128, "22": -0.128, "23": -0.128, "24": -0.128}}