{"u": {"0": 0, "1": 1.0, "2": 1.0, "3": 1.0, "4": 1.0, "5": 1.0, "6": 1.0, "7": 1.0, "8": 1.0, "9": 1.0, "10": 1.0, "11": 1.0, "12": 1.0, "13": 1.0, "14": 1.0, "15": 1.0, "16": 1.0, "17": 1.0, "18": 1.0, "19": 1.0, "20": 1.0, "21": 1.0, "22": 1.0, "23": 1.0, "24": 1.0}, "p1": {"0": 0, "1": 0.6409936701679912, "2": 0.0, "3": 0.0, "4": 0.0, "5": 0.0, "6": 2.319617548509278, "7": 9.757144773310134, "8": 38.368618251066884, "9": -0.0, "10": 10.979098191756005, "11": 22.519864201852027, "12": 16.880099175079295, "13": 22.322520053073355, "14": 19.711257605888367, "15": 9.052330000725522, "16": 0.0, "17": 17.319312216162, "18": 6.303330599030154, "19": 15.93800630046612, "20": 21.93344058356026, "21": 23.535805130892676, "22": 17.030700200615097, "23": 10.536593081491318, "24": 0.0}, "alpha": {"0": 0, "1": 1.127001715809633, "2": 1.180651358637545, "3": 1.2343142245139593, "4": 1.4043241536161697, "5": 1.4736508722806243, "6": 1.7166529075490589, "7": 1.8993973156411468, "8": 1.7423201798908128, "9": 1.5359999999999998, "10": 1.6358731963391897, "11": 1.3151802080490862, "12": 1.4902877431398203, "13": 1.507460082064556, "14": 1.2554670663625775, "15": 1.4677232479202427, "16": 1.346092261335122, "17": 1.6052227472261151, "18": 2.332490010674485, "19": 1.1887428213882385, "20": 1.285040369153281, "21": 2.0810035632144177, "22": 1.730949619096649, "23": 1.6338795645538793, "24": 1.3902279563742583}}