{"u": {"0": 0.0, "1": 1.0, "2": 1.0, "3": 1.0, "4": 1.0, "5": 1.0, "6": 1.0, "7": 1.0, "8": 1.0, "9": 1.0, "10": 1.0, "11": 1.0, "12": 1.0, "13": 1.0, "14": 1.0, "15": 1.0, "16": 1.0, "17": 1.0, "18": 1.0, "19": 1.0, "20": 1.0, "21": 1.0, "22": 1.0, "23": 1.0, "24": 1.0}, "p1": {"0": 0.0, "1": 0.6409936701679912, "2": 0.0, "3": 0.0, "4": 0.0, "5": 0.0, "6": 2.319617548509278, "7": 9.757144773310134, "8": 38.368618251066884, "9": 0.0, "10": 10.979098191756005, "11": 22.519864201852027, "12": 16.880099175079295, "13": 22.322520053073355, "14": 19.711257605888367, "15": 9.052330000725522, "16": 0.0, "17": 17.319312216162, "18": 6.303330599030154, "19": 15.93800630046612, "20": 21.93344058356026, "21": 23.535805130892676, "22": 17.030700200615097, "23": 10.536593081491318, "24": 0.0}, "pg": {"0": 0, "1": 5.0, "2": 7.0, "3": 12.0, "4": 9.644780084860244, "5": 12.0, "6": 12.0, "7": 12.0, "8": 12.0, "9": 12.0, "10": 12.0, "11": 12.0, "12": 7.651334059157993, "13": 2.6513340591579926, "14": 7.0, "15": 12.0, "16": 12.0, "17": 12.0, "18": 12.0, "19": 10.458348055506326, "20": 12.0, "21": 12.0, "22": 12.0, "23": 10.80053801945899, "24": 5.80053801945899}, "p2": {"0": 0, "1": 2.632136302554424, "2": 0.0, "3": 0.0, "4": 0.0, "5": 0.0, "6": 0.0, "7": 0.0, "8": 0.0, "9": 0.0, "10": 0.0, "11": 0.0, "12": 0.0, "13": 0.0, "14": 0.0, "15": 0.0, "16": 0.0, "17": 0.0, "18": 2.660685707588513, "19": 0.0, "20": 0.0, "21": 1.5712506619276283, "22": 0.0, "23": 0.0, "24": 0.0}, "stor_net_i": {"battery": {"0": null, "1": 0.0, "2": -2.8352179154755746, "3": 0.9661168005718732, "4": 0.13491579277947174, "5": -3.2658146778757704, "6": 2.166227207060924, "7": 2.0912238619613817, "8": -0.20068729681133135, "9": 0.9432362277890256, "10": 0.0, "11": 0.0, "12": -5.0, "13": 5.0, "14": 0.0, "15": -3.5301255690875166, "16": -1.4698744309124834, "17": 0.0, "18": 5.0, "19": -3.5689171175133403, "20": -1.4310828824866597, "21": 5.0, "22": -1.5334154870371535, "23": -1.5534177532081817, "24": 3.086833240245335}, "ev_1": {"0": 0, "1": 0, "2": 0, "3": 0, "4": 0, "5": 0, "6": 0, "7": 0, "8": -11.0, "9": 7.443588597079977, "10": 7.3564114029200205, "11": 0.0, "12": -0.5128323585152046, "13": 0.5128323585152046, "14": -8.631644086433912, "15": 8.631644086433912, "16": -4.2, "17": -11.0, "18": 0, "19": 0, "20": 0, "21": 0, "22": 0, "23": 0, "24": 0}, "ev_2": {"0": 0, "1": 0, "2": 0, "3": 0, "4": 0, "5": 0, "6": 0, "7": 0, "8": -11.0, "9": -8.000000000000004, "10": 11.0, "11": 4.978075271473063, "12": 6.8219247285269375, "13": -9.90293010136688, "14": -11.0, "15": 1.0800280340510362, "16": 11.0, "17": -6.377097932684155, "18": 0, "19": 0, "20": 0, "21": 0, "22": 0, "23": 0, "24": 0}, "ev_3": {"0": 0, "1": 0, "2": 0, "3": 0, "4": 0, "5": 0, "6": 0, "7": 0, "8": -7.895184260306792, "9": 11.0, "10": -11.0, "11": -11.0, "12": -0.1048157396932119, "13": 0.0, "14": 11.0, "15": -11.0, "16": 0.0, "17": 7.600000000000001, "18": 0, "19": 0, "20": 0, "21": 0, "22": 0, "23": 0, "24": 0}}, "stor_level": {"battery": {"0": 0, "1": 0.0, "2": 2.8352179154755746, "3": 1.8691011149037013, "4": 1.7341853221242296, "5": 5.0, "6": 2.833772792939076, "7": 0.7425489309776943, "8": 0.9432362277890256, "9": 0.0, "10": 0.0, "11": 0.0, "12": 5.0, "13": 0.0, "14": 0.0, "15": 3.5301255690875166, "16": 5.0, "17": 5.0, "18": 0.0, "19": 3.5689171175133403, "20": 5.0, "21": 0.0, "22": 1.5334154870371535, "23": 3.086833240245335, "24": 0.0}, "ev_1": {"0": 0, "1": 0, "2": 0, "3": 0, "4": 0, "5": 0, "6": 0, "7": 0, "8": 22.4, "9": 14.956411402920022, "10": 7.6000000000000005, "11": 7.6000000000000005, "12": 8.112832358515206, "13": 7.6000000000000005, "14": 16.231644086433914, "15": 7.6000000000000005, "16": 11.8, "17": 22.8, "18": 0, "19": 0, "20": 0, "21": 0, "22": 0, "23": 0, "24": 0}, "ev_2": {"0": 0, "1": 0, "2": 0, "3": 0, "4": 0, "5": 0, "6": 0, "7": 0, "8": 22.4, "9": 30.400000000000002, "10": 19.400000000000002, "11": 14.421924728526939, "12": 7.6000000000000005, "13": 17.502930101366882, "14": 28.502930101366882, "15": 27.422902067315846, "16": 16.422902067315846, "17": 22.8, "18": 0, "19": 0, "20": 0, "21": 0, "22": 0, "23": 0, "24": 0}, "ev_3": {"0": 0, "1": 0, "2": 0, "3": 0, "4": 0, "5": 0, "6": 0, "7": 0, "8": 19.29518426030679, "9": 8.29518426030679, "10": 19.29518426030679, "11": 30.29518426030679, "12": 30.400000000000002, "13": 30.400000000000002, "14": 19.400000000000002, "15": 30.400000000000002, "16": 30.400000000000002, "17": 22.8, "18": 0, "19": 0, "20": 0, "21": 0, "22": 0, "23": 0, "24": 0}}, "dual_con1": {"0": 0.0, "1": 0.0, "2": 0.0, "3": 0.0, "4": 0.0, "5": 0.0, "6": 0.0, "7": 0.0, "8": 0.0, "9": 0.0, "10": 0.0, "11": 0.0, "12": 0.0, "13": 0.0, "14": 0.0, "15": 0.0, "16": 0.0, "17": 0.0, "18": -2.064, "19": 0.0, "20": 0.0, "21": -2.064, "22": 0.0, "23": 0.0, "24": 0.0}, "dual_con2": {"0": 0.0, "1": -0.3, "2": -0.128, "3": -0.128, "4": -0.128, "5": -0.128, "6": -0.128, "7": -0.128, "8": -0.128, "9": -0.128, "10": -0.128, "11": -0.128, "12": -0.128, "13": -0.128, "14": -0.128, "15": -0.128, "16": -0.128, "17": -0.128, "18": -0.3, "19": -0.128, "20": -0.128, "21": -0.3, "22": -0.128, "23": -0.128, "24": -0.128}}