{"u": {"0": 0.0, "1": 1.0, "2": 1.0, "3": 1.0, "4": 1.0, "5": 1.0, "6": 1.0, "7": 1.0, "8": 1.0, "9": 1.0, "10": 1.0, "11": 1.0, "12": 1.0, "13": 1.0, "14": 1.0, "15": 1.0, "16": 1.0, "17": 1.0, "18": 1.0, "19": 1.0, "20": 1.0, "21": 1.0, "22": 1.0, "23": 1.0, "24": 1.0}, "p1": {"0": 0.0, "1": 0.7025324937076354, "2": 0.0, "3": 0.0, "4": 0.0, "5": 0.0, "6": 3.1882840670629324, "7": 9.275890122070114, "8": 11.224044608730818, "9": 13.14260489064056, "10": 20.70322198756141, "11": 17.128244317278778, "12": 14.859421838332505, "13": 9.583511626335124, "14": 4.8901773542512785, "15": 4.559165226559134, "16": 3.4412571503527243, "17": 7.943443578372609, "18": 11.071036591587976, "19": 15.907544750507524, "20": 21.048151292829317, "21": 25.1733205067654, "22": 17.728063472501276, "23": 10.095196242452428, "24": 0.3976151131335435}, "pg": {"0": 0, "1": 5.0, "2": 5.325724794959083, "3": 9.789296197539613, "4": 10.669394185142407, "5": 12.0, "6": 12.0, "7": 12.0, "8": 12.0, "9": 12.0, "10": 12.0, "11": 12.0, "12": 12.0, "13": 8.532093249352116, "14": 11.363664295550853, "15": 12.0, "16": 12.0, "17": 12.0, "18": 12.0, "19": 10.599268284393608, "20": 12.0, "21": 12.0, "22": 12.0, "23": 12.0, "24": 12.0}, "p2": {"0": 0, "1": 3.9857545629291815, "2": 0.0, "3": 0.0, "4": 0.0, "5": 0.0, "6": 2.950624926904835, "7": 2.3100886209118823, "8": 0.9729843172004067, "9": 2.939420745061417, "10": 0.8591158340911811, "11": 6.360801951803005, "12": 1.9093390986105092, "13": 0.0, "14": 0.0, "15": 0.0, "16": 4.37772063737804, "17": 3.475685486697646, "18": 1.3096434408530158, "19": 0.0, "20": 1.853148189457741, "21": 0.22216811684281446, "22": 0.0, "23": 0.0, "24": 0.0}, "stor_net_i": {"battery": {"0": 0, "1": 0.0, "2": 0.0, "3": 0.0, "4": -1.314484978172004, "5": -3.685515021827996, "6": 0.0, "7": 0.0, "8": 0.0, "9": 0.0, "10": 5.0, "11": 0.0, "12": 0.0, "13": 0.0, "14": -1.1979316333192784, "15": -3.8020683666807216, "16": 0.0, "17": 0.0, "18": 5.0, "19": -5.0, "20": 5.0, "21": -2.900691112560663, "22": -1.3637860372396133, "23": 1.8699128368287816, "24": 2.394564312971495}}, "stor_level": {"battery": {"0": 0, "1": 0.0, "2": 0.0, "3": 0.0, "4": 1.314484978172004, "5": 5.0, "6": 5.0, "7": 5.0, "8": 5.0, "9": 5.0, "10": 0.0, "11": 0.0, "12": 0.0, "13": 0.0, "14": 1.1979316333192784, "15": 5.0, "16": 5.0, "17": 5.0, "18": 0.0, "19": 5.0, "20": 0.0, "21": 2.900691112560663, "22": 4.2644771498002765, "23": 2.394564312971495, "24": 0.0}}, "dual_con1": {"0": 0.0, "1": 0.0, "2": 0.0, "3": 0.0, "4": 0.0, "5": 0.0, "6": -2.064, "7": -2.064, "8": -2.064, "9": -2.064, "10": -2.064, "11": -2.064, "12": -2.064, "13": 0.0, "14": 0.0, "15": 0.0, "16": -2.064, "17": -2.064, "18": -2.064, "19": 0.0, "20": -2.064, "21": -2.064, "22": -2.064, "23": -2.064, "24": -2.064}, "dual_con2": {"0": 0.0, "1": -0.3, "2": -0.128, "3": -0.128, "4": -0.128, "5": -0.128, "6": -0.3, "7": -0.3, "8": -0.3, "9": -0.3, "10": -0.3, "11": -0.3, "12": -0.3, "13": -0.128, "14": -0.128, "15": -0.128, "16": -0.3, "17": -0.3, "18": -0.3, "19": -0.128, "20": -0.3, "21": -0.3, "22": -0.3, "23": -0.3, "24": -0.3}}