stor_level,time,iterations
4,6.65758204460144,7
TOTAL,6.66829514503479,0
