stor_level,time,iterations
4,8.107361078262329,7
TOTAL,8.12627911567688,0
