stor_level,time,iterations
4,2.4598143100738525,7
TOTAL,2.46708083152771,0
