stor_level,time,iterations
4,6.425069093704224,7
TOTAL,6.430974245071411,0
