stor_level,time,iterations
4,100.55991339683533,10
TOTAL,100.61814880371094,0
