stor_level,time,iterations
4,91.33030390739441,10
TOTAL,91.37252807617188,0
