stor_level,time,iterations
4,78.04277396202087,10
TOTAL,78.0493266582489,0
