{"u": {"0": 0, "1": 1.0, "2": 1.0, "3": 1.0, "4": 1.0, "5": 1.0, "6": 1.0, "7": 1.0, "8": 1.0, "9": 1.0, "10": 1.0, "11": 1.0, "12": 1.0, "13": 1.0, "14": 1.0, "15": 1.0, "16": 1.0, "17": 1.0, "18": 1.0, "19": 1.0, "20": 1.0, "21": 1.0, "22": 1.0, "23": 1.0, "24": 1.0}, "p1": {"0": 0, "1": 0.0, "2": 0.0, "3": 0.0, "4": 0.0, "5": 0.0, "6": 2.78645990511874, "7": 8.36756601524718, "8": 10.108225132053413, "9": 12.92035210508216, "10": 18.16606596787079, "11": 16.294297802496267, "12": 14.101958104419536, "13": 8.40948635753185, "14": 4.580724665190146, "15": 2.8266571237220632, "16": 2.1301466275127265, "17": 7.1021438472250065, "18": 10.474239035192456, "19": 14.037222002561121, "20": 19.993581340486415, "21": 24.016476255202814, "22": 15.893200672657983, "23": 8.971309514433738, "24": 0.0}, "alpha": {"0": 0, "1": 0.9891463821423698, "2": 1.0249097575566837, "3": 1.3002998676279103, "4": 1.2969391216468944, "5": 1.2867242895674202, "6": 1.9805931611307437, "7": 2.0994653466861624, "8": 2.0509709042460273, "9": 2.0872783009347615, "10": 2.0509053405587174, "11": 2.1307657868040764, "12": 2.1533428661396217, "13": 2.144418009069156, "14": 1.9707407729302435, "15": 1.8952598193012653, "16": 2.0780126295404258, "17": 1.9486813027293508, "18": 2.116033373262186, "19": 2.1212556197767554, "20": 2.220573788438651, "21": 2.2348101705072327, "22": 2.249246842317103, "23": 1.9818742178257927, "24": 1.6556746420008017}}