charge_target,time,iterations
0.8,1010.8947138786316,4
TOTAL,1010.9108271598816,0
