{"u": {"0": 0, "1": 1.0, "2": 1.0, "3": 1.0, "4": 1.0, "5": 1.0, "6": 1.0, "7": 1.0, "8": 1.0, "9": 1.0, "10": 1.0, "11": 1.0, "12": 1.0, "13": 1.0, "14": 1.0, "15": 1.0, "16": 1.0, "17": 1.0, "18": 1.0, "19": 1.0, "20": 1.0, "21": 1.0, "22": 1.0, "23": 1.0, "24": 1.0}, "p1": {"0": 0, "1": 2.426732880425245, "2": 3.597566456066481, "3": 0.0, "4": 0.0, "5": 3.4514410560538185, "6": 10.088978106629579, "7": 7.563269890262975, "8": 12.13083921581298, "9": 13.421553790633192, "10": 18.921168692140075, "11": 16.888883126411546, "12": 3.966727584673734, "13": 9.10158033350283, "14": 17.339189868737886, "15": 8.840472699339447, "16": 7.417290874156347, "17": 6.097075443258719, "18": 4.959400372766833, "19": 2.507636213753484, "20": 9.50957347153027, "21": 17.731680527583574, "22": 27.9416810441353, "23": 19.732366251311973, "24": 8.530179403440656}, "alpha": {"0": 0, "1": 1.0709253595929407, "2": 1.7323624033049176, "3": 1.9402069501963575, "4": 1.614780321872872, "5": 2.2333612694156892, "6": 1.967694445644801, "7": 1.850979032921435, "8": 1.6483382352565519, "9": 1.8894438628105459, "10": 1.9317693923585826, "11": 1.8730850620770823, "12": 1.923591724598111, "13": 1.8846958999494818, "14": 1.5394830393792662, "15": 0.8589124458421673, "16": 1.0602850251812201, "17": 1.6463017894913865, "18": 2.086409888170243, "19": 2.3001791358741306, "20": 2.244942841975336, "21": 1.6851923814089216, "22": 1.7597036867602212, "23": 1.6572521246070675, "24": 1.7596561789681509}}