{"u": {"0": 0, "1": 1.0, "2": 1.0, "3": 1.0, "4": 1.0, "5": 1.0, "6": 1.0, "7": 1.0, "8": 1.0, "9": 1.0, "10": 1.0, "11": 1.0, "12": 1.0, "13": 1.0, "14": 1.0, "15": 1.0, "16": 1.0, "17": 1.0, "18": 1.0, "19": 1.0, "20": 1.0, "21": 1.0, "22": 1.0, "23": 1.0, "24": 1.0}, "p1": {"0": 0, "1": 4.173379424093273, "2": 5.6410452835586185, "3": 0.0, "4": 0.0, "5": 0.8859170210496607, "6": 9.697338666373618, "7": 7.377555100203214, "8": 12.075499494068525, "9": 14.05254147772056, "10": 19.737590134631795, "11": 17.697037785707266, "12": 7.763024924492175, "13": 9.147072697497762, "14": 13.066878303811828, "15": 6.303654502408607, "16": 5.089414762048175, "17": 5.015007613458472, "18": 4.439429654501815, "19": 2.3240507963417625, "20": 9.234305289055229, "21": 18.13385996428653, "22": 25.66262916424634, "23": 20.416720842021512, "24": 5.5596030932100255}, "alpha": {"0": 0, "1": 1.060946081961072, "2": 1.4961097822134248, "3": 2.0214109646107574, "4": 1.5935021522873483, "5": 2.17794315414873, "6": 1.8887284448554538, "7": 1.8579434699393613, "8": 1.6207501517798861, "9": 1.6612675566843518, "10": 1.6866929596110798, "11": 1.6454886642883886, "12": 1.735252522652687, "13": 1.8720681907509982, "14": 1.8698765088569347, "15": 1.3018992861454075, "16": 1.4843708129401854, "17": 1.9053337159627053, "18": 2.2092811036497295, "19": 2.3080947610976508, "20": 2.3072176536502256, "21": 1.6025595917284219, "22": 1.9282832507268783, "23": 1.6856817473942316, "24": 1.8550730720372621}}