{"u": {"0": 0, "1": 1.0, "2": 1.0, "3": 1.0, "4": 1.0, "5": 1.0, "6": 1.0, "7": 1.0, "8": 1.0, "9": 1.0, "10": 1.0, "11": 1.0, "12": 1.0, "13": 1.0, "14": 1.0, "15": 1.0, "16": 1.0, "17": 1.0, "18": 1.0, "19": 1.0, "20": 1.0, "21": 1.0, "22": 1.0, "23": 1.0, "24": 1.0}, "p1": {"0": 0, "1": 6.479233176997713, "2": 6.444168485006557, "3": 0.0, "4": 0.0, "5": 0.0, "6": 10.457324021609205, "7": 7.884891724381886, "8": 11.75844652263874, "9": 13.101669169654052, "10": 18.59494164263996, "11": 16.479234731190648, "12": 3.3792671122351763, "13": 8.562480185380563, "14": 17.555831273829455, "15": 8.532262059465875, "16": 7.944942152951903, "17": 6.680680226606658, "18": 10.154020267330187, "19": 2.1034088958521693, "20": 10.356273826192432, "21": 20.714484724166542, "22": 27.859068963465234, "23": 19.193600561949626, "24": 11.836893703755605}, "alpha": {"0": 0, "1": 1.0722334472090664, "2": 1.6636887898843187, "3": 2.192034893266774, "4": 1.4595497788954965, "5": 1.7750086809756729, "6": 1.8466165574190472, "7": 1.7547324826857693, "8": 1.7650660432088123, "9": 1.9867892491042805, "10": 2.0306575072086077, "11": 1.9936695806433433, "12": 2.0506898663296673, "13": 2.053025944386148, "14": 1.5452606178517923, "15": 0.8875487952373632, "16": 0.9241205964100108, "17": 1.4743760300783366, "18": 2.0031239198013138, "19": 2.3736273312445237, "20": 2.0803864693285457, "21": 1.2800047260898466, "22": 1.8831693109612417, "23": 2.0857498314157734, "24": 1.2684318888737633}}