{"u": {"0": 0.0, "1": 1.0, "2": 1.0, "3": 1.0, "4": 1.0, "5": 1.0, "6": 1.0, "7": 1.0, "8": 1.0, "9": 1.0, "10": 1.0, "11": 1.0, "12": 1.0, "13": 1.0, "14": 1.0, "15": 1.0, "16": 1.0, "17": 1.0, "18": 1.0, "19": 1.0, "20": 1.0, "21": 1.0, "22": 1.0, "23": 1.0, "24": 1.0}, "p1": {"0": 0.0, "1": 7.833955766098125, "2": 7.255842121759381, "3": 1.82982213872857, "4": 0.0, "5": 0.0, "6": 7.570078000148108, "7": 5.215601624311185, "8": 15.834367848760158, "9": 9.573110871835405, "10": 23.824686823879937, "11": 13.796719063482435, "12": 19.852075998395566, "13": 5.29438255163765, "14": 9.560839428739879, "15": 0.0, "16": 7.521654904423697, "17": 0.5613589270575225, "18": 13.56656600304184, "19": 8.65498160692771, "20": 22.44659678911214, "21": 16.89553161947158, "22": 19.1507083748737, "23": 2.386642238003125, "24": 4.2334710937659565}, "pg": {"0": 0, "1": 5.0, "2": 9.764201207390332, "3": 12.0, "4": 12.0, "5": 12.0, "6": 12.0, "7": 12.0, "8": 12.0, "9": 12.0, "10": 8.748497654547675, "11": 3.748497654547675, "12": 7.0, "13": 12.0, "14": 12.0, "15": 12.0, "16": 12.0, "17": 12.0, "18": 8.263895936308268, "19": 12.0, "20": 12.0, "21": 12.0, "22": 12.0, "23": 12.0, "24": 12.0}, "p2": {"0": 0, "1": 0.0, "2": 0.0, "3": 0.0, "4": 0.0, "5": 0.0, "6": 0.0, "7": 0.0, "8": 0.0, "9": 0.0, "10": 0.0, "11": 0.0, "12": 0.0, "13": 0.0, "14": 0.0, "15": 0.0, "16": 0.0, "17": 0.0, "18": 0.0, "19": 0.0, "20": 0.0, "21": 0.0, "22": 0.0, "23": 0.0, "24": 0.0}, "stor_net_i": {"battery": {"0": 0, "1": 0.0, "2": 0.0, "3": 0.0, "4": 0.0, "5": 0.0, "6": -1.1180908055766867, "7": -3.8819091944233133, "8": 0.0, "9": 0.0, "10": 5.0, "11": 0.0, "12": 0.0, "13": 0.0, "14": 0.0, "15": 0.0, "16": 0.0, "17": -5.0, "18": 0.0, "19": 0.0, "20": 5.0, "21": 0.0, "22": -5.0, "23": 0.5610500102388922, "24": 4.438949989761108}, "ev": {"0": 0, "1": -7.2633505152560875, "2": -7.471938498531955, "3": -4.640694531440966, "4": -3.843013490872284, "5": -2.6762268470556574, "6": -4.504776116843045, "7": 11.0, "8": -2.659631936655485, "9": 6.953094313438633, "10": -9.53748076832233, "11": 7.948777070256348, "12": -2.0911003785318023, "13": -1.320277929696747, "14": -10.293380370488617, "15": 8.100419883448172, "16": -5.91213065755119, "17": 9.157684764365584, "18": 0.4109333920706675, "19": 4.693141513285308, "20": -4.05007679394706, "21": 3.8061223656634944, "22": 2.731337374684344, "23": 11.0, "24": -10.937431842019318}}, "stor_level": {"battery": {"0": 0, "1": 0.0, "2": 0.0, "3": 0.0, "4": 0.0, "5": 0.0, "6": 1.1180908055766867, "7": 5.0, "8": 5.0, "9": 5.0, "10": 0.0, "11": 0.0, "12": 0.0, "13": 0.0, "14": 0.0, "15": 0.0, "16": 0.0, "17": 5.0, "18": 5.0, "19": 5.0, "20": 0.0, "21": 0.0, "22": 5.0, "23": 4.438949989761108, "24": 0.0}, "ev": {"0": 7.6000000000000005, "1": 14.863350515256087, "2": 22.335289013788042, "3": 26.97598354522901, "4": 30.818997036101294, "5": 33.49522388315695, "6": 38.0, "7": 27.0, "8": 29.659631936655487, "9": 22.706537623216853, "10": 32.244018391539186, "11": 24.295241321282834, "12": 26.386341699814636, "13": 27.706619629511383, "14": 38.0, "15": 29.899580116551828, "16": 35.81171077410302, "17": 26.654026009737436, "18": 26.24309261766677, "19": 21.54995110438146, "20": 25.60002789832852, "21": 21.793905532665026, "22": 19.06256815798068, "23": 8.062568157980682, "24": 19.0}}, "dual_con1": {"0": 0.0, "1": 0.0, "2": 0.0, "3": 0.0, "4": 0.0, "5": 0.0, "6": 0.0, "7": 0.0, "8": 0.0, "9": 0.0, "10": 0.0, "11": 0.0, "12": 0.0, "13": 0.0, "14": 0.0, "15": 0.0, "16": 0.0, "17": 0.0, "18": 0.0, "19": 0.0, "20": 0.0, "21": 0.0, "22": 0.0, "23": 0.0, "24": 0.0}, "dual_con2": {"0": 0.0, "1": -0.128, "2": -0.128, "3": -0.128, "4": -0.128, "5": -0.128, "6": -0.128, "7": -0.128, "8": -0.128, "9": -0.128, "10": -0.128, "11": -0.128, "12": -0.128, "13": -0.128, "14": -0.128, "15": -0.128, "16": -0.128, "17": -0.128, "18": -0.128, "19": -0.128, "20": -0.128, "21": -0.128, "22": -0.128, "23": -0.128, "24": -0.128}}