{"u": {"0": 0.0, "1": 1.0, "2": 1.0, "3": 1.0, "4": 1.0, "5": 1.0, "6": 1.0, "7": 1.0, "8": 1.0, "9": 1.0, "10": 1.0, "11": 1.0, "12": 1.0, "13": 1.0, "14": 1.0, "15": 1.0, "16": 1.0, "17": 1.0, "18": 1.0, "19": 1.0, "20": 1.0, "21": 1.0, "22": 1.0, "23": 1.0, "24": 1.0}, "p1": {"0": 0.0, "1": 6.479233176997713, "2": 6.444168485006557, "3": 0.0, "4": 0.0, "5": 0.0, "6": 10.457324021609205, "7": 7.884891724381886, "8": 11.75844652263874, "9": 13.101669169654052, "10": 18.59494164263996, "11": 16.479234731190648, "12": 3.3792671122351763, "13": 8.562480185380563, "14": 17.555831273829455, "15": 8.532262059465875, "16": 7.944942152951903, "17": 6.680680226606658, "18": 10.154020267330187, "19": 2.1034088958521693, "20": 10.356273826192432, "21": 20.714484724166542, "22": 27.859068963465234, "23": 19.193600561949626, "24": 11.836893703755605}, "pg": {"0": 0, "1": 5.0, "2": 10.0, "3": 12.0, "4": 12.0, "5": 12.0, "6": 12.0, "7": 12.0, "8": 7.350619748886744, "9": 2.3506197488867437, "10": 7.0, "11": 12.0, "12": 12.0, "13": 12.0, "14": 9.711627784421808, "15": 12.0, "16": 12.0, "17": 12.0, "18": 12.0, "19": 12.0, "20": 12.0, "21": 12.0, "22": 12.0, "23": 12.0, "24": 8.898095537752143}, "p2": {"0": 0, "1": 0.0, "2": 0.0, "3": 0.0, "4": 0.0, "5": 0.0, "6": 0.0, "7": 0.0, "8": 0.0, "9": 0.0, "10": 0.0, "11": 0.0, "12": 0.0, "13": 0.0, "14": 0.0, "15": 0.0, "16": 0.0, "17": 0.0, "18": 0.0, "19": 0.0, "20": 0.0, "21": 0.0, "22": 0.0, "23": 0.0, "24": 0.0}, "stor_net_i": {"battery": {"0": 0, "1": 0.0, "2": 0.0, "3": 0.0, "4": 0.0, "5": 0.0, "6": -5.0, "7": 0.0, "8": 2.9260837332667577, "9": 2.0739162667332423, "10": -5.0, "11": 0.0, "12": 0.0, "13": 5.0, "14": -5.0, "15": 5.0, "16": 0.0, "17": 0.0, "18": -5.0, "19": 0.24471422436084822, "20": 2.040246168972647, "21": -2.2849603933334954, "22": 0.0, "23": 5.0, "24": 0.0}, "ev": {"0": 0, "1": -5.908627926155676, "2": -6.896063654388799, "3": -2.8108723927123958, "4": -3.843013490872284, "5": -2.6762268470556574, "6": -3.510112943880829, "7": 4.448800705505988, "8": 3.13958590731243, "9": 11.0, "10": 7.440762067465322, "11": -2.9852409429041877, "12": 9.381708507628588, "13": -9.58837556343966, "14": -11.0, "15": -5.431842176017703, "16": -6.335417906079396, "17": -1.9616365351835512, "18": 5.087375064090587, "19": 11.0, "20": 11.0, "21": 2.2721296543020273, "22": -10.977023213907191, "23": -10.24590831370761, "24": -11.0}}, "stor_level": {"battery": {"0": 0, "1": 0.0, "2": 0.0, "3": 0.0, "4": 0.0, "5": 0.0, "6": 5.0, "7": 5.0, "8": 2.0739162667332414, "9": 0.0, "10": 5.0, "11": 5.0, "12": 5.0, "13": 0.0, "14": 5.0, "15": 0.0, "16": 0.0, "17": 0.0, "18": 5.0, "19": 4.755285775639152, "20": 2.7150396066665046, "21": 5.0, "22": 5.0, "23": 0.0, "24": 0.0}, "ev": {"0": 7.6000000000000005, "1": 13.508627926155675, "2": 20.404691580544473, "3": 23.21556397325687, "4": 27.058577464129154, "5": 29.73480431118481, "6": 33.24491725506564, "7": 28.79611654955965, "8": 25.65653064224722, "9": 14.65653064224722, "10": 7.215768574781899, "11": 10.201009517686087, "12": 0.8193010100574991, "13": 10.40767657349716, "14": 21.40767657349716, "15": 26.839518749514863, "16": 33.17493665559426, "17": 35.13657319077781, "18": 30.049198126687227, "19": 19.049198126687227, "20": 8.049198126687227, "21": 5.777068472385199, "22": 16.75409168629239, "23": 27.0, "24": 38}}, "dual_con1": {"0": 0.0, "1": 0.0, "2": 0.0, "3": 0.0, "4": 0.0, "5": 0.0, "6": 0.0, "7": 0.0, "8": 0.0, "9": 0.0, "10": 0.0, "11": 0.0, "12": 0.0, "13": 0.0, "14": 0.0, "15": 0.0, "16": 0.0, "17": 0.0, "18": 0.0, "19": 0.0, "20": 0.0, "21": 0.0, "22": 0.0, "23": 0.0, "24": 0.0}, "dual_con2": {"0": 0.0, "1": -0.128, "2": -0.128, "3": -0.128, "4": -0.128, "5": -0.128, "6": -0.128, "7": -0.128, "8": -0.128, "9": -0.128, "10": -0.128, "11": -0.128, "12": -0.128, "13": -0.128, "14": -0.128, "15": -0.128, "16": -0.128, "17": -0.128, "18": -0.128, "19": -0.128, "20": -0.128, "21": -0.128, "22": -0.128, "23": -0.128, "24": -0.128}}