{"u": {"0": 0.0, "1": 1.0, "2": 1.0, "3": 1.0, "4": 1.0, "5": 1.0, "6": 1.0, "7": 1.0, "8": 1.0, "9": 1.0, "10": 1.0, "11": 1.0, "12": 1.0, "13": 1.0, "14": 1.0, "15": 1.0, "16": 1.0, "17": 1.0, "18": 1.0, "19": 1.0, "20": 1.0, "21": 1.0, "22": 1.0, "23": 1.0, "24": 1.0}, "p1": {"0": 0.0, "1": 4.173379424093273, "2": 5.6410452835586185, "3": 0.0, "4": 0.0, "5": 0.8859170210496607, "6": 9.697338666373618, "7": 7.377555100203214, "8": 12.075499494068525, "9": 14.05254147772056, "10": 19.737590134631795, "11": 17.697037785707266, "12": 7.763024924492175, "13": 9.147072697497762, "14": 13.066878303811828, "15": 6.303654502408607, "16": 5.089414762048175, "17": 5.015007613458472, "18": 4.439429654501815, "19": 2.3240507963417625, "20": 9.234305289055229, "21": 18.13385996428653, "22": 25.66262916424634, "23": 20.416720842021512, "24": 5.5596030932100255}, "pg": {"0": 0, "1": 5.0, "2": 10.0, "3": 12.0, "4": 12.0, "5": 12.0, "6": 12.0, "7": 12.0, "8": 12.0, "9": 12.0, "10": 12.0, "11": 12.0, "12": 7.0, "13": 11.693899220526895, "14": 6.693899220526895, "15": 11.693899220526895, "16": 10.622975645337, "17": 10.785856945543177, "18": 12.0, "19": 12.0, "20": 12.0, "21": 12.0, "22": 12.0, "23": 12.0, "24": 12.0}, "p2": {"0": 0, "1": 0.0, "2": 0.0, "3": 0.0, "4": 0.0, "5": 0.0, "6": 0.0, "7": 0.0, "8": 0.0, "9": 0.0, "10": 0.0, "11": 0.0, "12": 0.0, "13": 0.0, "14": 0.0, "15": 0.0, "16": 0.0, "17": 0.0, "18": 0.0, "19": 0.0, "20": 0.0, "21": 0.0, "22": 0.0, "23": 0.0, "24": 0.0}, "stor_net_i": {"battery": {"0": 0, "1": 0.0, "2": 0.0, "3": 0.0, "4": 0.0, "5": 0.0, "6": 0.0, "7": 0.0, "8": -5.0, "9": 0.0, "10": 0.0, "11": 5.0, "12": 0.0, "13": -2.5066815339125395, "14": 2.5066815339125395, "15": 0.0, "16": 0.0, "17": 0.0, "18": -5.0, "19": 0.024072323871255463, "20": 3.1622147061098502, "21": -1.712061169811033, "22": -1.4742258601700726, "23": 1.8246138517022779, "24": 3.175386148297722}, "ev": {"0": 0, "1": -3.6027741732512357, "2": -6.09294045294086, "3": -2.8108723927123958, "4": -3.843013490872284, "5": -3.562143868105318, "6": -7.750127588645242, "7": 4.956137329684658, "8": 6.099236418036149, "9": 2.4736637075534773, "10": -3.7018864245265135, "11": -9.203043997420806, "12": 9.997950695371589, "13": -2.3601857621712163, "14": -11.0, "15": 2.1028661605126704, "16": -2.1028661605126686, "17": 0.9181791324214572, "18": 10.801965676918961, "19": 11.0, "20": 11.0, "21": 4.279855190659578, "22": -7.306357554518225, "23": -8.293642445481773, "24": -11.0}}, "stor_level": {"battery": {"0": 0, "1": 0.0, "2": 0.0, "3": 0.0, "4": 0.0, "5": 0.0, "6": 0.0, "7": 0.0, "8": 5.0, "9": 5.0, "10": 5.0, "11": 0.0, "12": 0.0, "13": 2.5066815339125395, "14": 0.0, "15": 0.0, "16": 0.0, "17": 0.0, "18": 5.0, "19": 4.9759276761287445, "20": 1.8137129700188943, "21": 3.5257741398299274, "22": 5.0, "23": 3.175386148297722, "24": 0.0}, "ev": {"0": 7.6000000000000005, "1": 11.202774173251235, "2": 17.295714626192094, "3": 20.10658701890449, "4": 23.949600509776776, "5": 27.511744377882096, "6": 35.26187196652734, "7": 30.30573463684268, "8": 24.20649821880653, "9": 21.732834511253053, "10": 25.434720935779566, "11": 34.63776493320037, "12": 24.639814237828784, "13": 27.0, "14": 38.0, "15": 35.89713383948733, "16": 38.0, "17": 37.08182086757854, "18": 26.27985519065958, "19": 15.279855190659578, "20": 4.279855190659578, "21": 0.0, "22": 7.306357554518225, "23": 15.599999999999998, "24": 26.599999999999998}}, "dual_con1": {"0": 0.0, "1": 0.0, "2": 0.0, "3": 0.0, "4": 0.0, "5": 0.0, "6": 0.0, "7": 0.0, "8": 0.0, "9": 0.0, "10": 0.0, "11": 0.0, "12": 0.0, "13": 0.0, "14": 0.0, "15": 0.0, "16": 0.0, "17": 0.0, "18": 0.0, "19": 0.0, "20": 0.0, "21": 0.0, "22": 0.0, "23": 0.0, "24": 0.0}, "dual_con2": {"0": 0.0, "1": -0.128, "2": -0.128, "3": -0.128, "4": -0.128, "5": -0.128, "6": -0.128, "7": -0.128, "8": -0.128, "9": -0.128, "10": -0.128, "11": -0.128, "12": -0.128, "13": -0.128, "14": -0.128, "15": -0.128, "16": -0.128, "17": -0.128, "18": -0.128, "19": -0.128, "20": -0.128, "21": -0.128, "22": -0.128, "23": -0.128, "24": -0.128}}