{"u": {"0": 0.0, "1": 1.0, "2": 1.0, "3": 1.0, "4": 1.0, "5": 1.0, "6": 1.0, "7": 1.0, "8": 1.0, "9": 1.0, "10": 1.0, "11": 1.0, "12": 1.0, "13": 1.0, "14": 1.0, "15": 1.0, "16": 1.0, "17": 1.0, "18": 1.0, "19": 1.0, "20": 1.0, "21": 1.0, "22": 1.0, "23": 1.0, "24": 1.0}, "p1": {"0": 0.0, "1": 4.170684188990993, "2": 5.883843697642167, "3": 0.0, "4": 0.0, "5": 0.837002953058298, "6": 9.5340578644857, "7": 7.223267706229233, "8": 11.811929472887371, "9": 14.193841374472393, "10": 19.789062868918528, "11": 17.6824353211491, "12": 7.787533862645439, "13": 9.260045228961728, "14": 13.087350408994737, "15": 6.085237236648769, "16": 4.746472201376761, "17": 4.872384714190854, "18": 4.321144921776948, "19": 2.2837744452191515, "20": 9.077038793751942, "21": 18.011648906754047, "22": 24.94376026879395, "23": 20.307876678880564, "24": 2.2077086618016413}, "pg": {"0": 0, "1": 5.0, "2": 10.0, "3": 12.0, "4": 12.0, "5": 12.0, "6": 12.0, "7": 12.0, "8": 12.0, "9": 12.0, "10": 12.0, "11": 12.0, "12": 12.0, "13": 7.0, "14": 10.065984469617304, "15": 7.0, "16": 12.0, "17": 12.0, "18": 12.0, "19": 12.0, "20": 12.0, "21": 12.0, "22": 12.0, "23": 12.0, "24": 12.0}, "p2": {"0": 0, "1": 0.0, "2": 0.0, "3": 0.0, "4": 0.0, "5": 0.0, "6": 0.0, "7": 0.0, "8": 0.0, "9": 0.0, "10": 0.0, "11": 0.0, "12": 0.0, "13": 0.0, "14": 0.0, "15": 0.0, "16": 0.0, "17": 0.0, "18": 0.0, "19": 0.0, "20": 0.0, "21": 0.0, "22": 0.0, "23": 0.0, "24": 0.0}, "stor_net_i": {"battery": {"0": 0, "1": 0.0, "2": 0.0, "3": 0.0, "4": 0.0, "5": 0.0, "6": 0.0, "7": 0.0, "8": -5.0, "9": 0.0, "10": 0.0, "11": 5.0, "12": 0.0, "13": -2.738484843430127, "14": -0.8858758203607788, "15": -1.375639336209094, "16": 5.0, "17": 0.0, "18": -3.3838298764070025, "19": 0.06434867499386598, "20": 3.3194812014131365, "21": -3.9053816298316484, "22": -1.0946183701683516, "23": 0.0, "24": 5.0}, "ev": {"0": 0, "1": -3.6000789381489557, "2": -6.335738867024409, "3": -2.8108723927123958, "4": -3.843013490872284, "5": -3.5132298001139546, "6": -7.586846786757324, "7": 5.110424723658639, "8": 6.362806439217302, "9": 2.3323638108016436, "10": -3.7533591588132467, "11": -9.18844153286264, "12": 4.973441757218325, "13": 2.4525442364093024, "14": -11.0, "15": 8.390821983008497, "16": -8.136947954504254, "17": -0.15334102276774786, "18": 9.30408028605083, "19": 11.0, "20": 11.0, "21": 6.595386708212676, "22": -6.967096149067558, "23": -6.360184430638547, "24": -9.472719420293895}}, "stor_level": {"battery": {"0": 0, "1": 0.0, "2": 0.0, "3": 0.0, "4": 0.0, "5": 0.0, "6": 0.0, "7": 0.0, "8": 5.0, "9": 5.0, "10": 5.0, "11": 0.0, "12": 0.0, "13": 2.738484843430127, "14": 3.624360663790906, "15": 5.0, "16": 0.0, "17": 0.0, "18": 3.3838298764070025, "19": 3.3194812014131365, "20": 0.0, "21": 3.9053816298316484, "22": 5.0, "23": 5.0, "24": 0.0}, "ev": {"0": 7.6000000000000005, "1": 11.200078938148955, "2": 17.535817805173366, "3": 20.346690197885763, "4": 24.189703688758048, "5": 27.702933488872002, "6": 35.289780275629326, "7": 30.179355551970687, "8": 23.816549112753385, "9": 21.48418530195174, "10": 25.237544460764987, "11": 34.42598599362763, "12": 29.452544236409302, "13": 27.0, "14": 38.0, "15": 29.609178016991503, "16": 37.74612597149576, "17": 37.899466994263506, "18": 28.595386708212676, "19": 17.595386708212676, "20": 6.595386708212676, "21": 0.0, "22": 6.967096149067558, "23": 13.327280579706105, "24": 22.8}}, "dual_con1": {"0": 0.0, "1": 0.0, "2": 0.0, "3": 0.0, "4": 0.0, "5": 0.0, "6": 0.0, "7": 0.0, "8": 0.0, "9": 0.0, "10": 0.0, "11": 0.0, "12": 0.0, "13": 0.0, "14": 0.0, "15": 0.0, "16": 0.0, "17": 0.0, "18": 0.0, "19": 0.0, "20": 0.0, "21": 0.0, "22": 0.0, "23": 0.0, "24": 0.0}, "dual_con2": {"0": 0.0, "1": -0.128, "2": -0.128, "3": -0.128, "4": -0.128, "5": -0.128, "6": -0.128, "7": -0.128, "8": -0.128, "9": -0.128, "10": -0.128, "11": -0.128, "12": -0.128, "13": -0.128, "14": -0.128, "15": -0.128, "16": -0.128, "17": -0.128, "18": -0.128, "19": -0.128, "20": -0.128, "21": -0.128, "22": -0.128, "23": -0.128, "24": -0.128}}