{"u": {"0": 0, "1": 1.0, "2": 1.0, "3": 1.0, "4": 1.0, "5": 1.0, "6": 1.0, "7": 1.0, "8": 1.0, "9": 1.0, "10": 1.0, "11": 1.0, "12": 1.0, "13": 1.0, "14": 1.0, "15": 1.0, "16": 1.0, "17": 1.0, "18": 1.0, "19": 1.0, "20": 1.0, "21": 1.0, "22": 1.0, "23": 1.0, "24": 1.0}, "p1": {"0": 0, "1": 4.178644051603527, "2": 5.91580557993913, "3": 0.0, "4": 0.0, "5": 0.9002338859016881, "6": 9.535557292416565, "7": 7.162995217998278, "8": 11.73487092669922, "9": 14.296834350203506, "10": 19.808161780913125, "11": 17.595826625243316, "12": 7.7482291654155055, "13": 9.264719422389478, "14": 13.107918305737025, "15": 6.11403433228617, "16": 4.724624757399866, "17": 4.823891249403136, "18": 4.269770574407271, "19": 2.1596936157852014, "20": 8.993703110372051, "21": 17.754120076262268, "22": 25.657307124298057, "23": 19.87150805755865, "24": 0.0}, "alpha": {"0": 0, "1": 1.0593666937079957, "2": 1.4136816932992784, "3": 1.95711084741726, "4": 1.560013441064143, "5": 2.173648094693122, "6": 1.9372628570425654, "7": 1.929211434600836, "8": 1.731218721990666, "9": 1.5879796949394747, "10": 1.665521465726683, "11": 1.6606720124275691, "12": 1.7396912503756872, "13": 1.8367741732834866, "14": 1.8575645082793766, "15": 1.3384091998840622, "16": 1.5563059993261237, "17": 1.9554926251793012, "18": 2.2601788276780876, "19": 2.3570719152646156, "20": 2.3620472321464825, "21": 1.6775488249856043, "22": 1.5180638627113658, "23": 1.8061535827330846, "24": 1.3816557562911127}}