{"u": {"0": 0, "1": 1.0, "2": 1.0, "3": 1.0, "4": 1.0, "5": 1.0, "6": 1.0, "7": 1.0, "8": 1.0, "9": 1.0, "10": 1.0, "11": 1.0, "12": 1.0, "13": 1.0, "14": 1.0, "15": 1.0, "16": 1.0, "17": 1.0, "18": 1.0, "19": 1.0, "20": 1.0, "21": 1.0, "22": 1.0, "23": 1.0, "24": 1.0}, "p1": {"0": 0, "1": 6.447240228550822, "2": 6.211562801797031, "3": 0.0, "4": 0.0, "5": 0.0, "6": 10.477780129139441, "7": 7.909949340805245, "8": 11.760995066228558, "9": 13.088959335040999, "10": 18.615160920187453, "11": 16.537706727538286, "12": 3.497898450547371, "13": 8.738743036911718, "14": 17.539770753495805, "15": 8.880553497107655, "16": 8.33390687044591, "17": 6.858254351300655, "18": 6.280286250169233, "19": 2.219831061493011, "20": 10.163371839781274, "21": 19.153187233258414, "22": 27.99365566748927, "23": 19.608994489934492, "24": 11.91560808981668}, "alpha": {"0": 0, "1": 1.064941331743131, "2": 1.6669966656225104, "3": 2.1869760809063448, "4": 1.4530807148943254, "5": 1.8162120732279126, "6": 1.84036705672807, "7": 1.7469151977587625, "8": 1.764751480131866, "9": 1.9906021994881964, "10": 2.0245917239443596, "11": 1.9761279817390531, "12": 2.015280464836011, "13": 1.9992470889268066, "14": 1.5396987739518817, "15": 0.8499193712231177, "16": 0.8838072161481029, "17": 1.4853510932653748, "18": 2.0257361249495047, "19": 2.3390306815522743, "20": 2.129065424394461, "21": 1.5036973850617315, "22": 1.8418332997540352, "23": 1.961011653020324, "24": 1.2450095730554434}}