{"u": {"0": 0.0, "1": 1.0, "2": 1.0, "3": 1.0, "4": 1.0, "5": 1.0, "6": 1.0, "7": 1.0, "8": 1.0, "9": 1.0, "10": 1.0, "11": 1.0, "12": 1.0, "13": 1.0, "14": 1.0, "15": 1.0, "16": 1.0, "17": 1.0, "18": 1.0, "19": 1.0, "20": 1.0, "21": 1.0, "22": 1.0, "23": 1.0, "24": 1.0}, "p1": {"0": 0.0, "1": 2.386486564992344, "2": 3.471997028446534, "3": 0.0, "4": 0.0, "5": 3.3817138815160117, "6": 10.03941706629533, "7": 7.624583837927713, "8": 12.171150905902593, "9": 13.450907001754645, "10": 18.970239950709114, "11": 16.921807227369165, "12": 3.9784996687607936, "13": 9.134903887362412, "14": 17.33206325350091, "15": 8.678271346352759, "16": 7.47700447016355, "17": 6.02951482638721, "18": 4.962320223364564, "19": 2.4721402729372794, "20": 9.405009424337807, "21": 17.764831700057762, "22": 27.932589657943936, "23": 19.75567518229102, "24": 8.573923155511713}, "pg": {"0": 0, "1": 5.0, "2": 10.0, "3": 12.0, "4": 12.0, "5": 12.0, "6": 12.0, "7": 12.0, "8": 12.0, "9": 12.0, "10": 12.0, "11": 12.0, "12": 12.0, "13": 12.0, "14": 12.0, "15": 12.0, "16": 12.0, "17": 12.0, "18": 12.0, "19": 12.0, "20": 12.0, "21": 12.0, "22": 12.0, "23": 12.0, "24": 12.0}, "p2": {"0": 0, "1": 0.0, "2": 0.0, "3": 0.0, "4": 0.0, "5": 0.0, "6": 0.0, "7": 0.0, "8": 0.0, "9": 0.0, "10": 0.0, "11": 0.0, "12": 2.640413647197118, "13": 1.9513622027234554, "14": 0.0, "15": 0.0, "16": 2.16389133875359, "17": 0.0, "18": 0.0, "19": 0.0, "20": 16.08774467675716, "21": 7.054023930734054, "22": 0.0, "23": 0.35091798528065254, "24": 0.0}, "stor_net_i": {"battery": {"0": 0, "1": 0.0, "2": 0.0, "3": 0.0, "4": 0.0, "5": 0.0, "6": 0.0, "7": 0.0, "8": 0.0, "9": 0.0, "10": 0.0, "11": -5.0, "12": 0.0, "13": 0.47728772859869295, "14": 4.522712271401307, "15": 0.0, "16": 0.0, "17": 0.0, "18": 0.0, "19": -0.6234070241419492, "20": -4.376592975858051, "21": 0.12074640221978683, "22": -0.12074640221978683, "23": 0.7533924517699333, "24": 4.246607548230067}, "ev": {"0": 0, "1": 0.361645566270413, "2": -4.680393283230426, "3": -1.6286699895590022, "4": -1.1927314008075829, "5": -3.2225159508263452, "6": -5.114944983779127, "7": 7.0712358131949, "8": 0.19331487926433866, "9": -2.2493103293515393, "10": 1.8398488183870398, "11": 6.4472838553344545, "12": 9.775237005102873, "13": 0.0, "14": -11.0, "15": -3.0434564579404295, "16": -3.9451188358685165, "17": 4.0657235921321195, "18": 2.9228517016768265, "19": 11.0, "20": 0.0, "21": 0.0, "22": -11.0, "23": -8.400000000000002, "24": -11.0}}, "stor_level": {"battery": {"0": 0, "1": 0.0, "2": 0.0, "3": 0.0, "4": 0.0, "5": 0.0, "6": 0.0, "7": 0.0, "8": 0.0, "9": 0.0, "10": 0.0, "11": 5.0, "12": 5.0, "13": 4.522712271401307, "14": 0.0, "15": 0.0, "16": 0.0, "17": 0.0, "18": 0.0, "19": 0.6234070241419492, "20": 5.0, "21": 4.879253597780213, "22": 5.0, "23": 4.246607548230067, "24": 0.0}, "ev": {"0": 7.6000000000000005, "1": 7.2383544337295875, "2": 11.918747716960013, "3": 13.547417706519015, "4": 14.740149107326598, "5": 17.962665058152943, "6": 23.07761004193207, "7": 16.00637422873717, "8": 15.81305934947283, "9": 18.062369678824368, "10": 16.222520860437328, "11": 9.775237005102873, "12": 0.0, "13": 0.0, "14": 11.0, "15": 14.04345645794043, "16": 17.988575293808946, "17": 13.922851701676827, "18": 11.0, "19": 0.0, "20": 0.0, "21": 0.0, "22": 11.0, "23": 19.400000000000002, "24": 30.400000000000002}}, "dual_con1": {"0": 0.0, "1": 0.0, "2": 0.0, "3": -2.064, "4": -2.064, "5": -2.064, "6": -2.064, "7": -2.064, "8": -2.064, "9": -2.064, "10": -2.064, "11": -2.064, "12": -2.064, "13": -2.064, "14": -2.064, "15": -2.064, "16": -2.064, "17": -2.064, "18": -2.064, "19": -2.064, "20": -2.064, "21": -2.064, "22": -2.064, "23": -2.064, "24": -2.064}, "dual_con2": {"0": 0.0, "1": -0.3, "2": -0.3, "3": -0.3, "4": -0.3, "5": -0.3, "6": -0.3, "7": -0.3, "8": -0.3, "9": -0.3, "10": -0.3, "11": -0.3, "12": -0.3, "13": -0.3, "14": -0.3, "15": -0.3, "16": -0.3, "17": -0.3, "18": -0.3, "19": -0.3, "20": -0.3, "21": -0.3, "22": -0.3, "23": -0.3, "24": -0.3}}