{"u": {"0": 0, "1": 1.0, "2": 1.0, "3": 1.0, "4": 1.0, "5": 1.0, "6": 1.0, "7": 1.0, "8": 1.0, "9": 1.0, "10": 1.0, "11": 1.0, "12": 1.0, "13": 1.0, "14": 1.0, "15": 1.0, "16": 1.0, "17": 1.0, "18": 1.0, "19": 1.0, "20": 1.0, "21": 1.0, "22": 1.0, "23": 1.0, "24": 1.0}, "p1": {"0": 0, "1": 0.652213501905675, "2": 0.0, "3": 0.0, "4": 0.0, "5": 0.0, "6": 3.222527152185039, "7": 9.686900372695186, "8": 38.80271298091078, "9": 0.0, "10": 8.977622428565944, "11": 19.32920015930864, "12": 21.824040015933093, "13": 26.368709768857176, "14": 17.925892901160243, "15": 10.905914964682458, "16": 0.0, "17": 17.777957982019995, "18": 5.23991528063938, "19": 17.473985250514584, "20": 18.61630848251164, "21": 24.09793353232298, "22": 17.219232002064153, "23": 9.805090331376375, "24": 0.3009027857999982}, "alpha": {"0": 0, "1": 1.3818740144930042, "2": 1.1115520545918762, "3": 1.3149524738040461, "4": 1.3530158250284423, "5": 1.4485895001409173, "6": 1.694241854344486, "7": 1.6149298881914382, "8": 1.5728646806228808, "9": 1.4726497653021733, "10": 1.5489230897088855, "11": 1.635577021681779, "12": 1.4767993107343838, "13": 1.1764499130444812, "14": 1.3613508800108995, "15": 1.706327972960188, "16": 1.2867777442222126, "17": 1.6453589245607771, "18": 2.2105349290279426, "19": 1.464212970925522, "20": 2.551107455246499, "21": 2.106619940303102, "22": 1.7702303993807518, "23": 1.5944729005870868, "24": 1.445729164260002}}