charge_target,time,iterations
0.8,1.0347692966461182,4
TOTAL,1.0408620834350586,0
