stor_level,time,iterations
4,908.4285972118378,11
TOTAL,908.7648050785065,0
