stor_level,time,iterations
4,1154.0560009479523,11
TOTAL,1154.4546370506287,0
