stor_level,time,iterations
4,850.7117600440979,11
TOTAL,850.7215511798859,0
