stor_level,time,iterations
4,208.92501401901245,11
TOTAL,208.9302670955658,0
