{"u": {"0": 0.0, "1": 1.0, "2": 1.0, "3": 1.0, "4": 1.0, "5": 1.0, "6": 1.0, "7": 1.0, "8": 1.0, "9": 1.0, "10": 1.0, "11": 1.0, "12": 1.0, "13": 1.0, "14": 1.0, "15": 1.0, "16": 1.0, "17": 1.0, "18": 1.0, "19": 1.0, "20": 1.0, "21": 1.0, "22": 1.0, "23": 1.0, "24": 1.0}, "p1": {"0": 0.0, "1": 0.0, "2": 0.0, "3": 0.0, "4": 0.0, "5": 0.0, "6": 2.874174852153774, "7": 8.585312551523389, "8": 10.377714360640251, "9": 12.38768554582379, "10": 18.192934969719726, "11": 16.242259814242892, "12": 14.532521086394418, "13": 8.556899509193718, "14": 4.5370819993400895, "15": 2.680237029414695, "16": 2.6781918727953244, "17": 6.665653835470743, "18": 10.494849394514357, "19": 14.151677322774649, "20": 20.390071721588587, "21": 24.02721305468564, "22": 16.05081654368617, "23": 8.680768569742124, "24": 0.0}, "pg": {"0": 0, "1": 7.104354328925537, "2": 4.836896463595874, "3": 8.960659064036314, "4": 9.20399842804247, "5": 9.22368418870187, "6": 12.0, "7": 12.0, "8": 12.0, "9": 12.0, "10": 8.665390583439596, "11": 12.0, "12": 12.0, "13": 12.0, "14": 12.0, "15": 8.211094983091304, "16": 10.400025126979312, "17": 12.0, "18": 12.0, "19": 11.318923650151618, "20": 12.0, "21": 11.262496673981772, "22": 12.0, "23": 7.81994749756986, "24": 11.71824716644683}, "p2": {"0": 0, "1": 0.0, "2": 0.0, "3": 0.0, "4": 0.0, "5": 0.0, "6": 4.396424944958973, "7": 0.8720023259974621, "8": 1.9886568947826575, "9": 4.5763968929127365, "10": 0.0, "11": 0.6307370107712096, "12": 0.19077592321765025, "13": 5.326290098055587, "14": 2.0027878363567915, "15": 0.0, "16": 0.0, "17": 1.743733373797106, "18": 1.30138760091128, "19": 0.0, "20": 2.4023044819393284, "21": 0.0, "22": 7.027950126837066, "23": 0.0, "24": 0.0}, "dual_con1": {"0": 0.0, "1": 0.0, "2": 0.0, "3": 0.0, "4": 0.0, "5": 0.0, "6": -2.064, "7": -2.064, "8": -2.064, "9": -2.064, "10": 0.0, "11": -2.064, "12": -2.064, "13": -2.064, "14": -2.064, "15": 0.0, "16": 0.0, "17": -2.064, "18": -2.064, "19": 0.0, "20": -2.064, "21": 0.0, "22": -2.064, "23": 0.0, "24": 0.0}, "dual_con2": {"0": 0.0, "1": -0.128, "2": -0.128, "3": -0.128, "4": -0.128, "5": -0.128, "6": -0.3, "7": -0.3, "8": -0.3, "9": -0.3, "10": -0.128, "11": -0.3, "12": -0.3, "13": -0.3, "14": -0.3, "15": -0.128, "16": -0.128, "17": -0.3, "18": -0.3, "19": -0.128, "20": -0.3, "21": -0.128, "22": -0.3, "23": -0.128, "24": -0.128}}