{"u": {"0": 0.0, "1": 1.0, "2": 1.0, "3": 1.0, "4": 1.0, "5": 1.0, "6": 1.0, "7": 1.0, "8": 1.0, "9": 1.0, "10": 1.0, "11": 1.0, "12": 1.0, "13": 1.0, "14": 1.0, "15": 1.0, "16": 1.0, "17": 1.0, "18": 1.0, "19": 1.0, "20": 1.0, "21": 1.0, "22": 1.0, "23": 1.0, "24": 1.0}, "p1": {"0": 0.0, "1": 0.0, "2": 0.0, "3": 0.0, "4": 0.0, "5": 0.0, "6": 2.874174852153774, "7": 8.585312551523389, "8": 10.377714360640251, "9": 12.38768554582379, "10": 18.192934969719726, "11": 16.242259814242892, "12": 14.532521086394418, "13": 8.556899509193718, "14": 4.5370819993400895, "15": 2.680237029414695, "16": 2.6781918727953244, "17": 6.665653835470743, "18": 10.494849394514357, "19": 14.151677322774649, "20": 20.390071721588587, "21": 24.02721305468564, "22": 16.05081654368617, "23": 8.680768569742124, "24": 0.0}, "alpha": {"0": 0.0, "1": 1.0165942823307164, "2": 1.0315034169787132, "3": 1.3004262627370753, "4": 1.3039399409409074, "5": 1.28913029066175, "6": 2.0010907768216875, "7": 2.0493233317526096, "8": 2.0695777964582907, "9": 2.1078190184637235, "10": 2.1860325573910373, "11": 2.172206773855435, "12": 2.130839381156535, "13": 2.053494210332557, "14": 2.012296962717626, "15": 1.98665154182372, "16": 2.0065845623387566, "17": 2.057250541110668, "18": 2.077815639420907, "19": 2.1633661485476887, "20": 2.1410937098644744, "21": 2.2414201395750597, "22": 2.1995001563282894, "23": 2.061981683662586, "24": 1.6564443608532953}}