charge_target,time,iterations
0.8,11.833707094192505,5
TOTAL,11.84003210067749,0
