{"u": {"0": 0.0, "1": 1.0, "2": 1.0, "3": 1.0, "4": 1.0, "5": 1.0, "6": 1.0, "7": 1.0, "8": 1.0, "9": 1.0, "10": 1.0, "11": 1.0, "12": 1.0, "13": 1.0, "14": 1.0, "15": 1.0, "16": 1.0, "17": 1.0, "18": 1.0, "19": 1.0, "20": 1.0, "21": 1.0, "22": 1.0, "23": 1.0, "24": 1.0}, "p1": {"0": 0.0, "1": 0.494350124558232, "2": 0.0, "3": 0.0, "4": 0.0, "5": 0.0, "6": 3.032177788077977, "7": 9.47051668669676, "8": 10.958770247573149, "9": 12.97826899052688, "10": 16.410684494917497, "11": 16.09615511478292, "12": 16.637403524629843, "13": 10.95300093596375, "14": 4.478559157175127, "15": 3.0228250220570487, "16": 4.973895027042525, "17": 6.829061054639009, "18": 10.974856422164434, "19": 16.586111685914474, "20": 20.90299072151839, "21": 24.435408405758015, "22": 17.46104001050968, "23": 9.891740627521772, "24": 0.34513799619039887}, "pg": {"0": 0, "1": 5.0, "2": 10.0, "3": 12.0, "4": 12.0, "5": 12.0, "6": 12.0, "7": 12.0, "8": 12.0, "9": 12.0, "10": 12.0, "11": 12.0, "12": 12.0, "13": 12.0, "14": 12.0, "15": 12.0, "16": 7.0, "17": 11.728927549005908, "18": 12.0, "19": 12.0, "20": 12.0, "21": 12.0, "22": 12.0, "23": 12.0, "24": 12.0}, "p2": {"0": 0, "1": 2.9246257815993877, "2": 0.2651417298404706, "3": 0.7981527653864848, "4": 0.0, "5": 0.0, "6": 0.8152663452811755, "7": 0.0, "8": 0.0, "9": 4.147926424727428, "10": 0.0, "11": 1.4037520062229412, "12": 0.3993777223925221, "13": 0.0, "14": 1.163151248894156, "15": 0.0, "16": 0.0, "17": 0.0, "18": 1.7530263066064347, "19": 0.5733024182842463, "20": 0.47711646667430685, "21": 3.548115339037114, "22": 0.8030261324246659, "23": 2.378866186978966, "24": 1.5298118822642444}, "stor_net_i": {"battery": {"0": 0, "1": 0.0, "2": 0.0, "3": -1.8572765337970516, "4": -0.000688863335915002, "5": -3.1420346028670334, "6": 2.6087147403141504, "7": 2.3912852596858496, "8": -1.6459589410376907, "9": -2.3415788624262603, "10": 3.987537803463951, "11": -5.0, "12": 3.4045225086076236, "13": 1.5954774913923764, "14": -2.379048847510603, "15": 2.379048847510603, "16": -2.8535667984266144, "17": -2.1464332015733856, "18": 0.0, "19": 0.0, "20": 5.0, "21": 0.0, "22": 0.0, "23": 0.0, "24": 0.0}}, "stor_level": {"battery": {"0": 0, "1": 0.0, "2": 0.0, "3": 1.8572765337970516, "4": 1.8579653971329666, "5": 5.0, "6": 2.3912852596858496, "7": 0.0, "8": 1.6459589410376907, "9": 3.987537803463951, "10": 0.0, "11": 5.0, "12": 1.5954774913923764, "13": 0.0, "14": 2.379048847510603, "15": 0.0, "16": 2.8535667984266144, "17": 5.0, "18": 5.0, "19": 5.0, "20": 0.0, "21": 0.0, "22": 0.0, "23": 0.0, "24": 0.0}}, "dual_con1": {"0": 0.0, "1": 0.0, "2": 0.0, "3": -2.064, "4": -2.064, "5": -2.064, "6": -2.064, "7": -2.064, "8": -2.064, "9": -2.064, "10": -2.064, "11": -2.064, "12": -2.064, "13": -2.064, "14": -2.064, "15": -2.064, "16": 0.0, "17": 0.0, "18": -2.064, "19": -2.064, "20": -2.064, "21": -2.064, "22": -2.064, "23": -2.064, "24": -2.064}, "dual_con2": {"0": 0.0, "1": -0.3, "2": -0.3, "3": -0.3, "4": -0.3, "5": -0.3, "6": -0.3, "7": -0.3, "8": -0.3, "9": -0.3, "10": -0.3, "11": -0.3, "12": -0.3, "13": -0.3, "14": -0.3, "15": -0.3, "16": -0.128, "17": -0.128, "18": -0.3, "19": -0.3, "20": -0.3, "21": -0.3, "22": -0.3, "23": -0.3, "24": -0.3}}