charge_target,time,iterations
0.8,16447.785420894623,6
TOTAL,16457.023675203323,0
