charge_target,time,iterations
0.8,13885.090162992477,5
TOTAL,14458.483231782913,0
