{"u": {"0": 0.0, "1": 1.0, "2": 1.0, "3": 1.0, "4": 1.0, "5": 1.0, "6": 1.0, "7": 1.0, "8": 1.0, "9": 1.0, "10": 1.0, "11": 1.0, "12": 1.0, "13": 1.0, "14": 1.0, "15": 1.0, "16": 1.0, "17": 1.0, "18": 1.0, "19": 1.0, "20": 1.0, "21": 1.0, "22": 1.0, "23": 1.0, "24": 1.0}, "p1": {"0": 0.0, "1": 0.7712492003472491, "2": 0.0, "3": 0.0, "4": 0.0, "5": 0.0, "6": 3.1714351027628815, "7": 9.252742390929688, "8": 11.292553498573836, "9": 13.141771086946576, "10": 19.371074609147303, "11": 17.361662459667727, "12": 15.534266398482456, "13": 9.349503614993054, "14": 5.215982749321693, "15": 3.4534967994762944, "16": 3.6334906421053965, "17": 7.613181945591702, "18": 11.282664901036652, "19": 15.188373917057188, "20": 21.284937081905042, "21": 25.33328685973281, "22": 17.693478561966923, "23": 10.095352223843925, "24": 0.4202440581285085}, "pg": {"0": 0, "1": 5.0, "2": 10.0, "3": 8.571983143814995, "4": 9.077907243738952, "5": 9.998271199137848, "6": 11.893770285907417, "7": 12.0, "8": 7.491456422311517, "9": 11.994434919904105, "10": 12.0, "11": 12.0, "12": 11.858134485117777, "13": 6.858134485117776, "14": 11.858134485117777, "15": 12.0, "16": 12.0, "17": 12.0, "18": 12.0, "19": 12.0, "20": 9.331782100276584, "21": 8.693083626149766, "22": 12.0, "23": 12.0, "24": 12.0}, "p2": {"0": 0, "1": 2.9305820436480303, "2": 0.0, "3": 0.0, "4": 0.0, "5": 0.0, "6": 0.0, "7": 0.0, "8": 0.0, "9": 0.0, "10": 0.0, "11": 0.0, "12": 0.0, "13": 0.0, "14": 0.0, "15": 0.5001236978188075, "16": 0.0, "17": 0.4391930256757952, "18": 1.986308293866914, "19": 2.894163423696696, "20": 0.0, "21": 0.0, "22": 0.0, "23": 0.0, "24": 0.0}, "stor_net_i": {"battery": {"0": 0, "1": 0.0, "2": -1.7780374456603028, "3": 1.7780374456603028, "4": 0.0, "5": 0.0, "6": -1.251819419670161, "7": 1.251819419670161, "8": 0.0, "9": -2.5766883411067916, "10": 2.5766883411067916, "11": -0.1283511526857275, "12": -2.1681085598916656, "13": 2.0172399025958097, "14": -4.72078019001842, "15": 0.48351441976700116, "16": -0.48351441976700116, "17": 5.0, "18": 0.0, "19": 0.0, "20": 0.0, "21": -0.5275182794952205, "22": -1.3470261937023018, "23": 1.7225501388267972, "24": 0.15199433437072507}}, "stor_level": {"battery": {"0": 0, "1": 0.0, "2": 1.7780374456603028, "3": 0.0, "4": 0.0, "5": 0.0, "6": 1.251819419670161, "7": 0.0, "8": 0.0, "9": 2.5766883411067916, "10": 0.0, "11": 0.1283511526857275, "12": 2.296459712577393, "13": 0.2792198099815799, "14": 5.0, "15": 4.516485580232999, "16": 5.0, "17": 0.0, "18": 0.0, "19": 0.0, "20": 0.0, "21": 0.5275182794952205, "22": 1.8745444731975223, "23": 0.15199433437072507, "24": 0.0}}, "dual_con1": {"0": 0.0, "1": 0.0, "2": 0.0, "3": 0.0, "4": 0.0, "5": 0.0, "6": 0.0, "7": 0.0, "8": 0.0, "9": 0.0, "10": 0.0, "11": 0.0, "12": 0.0, "13": 0.0, "14": 0.0, "15": -2.064, "16": -2.064, "17": -2.064, "18": -2.064, "19": -2.064, "20": 0.0, "21": 0.0, "22": 0.0, "23": 0.0, "24": 0.0}, "dual_con2": {"0": 0.0, "1": -0.3, "2": -0.128, "3": -0.128, "4": -0.128, "5": -0.128, "6": -0.128, "7": -0.128, "8": -0.128, "9": -0.128, "10": -0.128, "11": -0.128, "12": -0.128, "13": -0.128, "14": -0.128, "15": -0.3, "16": -0.3, "17": -0.3, "18": -0.3, "19": -0.3, "20": -0.128, "21": -0.128, "22": -0.128, "23": -0.128, "24": -0.128}}