{"u": {"0": 0, "1": 1.0, "2": 1.0, "3": 1.0, "4": 1.0, "5": 1.0, "6": 1.0, "7": 1.0, "8": 1.0, "9": 1.0, "10": 1.0, "11": 1.0, "12": 1.0, "13": 1.0, "14": 1.0, "15": 1.0, "16": 1.0, "17": 1.0, "18": 1.0, "19": 1.0, "20": 1.0, "21": 1.0, "22": 1.0, "23": 1.0, "24": 1.0}, "p1": {"0": 0, "1": 0.0, "2": 0.0, "3": 0.0, "4": 0.0, "5": 0.0, "6": 2.0153173940906495, "7": 7.73466110615559, "8": 9.378197293121849, "9": 9.408877217527234, "10": 17.821246661884324, "11": 15.63946351963845, "12": 13.871688593297906, "13": 7.803254748191083, "14": 4.867008042147479, "15": 2.9588624624840847, "16": 1.4401138793816912, "17": 5.69481860145072, "18": 10.235962018286042, "19": 13.831492678817197, "20": 17.610469923484786, "21": 21.730900104721, "22": 14.847859621087608, "23": 8.368395696367866, "24": 0.09684684626113693}, "alpha": {"0": 0, "1": 1.6218167626988536, "2": 1.263577919885816, "3": 1.3913870028037612, "4": 1.3947497877140946, "5": 1.5178306097144265, "6": 1.947129750555746, "7": 2.191856719695429, "8": 2.322540787011654, "9": 2.9133368285282883, "10": 2.2668208202885016, "11": 2.3198880198759633, "12": 2.256291284434458, "13": 2.262802242998776, "14": 2.0117603142422986, "15": 1.9531248166863908, "16": 2.2836739668276413, "17": 2.2398448084741838, "18": 2.1326089090397717, "19": 2.2478954971579803, "20": 2.852859053782214, "21": 2.8167299484361505, "22": 2.481642175303885, "23": 2.0254812962693873, "24": 1.5069459283082833}}