{"u": {"0": 0.0, "1": 1.0, "2": 1.0, "3": 1.0, "4": 1.0, "5": 1.0, "6": 1.0, "7": 1.0, "8": 1.0, "9": 1.0, "10": 1.0, "11": 1.0, "12": 1.0, "13": 1.0, "14": 1.0, "15": 1.0, "16": 1.0, "17": 1.0, "18": 1.0, "19": 1.0, "20": 1.0, "21": 1.0, "22": 1.0, "23": 1.0, "24": 1.0}, "p1": {"0": 0.0, "1": 0.0, "2": 0.0, "3": 0.0, "4": 0.0, "5": 0.0, "6": 2.0153173940906495, "7": 7.73466110615559, "8": 9.378197293121849, "9": 9.408877217527234, "10": 17.821246661884324, "11": 15.63946351963845, "12": 13.871688593297906, "13": 7.803254748191083, "14": 4.867008042147479, "15": 2.9588624624840847, "16": 1.4401138793816912, "17": 5.69481860145072, "18": 10.235962018286042, "19": 13.831492678817197, "20": 17.610469923484786, "21": 21.730900104721, "22": 14.847859621087608, "23": 8.368395696367866, "24": 0.09684684626113693}, "pg": {"0": 0, "1": 5.0, "2": 10.0, "3": 12.0, "4": 12.0, "5": 12.0, "6": 12.0, "7": 12.0, "8": 12.0, "9": 12.0, "10": 12.0, "11": 12.0, "12": 12.0, "13": 12.0, "14": 12.0, "15": 12.0, "16": 12.0, "17": 12.0, "18": 12.0, "19": 12.0, "20": 12.0, "21": 12.0, "22": 12.0, "23": 12.0, "24": 12.0}, "p2": {"0": 0, "1": 5.581711367224123, "2": 0.004578576779648458, "3": 0.0, "4": 0.0, "5": 0.0, "6": 0.32913629911342746, "7": 1.5826163170493412, "8": 7.092137058728746, "9": 10.5356629872127, "10": 4.745442352143449, "11": 2.869813836460235, "12": 8.217326265951307, "13": 0.5474868231161594, "14": 0.0, "15": 0.0, "16": 3.9576569002258104, "17": 0.3444126162557879, "18": 2.8585185562414708, "19": 3.302769503229305, "20": 2.587717884537973, "21": 0.0, "22": 2.686081184507543, "23": 1.1274115834439087, "24": 0.031769707706871486}, "stor_net_i": {"battery": {"0": 0, "1": 0.0, "2": -2.6052035913045017, "3": -0.3728692992182179, "4": -0.8164645732579654, "5": -1.205462536219315, "6": 0.0, "7": 5.0, "8": 0.0, "9": 0.0, "10": -5.0, "11": 5.0, "12": 0.0, "13": -4.058692855545505, "14": 0.7009011319817695, "15": -1.6422082764362642, "16": 5.0, "17": 0.0, "18": 0.0, "19": -5.0, "20": 2.3711929759851316, "21": 2.6288070240148684, "22": 0.0, "23": -5.0, "24": 5.0}}, "stor_level": {"battery": {"0": 0, "1": 0.0, "2": 2.6052035913045017, "3": 2.9780728905227196, "4": 3.794537463780685, "5": 5.0, "6": 5.0, "7": 0.0, "8": 0.0, "9": 0.0, "10": 5.0, "11": 0.0, "12": 0.0, "13": 4.058692855545505, "14": 3.357791723563736, "15": 5.0, "16": 0.0, "17": 0.0, "18": 0.0, "19": 5.0, "20": 2.6288070240148684, "21": 0.0, "22": 0.0, "23": 5.0, "24": 0.0}}, "dual_con1": {"0": 0.0, "1": 0.0, "2": 0.0, "3": -2.064, "4": -2.064, "5": -2.064, "6": -2.064, "7": -2.064, "8": -2.064, "9": -2.064, "10": -2.064, "11": -2.064, "12": -2.064, "13": -2.064, "14": -2.064, "15": -2.064, "16": -2.064, "17": -2.064, "18": -2.064, "19": -2.064, "20": -2.064, "21": -2.064, "22": -2.064, "23": -2.064, "24": -2.064}, "dual_con2": {"0": 0.0, "1": -0.3, "2": -0.3, "3": -0.3, "4": -0.3, "5": -0.3, "6": -0.3, "7": -0.3, "8": -0.3, "9": -0.3, "10": -0.3, "11": -0.3, "12": -0.3, "13": -0.3, "14": -0.3, "15": -0.3, "16": -0.3, "17": -0.3, "18": -0.3, "19": -0.3, "20": -0.3, "21": -0.3, "22": -0.3, "23": -0.3, "24": -0.3}}