stor_level,time,iterations
4,2.4086148738861084,7
TOTAL,2.415053129196167,0
