{"u": {"0": 0, "1": 1.0, "2": 1.0, "3": 1.0, "4": 1.0, "5": 1.0, "6": 1.0, "7": 1.0, "8": 1.0, "9": 1.0, "10": 1.0, "11": 1.0, "12": 1.0, "13": 1.0, "14": 1.0, "15": 1.0, "16": 1.0, "17": 1.0, "18": 1.0, "19": 1.0, "20": 1.0, "21": 1.0, "22": 1.0, "23": 1.0, "24": 1.0}, "p1": {"0": 0, "1": 1.4124031007751876, "2": 0.0, "3": 0.0, "4": 0.0, "5": 0.0, "6": 3.0697674418604635, "7": 9.880283150088186, "8": 40.40820116076978, "9": 1.5303376720484447, "10": 0.0, "11": 16.763638832384665, "12": 14.616742632536882, "13": 19.656992203639746, "14": 19.668252136385817, "15": 10.426133921522997, "16": 0.0, "17": 19.6562659886122, "18": 4.257945953732531, "19": 8.874561726727817, "20": 18.73941407127569, "21": 25.00479981474953, "22": 17.98002331966142, "23": 10.068731791284923, "24": 0.005009044139178798}, "alpha": {"0": 0, "1": 1.1162790697674427, "2": 1.1567130549459306, "3": 1.320365630758218, "4": 1.3119209952831374, "5": 1.536, "6": 1.815069767441861, "7": 1.571915054973544, "8": 1.7504485501523064, "9": 2.23998980000223, "10": 1.507644458643173, "11": 2.026908350284602, "12": 1.682206598161168, "13": 2.058902338908076, "14": 1.3655243590842554, "15": 2.1581598235431008, "16": 1.6325176424318069, "17": 1.9691202034163395, "18": 2.3586162138802402, "19": 3.673631481981655, "20": 2.5141757786172922, "21": 1.8345600555751402, "22": 1.541993004101574, "23": 1.5153804626145226, "24": 1.534497286758246}}