{"u": {"0": 0.0, "1": 1.0, "2": 1.0, "3": 1.0, "4": 1.0, "5": 1.0, "6": 1.0, "7": 1.0, "8": 1.0, "9": 1.0, "10": 1.0, "11": 1.0, "12": 1.0, "13": 1.0, "14": 1.0, "15": 1.0, "16": 1.0, "17": 1.0, "18": 1.0, "19": 1.0, "20": 1.0, "21": 1.0, "22": 1.0, "23": 1.0, "24": 1.0}, "p1": {"0": 0.0, "1": 1.4124031007751876, "2": 0.0, "3": 0.0, "4": 0.0, "5": 0.0, "6": 3.0697674418604635, "7": 9.880283150088186, "8": 40.40820116076978, "9": 1.5303376720484447, "10": 0.0, "11": 16.763638832384665, "12": 14.616742632536882, "13": 19.656992203639746, "14": 19.668252136385817, "15": 10.426133921522997, "16": 0.0, "17": 19.6562659886122, "18": 4.257945953732531, "19": 8.874561726727817, "20": 18.73941407127569, "21": 25.00479981474953, "22": 17.98002331966142, "23": 10.068731791284923, "24": 0.005009044139178798}, "pg": {"0": 0, "1": 5.0, "2": 6.9536414835301645, "3": 9.083710727443794, "4": 10.53772670431745, "5": 12.0, "6": 12.0, "7": 12.0, "8": 12.0, "9": 12.0, "10": 12.0, "11": 12.0, "12": 12.0, "13": 12.0, "14": 12.0, "15": 12.0, "16": 12.0, "17": 12.0, "18": 12.0, "19": 12.0, "20": 12.0, "21": 12.0, "22": 8.950161195235392, "23": 11.017456381825797, "24": 12.0}, "p2": {"0": 0, "1": 0.7264662630760901, "2": 0.0, "3": 0.0, "4": 0.0, "5": 0.0, "6": 1.24841888335121, "7": 0.0, "8": 0.0, "9": 0.0, "10": 0.0, "11": 0.0, "12": 0.32014115044806957, "13": 0.0, "14": 0.0, "15": 0.0, "16": 0.0, "17": 0.0, "18": 5.024543480801842, "19": 11.814089414717138, "20": 5.554607273566447, "21": 0.0, "22": 0.0, "23": 0.0, "24": 0.0}, "stor_net_i": {"battery": {"0": null, "1": 0.0, "2": 0.0, "3": 0.0, "4": -0.791223981823542, "5": -4.208776018176458, "6": 1.7923040662072331, "7": 1.7386289687213896, "8": -3.5309330349286228, "9": 0.0, "10": 0.0, "11": 5.0, "12": 0.0, "13": 0.0, "14": 0.0, "15": 0.0, "16": -4.08128636436178, "17": -0.9187136356382197, "18": 5.0, "19": 0.0, "20": 0.0, "21": -0.6881687263897298, "22": 0.6881687263897298, "23": -2.0540513706098196, "24": 2.0540513706098196}, "ev_1": {"0": 0, "1": 0, "2": 0, "3": 0, "4": 0, "5": 0, "6": 0, "7": 0, "8": -11.0, "9": 9.02360300539663, "10": 4.40819591948155, "11": 1.3682010751218172, "12": -0.06358820968580758, "13": 0.06358820968580758, "14": -11.0, "15": 11.0, "16": -4.199999999999999, "17": -11.0, "18": 0, "19": 0, "20": 0, "21": 0, "22": 0, "23": 0, "24": 0}, "ev_2": {"0": 0, "1": 0, "2": 0, "3": 0, "4": 0, "5": 0, "6": 0, "7": 0, "8": -11.0, "9": 11.0, "10": 3.799999999999997, "11": -10.753641606134757, "12": 10.753641606134757, "13": 0.0, "14": -11.0, "15": -11.0, "16": 11.0, "17": -4.199999999999999, "18": 0, "19": 0, "20": 0, "21": 0, "22": 0, "23": 0, "24": 0}, "ev_3": {"0": 0, "1": 0, "2": 0, "3": 0, "4": 0, "5": 0, "6": 0, "7": 0, "8": -11.0, "9": -7.200000000000003, "10": 11.0, "11": 11.0, "12": -9.642600661857298, "13": -11.0, "14": 5.043659700617198, "15": -6.14404107035595, "16": -1.057017968403951, "17": 7.600000000000001, "18": 0, "19": 0, "20": 0, "21": 0, "22": 0, "23": 0, "24": 0}}, "stor_level": {"battery": {"0": 0, "1": 0.0, "2": 0.0, "3": 0.0, "4": 0.791223981823542, "5": 5.0, "6": 3.207695933792767, "7": 1.4690669650713772, "8": 5.0, "9": 5.0, "10": 5.0, "11": 0.0, "12": 0.0, "13": 0.0, "14": 0.0, "15": 0.0, "16": 4.08128636436178, "17": 5.0, "18": 0.0, "19": 0.0, "20": 0.0, "21": 0.6881687263897298, "22": 0.0, "23": 2.0540513706098196, "24": 0.0}, "ev_1": {"0": 0, "1": 0, "2": 0, "3": 0, "4": 0, "5": 0, "6": 0, "7": 0, "8": 22.4, "9": 13.376396994603368, "10": 8.968201075121819, "11": 7.6000000000000005, "12": 7.663588209685808, "13": 7.6000000000000005, "14": 18.6, "15": 7.600000000000001, "16": 11.8, "17": 22.8, "18": 0, "19": 0, "20": 0, "21": 0, "22": 0, "23": 0, "24": 0}, "ev_2": {"0": 0, "1": 0, "2": 0, "3": 0, "4": 0, "5": 0, "6": 0, "7": 0, "8": 22.4, "9": 11.399999999999999, "10": 7.6000000000000005, "11": 18.353641606134758, "12": 7.6000000000000005, "13": 7.6000000000000005, "14": 18.6, "15": 29.6, "16": 18.6, "17": 22.8, "18": 0, "19": 0, "20": 0, "21": 0, "22": 0, "23": 0, "24": 0}, "ev_3": {"0": 0, "1": 0, "2": 0, "3": 0, "4": 0, "5": 0, "6": 0, "7": 0, "8": 22.4, "9": 29.6, "10": 18.6, "11": 7.6000000000000005, "12": 17.2426006618573, "13": 28.2426006618573, "14": 23.1989409612401, "15": 29.34298203159605, "16": 30.400000000000002, "17": 22.8, "18": 0, "19": 0, "20": 0, "21": 0, "22": 0, "23": 0, "24": 0}}, "dual_con1": {"0": 0.0, "1": 0.0, "2": 0.0, "3": 0.0, "4": 0.0, "5": 0.0, "6": -2.064, "7": -2.064, "8": -2.064, "9": -2.064, "10": -2.064, "11": -2.064, "12": -2.064, "13": -2.064, "14": -2.064, "15": -2.064, "16": -2.064, "17": -2.064, "18": -2.064, "19": -2.064, "20": -2.064, "21": 0.0, "22": 0.0, "23": 0.0, "24": 0.0}, "dual_con2": {"0": 0.0, "1": -0.3, "2": -0.128, "3": -0.128, "4": -0.128, "5": -0.128, "6": -0.3, "7": -0.3, "8": -0.3, "9": -0.3, "10": -0.3, "11": -0.3, "12": -0.3, "13": -0.3, "14": -0.3, "15": -0.3, "16": -0.3, "17": -0.3, "18": -0.3, "19": -0.3, "20": -0.3, "21": -0.128, "22": -0.128, "23": -0.128, "24": -0.128}}