stor_level,time,iterations
4,16201.721673965454,6
TOTAL,16201.851447105408,0
