{"u": {"0": 0.0, "1": 1.0, "2": 1.0, "3": 1.0, "4": 1.0, "5": 1.0, "6": 1.0, "7": 1.0, "8": 1.0, "9": 1.0, "10": 1.0, "11": 1.0, "12": 1.0, "13": 1.0, "14": 1.0, "15": 1.0, "16": 1.0, "17": 1.0, "18": 1.0, "19": 1.0, "20": 1.0, "21": 1.0, "22": 1.0, "23": 1.0, "24": 1.0}, "p1": {"0": 0.0, "1": 1.46909840337797, "2": 0.0, "3": 0.0, "4": 0.0, "5": 0.0, "6": 3.519303791664294, "7": 9.260753604050826, "8": 11.138338879984087, "9": 12.776478739332848, "10": 18.429838330909515, "11": 17.035112763333526, "12": 13.957680684218985, "13": 8.653130906312882, "14": 5.41381831865132, "15": 2.384125092425828, "16": 3.3006174305132845, "17": 6.091960492964315, "18": 10.354700466522386, "19": 14.94287989266311, "20": 20.88221276188525, "21": 24.95736286133137, "22": 17.30514450039706, "23": 9.758768833647965, "24": 0.3096310797039141}, "pg": {"0": 0, "1": 5.0, "2": 9.086113885750155, "3": 12.0, "4": 12.0, "5": 9.511561528542412, "6": 11.12871526428556, "7": 12.0, "8": 10.258460750935136, "9": 9.490010498978002, "10": 12.0, "11": 12.0, "12": 12.0, "13": 12.0, "14": 12.0, "15": 12.0, "16": 12.0, "17": 12.0, "18": 12.0, "19": 12.0, "20": 12.0, "21": 7.532819868171181, "22": 11.005847576805653, "23": 12.0, "24": 10.485225940726922}, "p2": {"0": 0, "1": 3.167008724828168, "2": 0.0, "3": 0.0, "4": 0.0, "5": 0.0, "6": 0.0, "7": 0.0, "8": 0.0, "9": 0.0, "10": 0.0, "11": 0.0, "12": 2.3107517545615934, "13": 1.3948613784136477, "14": 2.5125109867273014, "15": 0.0, "16": 0.0, "17": 1.2518004101259894, "18": 3.6128300966678264, "19": 0.0, "20": 3.5167210801823128, "21": 0.0, "22": 0.0, "23": 0.0, "24": 0.0}, "stor_net_i": {"0": 0, "1": 0.0, "2": -1.2720444579122372, "3": -1.212907714844679, "4": 2.484952172756916, "5": 0.0, "6": -1.0560437064727068, "7": 1.0560437064727068, "8": 0.0, "9": -0.7416198419793112, "10": -2.5585936558732136, "11": -0.6997865021474752, "12": 4.0, "13": 0.0, "14": -3.4095092597429915, "15": 3.4095092597429915, "16": -0.9547673511288277, "17": 0.9547673511288277, "18": 0.0, "19": -0.4327525565812369, "20": 0.4327525565812369, "21": 0.0, "22": 0.0, "23": -0.05936121946080597, "24": 0.05936121946080597}, "stor_level": {"0": 0, "1": 0.0, "2": 1.2720444579122372, "3": 2.484952172756916, "4": 0.0, "5": 0.0, "6": 1.0560437064727068, "7": 0.0, "8": 0.0, "9": 0.7416198419793112, "10": 3.300213497852525, "11": 4.0, "12": 0.0, "13": 0.0, "14": 3.4095092597429915, "15": 0.0, "16": 0.9547673511288277, "17": 0.0, "18": 0.0, "19": 0.4327525565812369, "20": 0.0, "21": 0.0, "22": 0.0, "23": 0.05936121946080597, "24": 0.0}, "dual_con1": {"0": 0.0, "1": 0.0, "2": 0.0, "3": 0.0, "4": 0.0, "5": 0.0, "6": 0.0, "7": 0.0, "8": 0.0, "9": 0.0, "10": 0.0, "11": 0.0, "12": -2.064, "13": -2.064, "14": -2.064, "15": -2.064, "16": -2.064, "17": -2.064, "18": -2.064, "19": -2.064, "20": -2.064, "21": 0.0, "22": 0.0, "23": 0.0, "24": 0.0}, "dual_con2": {"0": 0.0, "1": -0.3, "2": -0.128, "3": -0.128, "4": -0.128, "5": -0.128, "6": -0.128, "7": -0.128, "8": -0.128, "9": -0.128, "10": -0.128, "11": -0.128, "12": -0.3, "13": -0.3, "14": -0.3, "15": -0.3, "16": -0.3, "17": -0.3, "18": -0.3, "19": -0.3, "20": -0.3, "21": -0.128, "22": -0.128, "23": -0.128, "24": -0.128}}