{"u": {"0": 0, "1": 1.0, "2": 1.0, "3": 1.0, "4": 1.0, "5": 1.0, "6": 1.0, "7": 1.0, "8": 1.0, "9": 1.0, "10": 1.0, "11": 1.0, "12": 1.0, "13": 1.0, "14": 1.0, "15": 1.0, "16": 1.0, "17": 1.0, "18": 1.0, "19": 1.0, "20": 1.0, "21": 1.0, "22": 1.0, "23": 1.0, "24": 1.0}, "p1": {"0": 0, "1": 1.46909840337797, "2": 0.0, "3": 0.0, "4": 0.0, "5": 0.0, "6": 3.519303791664294, "7": 9.260753604050826, "8": 11.138338879984087, "9": 12.776478739332848, "10": 18.429838330909515, "11": 17.035112763333526, "12": 13.957680684218985, "13": 8.653130906312882, "14": 5.41381831865132, "15": 2.384125092425828, "16": 3.3006174305132845, "17": 6.091960492964315, "18": 10.354700466522386, "19": 14.94287989266311, "20": 20.88221276188525, "21": 24.95736286133137, "22": 17.30514450039706, "23": 9.758768833647965, "24": 0.3096310797039141}, "alpha": {"0": 0, "1": 1.1448725353484892, "2": 1.1135370924472174, "3": 1.3254845607675614, "4": 1.3411250203752023, "5": 1.448794597416001, "6": 1.6774384719342574, "7": 1.7581277366864518, "8": 1.7934900095823876, "9": 1.9015025595997121, "10": 2.004577969898592, "11": 1.8503283039046787, "12": 2.151566867956973, "13": 1.9616878495204628, "14": 1.7548720465466519, "15": 2.0386608334963343, "16": 1.780351883877228, "17": 2.10905136225941, "18": 2.0297743278991316, "19": 1.8548615164820357, "20": 1.8709692545887355, "21": 1.8483517951429072, "22": 1.7439391239188722, "23": 1.6044459568928655, "24": 1.43975126995027}}