charge_target,time,iterations
0.8,5339.129024982452,6
TOTAL,5340.041018247604,0
