{"u": {"0": 0, "1": 1.0, "2": 1.0, "3": 1.0, "4": 1.0, "5": 1.0, "6": 1.0, "7": 1.0, "8": 1.0, "9": 1.0, "10": 1.0, "11": 1.0, "12": 1.0, "13": 1.0, "14": 1.0, "15": 1.0, "16": 1.0, "17": 1.0, "18": 1.0, "19": 1.0, "20": 1.0, "21": 1.0, "22": 1.0, "23": 1.0, "24": 1.0}, "p1": {"0": 0, "1": 0.0, "2": 0.0, "3": 0.0, "4": 0.0, "5": 0.0, "6": 2.0455889312792337, "7": 7.738060988047341, "8": 9.375177369840337, "9": 9.84143116371164, "10": 16.111956413307546, "11": 15.773263091698857, "12": 14.409775240766391, "13": 6.996365333979561, "14": 5.08405656889455, "15": 2.7194589615179865, "16": 0.4212954624665546, "17": 6.000107281856543, "18": 10.094151289283488, "19": 13.994046027010272, "20": 18.138641278334884, "21": 21.095819570110084, "22": 14.909937878988199, "23": 8.428026471999175, "24": 0.11192321904845492}, "alpha": {"0": 0, "1": 1.6219639134804107, "2": 1.265534475658236, "3": 1.388668799943217, "4": 1.395128363443791, "5": 1.5144228846143137, "6": 1.943824147734802, "7": 2.1895323056141036, "8": 2.3234435787673475, "9": 2.783569209623977, "10": 2.7115054063526323, "11": 2.284266221898187, "12": 2.1139468634150416, "13": 2.4783390833214654, "14": 1.9546141619711044, "15": 2.0032242025606104, "16": 2.569774280218652, "17": 2.15580366655802, "18": 2.1709265808271634, "19": 2.202108761032725, "20": 2.698601182422448, "21": 3.0072538378351963, "22": 2.463018457094723, "23": 2.0075909156400185, "24": 1.5024234777744763}}