{"u": {"0": 0, "1": 1.0, "2": 1.0, "3": 1.0, "4": 1.0, "5": 1.0, "6": 1.0, "7": 1.0, "8": 1.0, "9": 1.0, "10": 1.0, "11": 1.0, "12": 1.0, "13": 1.0, "14": 1.0, "15": 1.0, "16": 1.0, "17": 1.0, "18": 1.0, "19": 1.0, "20": 1.0, "21": 1.0, "22": 1.0, "23": 1.0, "24": 1.0}, "p1": {"0": 0, "1": 0.7475446950637377, "2": 0.0, "3": 0.0, "4": 0.0, "5": 0.0, "6": 3.0799731256290173, "7": 9.94213653006589, "8": 39.062859071359476, "9": 0.0, "10": 9.325720312026112, "11": 15.91896993967047, "12": 20.90635679977248, "13": 25.851621800261533, "14": 18.141231177859456, "15": 13.336853836467702, "16": 0.0, "17": 17.448846576159955, "18": 5.1291380428686, "19": 18.235466560584417, "20": 19.07087940882436, "21": 24.732300393442422, "22": 17.691208838538888, "23": 10.128688383452316, "24": 0.23617270661497258}, "alpha": {"0": 0, "1": 1.324431944806345, "2": 1.1234808723763485, "3": 1.3243032822992038, "4": 1.354549337994211, "5": 1.4485784012272744, "6": 1.7421870719435997, "7": 1.5501396307893023, "8": 1.5419757362527013, "9": 1.510243814001406, "10": 1.6224342554428701, "11": 1.5608358830200784, "12": 1.3038744155058404, "13": 1.2836674535858816, "14": 1.4068518704852457, "15": 1.581705509892486, "16": 1.3483257333679584, "17": 1.7338948935084724, "18": 2.235136770468759, "19": 1.3143952430141321, "20": 2.4191724502127387, "21": 1.9161180920336236, "22": 1.6162891314027568, "23": 1.5465534405451737, "24": 1.4476567590911311}}