{"u": {"0": 0.0, "1": 1.0, "2": 1.0, "3": 1.0, "4": 1.0, "5": 1.0, "6": 1.0, "7": 1.0, "8": 1.0, "9": 1.0, "10": 1.0, "11": 1.0, "12": 1.0, "13": 1.0, "14": 1.0, "15": 1.0, "16": 1.0, "17": 1.0, "18": 1.0, "19": 1.0, "20": 1.0, "21": 1.0, "22": 1.0, "23": 1.0, "24": 1.0}, "p1": {"0": 0.0, "1": 0.773629987462761, "2": 0.0, "3": 0.0, "4": 0.0, "5": 0.0, "6": 2.824423554825172, "7": 9.924673873414534, "8": 38.61476504551374, "9": 0.0, "10": 7.4573722282486035, "11": 18.69235963999997, "12": 20.987315657534648, "13": 27.376869204518417, "14": 16.69977852642312, "15": 11.909137944768148, "16": 0.0, "17": 16.738935790374327, "18": 5.194480124968617, "19": 18.17713403344555, "20": 19.584887931479194, "21": 24.674037972602274, "22": 17.325767421336653, "23": 10.29160665720157, "24": 0.2850340603480017}, "pg": {"0": 0, "1": 5.0, "2": 10.0, "3": 12.0, "4": 9.636832809767865, "5": 12.0, "6": 12.0, "7": 12.0, "8": 9.471446086197187, "9": 12.0, "10": 12.0, "11": 12.0, "12": 12.0, "13": 12.0, "14": 7.199995726980408, "15": 12.0, "16": 12.0, "17": 12.0, "18": 12.0, "19": 12.0, "20": 12.0, "21": 12.0, "22": 12.0, "23": 7.485851374769581, "24": 9.169527462568382}, "p2": {"0": 0, "1": 2.4783771801936227, "2": 0.0, "3": 0.0, "4": 0.0, "5": 0.0, "6": 0.0, "7": 0.9732599210226152, "8": 0.0, "9": 0.0, "10": 0.0, "11": 0.0, "12": 0.0, "13": 0.0, "14": 0.0, "15": 0.0, "16": 0.0, "17": 0.0, "18": 0.04325920302439101, "19": 0.19250772009780448, "20": 3.999865944531649, "21": 2.625116784643989, "22": 1.266144695464824, "23": 0.0, "24": 0.0}, "stor_net_i": {"battery": {"0": null, "1": 0.0, "2": -0.8556527705811838, "3": -2.3888892952224374, "4": -0.20516228483488774, "5": -1.550295649361491, "6": 2.1275758441411643, "7": 2.8724241558588357, "8": 0.0, "9": -5.0, "10": 0.0, "11": 5.0, "12": 0.0, "13": -5.0, "14": 5.0, "15": -3.1404971573018123, "16": -1.8595028426981877, "17": 0.0, "18": 5.0, "19": 0.0, "20": 0.0, "21": 0.0, "22": 0.0, "23": 0.0, "24": 0.0}, "ev_1": {"0": 0, "1": 0, "2": 0, "3": 0, "4": 0, "5": 0, "6": 0, "7": 0, "8": -11.0, "9": 3.799999999999997, "10": 11.0, "11": 0.0, "12": -5.371116421190945, "13": -5.628883578809056, "14": 11.0, "15": 0.0, "16": -5.05737295823029, "17": -10.14262704176971, "18": 0, "19": 0, "20": 0, "21": 0, "22": 0, "23": 0, "24": 0}, "ev_2": {"0": 0, "1": 0, "2": 0, "3": 0, "4": 0, "5": 0, "6": 0, "7": 0, "8": -4.364402606149346, "9": 8.164402606149345, "10": 0.0, "11": 0.0, "12": 0.0, "13": -11.0, "14": -11.0, "15": 6.800000000000001, "16": 11.0, "17": -11.0, "18": 0, "19": 0, "20": 0, "21": 0, "22": 0, "23": 0, "24": 0}, "ev_3": {"0": 0, "1": 0, "2": 0, "3": 0, "4": 0, "5": 0, "6": 0, "7": 0, "8": -10.346496390908191, "9": 11.0, "10": 1.3666100900609184, "11": -2.333385486628387, "12": 4.113271787475657, "13": 0.0, "14": -8.417353555401395, "15": -11.0, "16": -3.382646444598607, "17": 7.600000000000001, "18": 0, "19": 0, "20": 0, "21": 0, "22": 0, "23": 0, "24": 0}}, "stor_level": {"battery": {"0": 0, "1": 0.0, "2": 0.8556527705811838, "3": 3.2445420658036213, "4": 3.449704350638509, "5": 5.0, "6": 2.8724241558588357, "7": 0.0, "8": 0.0, "9": 5.0, "10": 5.0, "11": 0.0, "12": 0.0, "13": 5.0, "14": 0.0, "15": 3.1404971573018123, "16": 5.0, "17": 5.0, "18": 0.0, "19": 0.0, "20": 0.0, "21": 0.0, "22": 0.0, "23": 0.0, "24": 0.0}, "ev_1": {"0": 0, "1": 0, "2": 0, "3": 0, "4": 0, "5": 0, "6": 0, "7": 0, "8": 22.4, "9": 18.6, "10": 7.6000000000000005, "11": 7.6000000000000005, "12": 12.971116421190946, "13": 18.6, "14": 7.6000000000000005, "15": 7.6000000000000005, "16": 12.65737295823029, "17": 22.8, "18": 0, "19": 0, "20": 0, "21": 0, "22": 0, "23": 0, "24": 0}, "ev_2": {"0": 0, "1": 0, "2": 0, "3": 0, "4": 0, "5": 0, "6": 0, "7": 0, "8": 15.764402606149346, "9": 7.6000000000000005, "10": 7.6000000000000005, "11": 7.6000000000000005, "12": 7.6000000000000005, "13": 18.6, "14": 29.6, "15": 22.8, "16": 11.8, "17": 22.8, "18": 0, "19": 0, "20": 0, "21": 0, "22": 0, "23": 0, "24": 0}, "ev_3": {"0": 0, "1": 0, "2": 0, "3": 0, "4": 0, "5": 0, "6": 0, "7": 0, "8": 21.74649639090819, "9": 10.74649639090819, "10": 9.379886300847271, "11": 11.713271787475659, "12": 7.6000000000000005, "13": 7.6000000000000005, "14": 16.017353555401396, "15": 27.017353555401396, "16": 30.400000000000002, "17": 22.8, "18": 0, "19": 0, "20": 0, "21": 0, "22": 0, "23": 0, "24": 0}}, "dual_con1": {"0": 0.0, "1": 0.0, "2": 0.0, "3": 0.0, "4": 0.0, "5": 0.0, "6": -2.064, "7": -2.064, "8": 0.0, "9": 0.0, "10": 0.0, "11": 0.0, "12": 0.0, "13": 0.0, "14": 0.0, "15": 0.0, "16": 0.0, "17": 0.0, "18": -2.064, "19": -2.064, "20": -2.064, "21": -2.064, "22": -2.064, "23": 0.0, "24": 0.0}, "dual_con2": {"0": 0.0, "1": -0.3, "2": -0.128, "3": -0.128, "4": -0.128, "5": -0.128, "6": -0.3, "7": -0.3, "8": -0.128, "9": -0.128, "10": -0.128, "11": -0.128, "12": -0.128, "13": -0.128, "14": -0.128, "15": -0.128, "16": -0.128, "17": -0.128, "18": -0.3, "19": -0.3, "20": -0.3, "21": -0.3, "22": -0.3, "23": -0.128, "24": -0.128}}