{"u": {"0": 0.0, "1": 1.0, "2": 1.0, "3": 1.0, "4": 1.0, "5": 1.0, "6": 1.0, "7": 1.0, "8": 1.0, "9": 1.0, "10": 1.0, "11": 1.0, "12": 1.0, "13": 1.0, "14": 1.0, "15": 1.0, "16": 1.0, "17": 1.0, "18": 1.0, "19": 1.0, "20": 1.0, "21": 1.0, "22": 1.0, "23": 1.0, "24": 1.0}, "p1": {"0": 0.0, "1": 0.7379452284123573, "2": 0.0, "3": 0.0, "4": 0.0, "5": 0.0, "6": 2.6849998901314684, "7": 9.925832858666995, "8": 39.27307826498824, "9": 0.0, "10": 9.379782778221747, "11": 16.14132263862246, "12": 20.314398643974588, "13": 25.91942379821698, "14": 17.783860527674026, "15": 13.349624721119495, "16": 0.0, "17": 17.68801709079797, "18": 5.131803850800315, "19": 18.315472015574933, "20": 18.89122219263786, "21": 25.06785234407472, "22": 17.41957735277686, "23": 9.985640483484254, "24": 0.34320779565022974}, "pg": {"0": 0, "1": 5.0, "2": 5.325724794959083, "3": 9.789296197539613, "4": 10.669394185142407, "5": 12.0, "6": 12.0, "7": 12.0, "8": 12.0, "9": 12.0, "10": 12.0, "11": 12.0, "12": 12.0, "13": 12.0, "14": 12.0, "15": 12.0, "16": 12.0, "17": 12.0, "18": 12.0, "19": 8.191341019326199, "20": 12.0, "21": 12.0, "22": 12.0, "23": 12.0, "24": 12.0}, "p2": {"0": 0, "1": 3.9503418282244596, "2": 0.0, "3": 0.0, "4": 0.0, "5": 0.0, "6": 0.11405498815130066, "7": 0.0, "8": 2.136254970535129, "9": 0.0, "10": 0.0, "11": 0.0, "12": 0.0, "13": 0.0, "14": 0.0, "15": 0.0, "16": 0.9490427857371966, "17": 0.5311119742722781, "18": 7.248876181640675, "19": 0.0, "20": 4.0100772896492, "21": 0.8000854757094, "22": 0.0, "23": 0.0, "24": 0.0}, "stor_net_i": {"battery": {"0": null, "1": 0.0, "2": 0.0, "3": 0.0, "4": -1.314484978172004, "5": -3.685515021827996, "6": 3.3398541156849983, "7": 1.6601458843150017, "8": -2.629749266161305, "9": -2.370250733838695, "10": 5.0, "11": 0.0, "12": 0.0, "13": -5.0, "14": 1.5225928592475135, "15": 3.4774071407524865, "16": -5.0, "17": 0.0, "18": 5.0, "19": -5.0, "20": 5.0, "21": -3.373140308736568, "22": -1.055299917515196, "23": 1.9794685957969556, "24": 2.4489716304548086}, "ev_1": {"0": 0, "1": 0, "2": 0, "3": 0, "4": 0, "5": 0, "6": 0, "7": 0, "8": -8.382555043430843, "9": 11.0, "10": 1.1825550434308436, "11": 0.0, "12": 0.0, "13": -0.8000000000000007, "14": -11.0, "15": -11.0, "16": 11.0, "17": -3.3999999999999986, "18": 0, "19": 0, "20": 0, "21": 0, "22": 0, "23": 0, "24": 0}, "ev_2": {"0": 0, "1": 0, "2": 0, "3": 0, "4": 0, "5": 0, "6": 0, "7": 0, "8": -7.200000000000001, "9": 11.0, "10": 0.0, "11": 0.0, "12": 0.0, "13": -3.0038189225297423, "14": 3.0038189225297423, "15": -5.06993500199357, "16": 0.8699350019935697, "17": -11.0, "18": 0, "19": 0, "20": 0, "21": 0, "22": 0, "23": 0, "24": 0}, "ev_3": {"0": 0, "1": 0, "2": 0, "3": 0, "4": 0, "5": 0, "6": 0, "7": 0, "8": -11.0, "9": -3.547723630459327, "10": 11.0, "11": 7.347723630459324, "12": -3.545637707031574, "13": -11.0, "14": -8.254362292968427, "15": 0.0, "16": 0.0, "17": 7.600000000000001, "18": 0, "19": 0, "20": 0, "21": 0, "22": 0, "23": 0, "24": 0}}, "stor_level": {"battery": {"0": 0, "1": 0.0, "2": 0.0, "3": 0.0, "4": 1.314484978172004, "5": 5.0, "6": 1.6601458843150017, "7": 0.0, "8": 2.629749266161305, "9": 5.0, "10": 0.0, "11": 0.0, "12": 0.0, "13": 5.0, "14": 3.4774071407524874, "15": 0.0, "16": 5.0, "17": 5.0, "18": 0.0, "19": 5.0, "20": 0.0, "21": 3.373140308736568, "22": 4.428440226251764, "23": 2.4489716304548086, "24": 0.0}, "ev_1": {"0": 0, "1": 0, "2": 0, "3": 0, "4": 0, "5": 0, "6": 0, "7": 0, "8": 19.782555043430843, "9": 8.782555043430843, "10": 7.6000000000000005, "11": 7.6000000000000005, "12": 7.6000000000000005, "13": 8.400000000000002, "14": 19.400000000000002, "15": 30.400000000000002, "16": 19.400000000000002, "17": 22.8, "18": 0, "19": 0, "20": 0, "21": 0, "22": 0, "23": 0, "24": 0}, "ev_2": {"0": 0, "1": 0, "2": 0, "3": 0, "4": 0, "5": 0, "6": 0, "7": 0, "8": 18.6, "9": 7.6000000000000005, "10": 7.6000000000000005, "11": 7.6000000000000005, "12": 7.6000000000000005, "13": 10.603818922529744, "14": 7.6000000000000005, "15": 12.66993500199357, "16": 11.8, "17": 22.8, "18": 0, "19": 0, "20": 0, "21": 0, "22": 0, "23": 0, "24": 0}, "ev_3": {"0": 0, "1": 0, "2": 0, "3": 0, "4": 0, "5": 0, "6": 0, "7": 0, "8": 22.4, "9": 25.947723630459326, "10": 14.947723630459326, "11": 7.6000000000000005, "12": 11.145637707031575, "13": 22.145637707031575, "14": 30.400000000000002, "15": 30.400000000000002, "16": 30.400000000000002, "17": 22.8, "18": 0, "19": 0, "20": 0, "21": 0, "22": 0, "23": 0, "24": 0}}, "dual_con1": {"0": 0.0, "1": 0.0, "2": 0.0, "3": 0.0, "4": 0.0, "5": 0.0, "6": -2.064, "7": -2.064, "8": -2.064, "9": -2.064, "10": -2.064, "11": -2.064, "12": -2.064, "13": -2.064, "14": -2.064, "15": -2.064, "16": -2.064, "17": -2.064, "18": -2.064, "19": 0.0, "20": -2.064, "21": -2.064, "22": -2.064, "23": -2.064, "24": -2.064}, "dual_con2": {"0": 0.0, "1": -0.3, "2": -0.128, "3": -0.128, "4": -0.128, "5": -0.128, "6": -0.3, "7": -0.3, "8": -0.3, "9": -0.3, "10": -0.3, "11": -0.3, "12": -0.3, "13": -0.3, "14": -0.3, "15": -0.3, "16": -0.3, "17": -0.3, "18": -0.3, "19": -0.128, "20": -0.3, "21": -0.3, "22": -0.3, "23": -0.3, "24": -0.3}}