{"u": {"0": 1.0, "1": 1.0, "2": 1.0, "3": 1.0, "4": 1.0, "5": 1.0, "6": 1.0, "7": 1.0, "8": 1.0, "9": 1.0, "10": 1.0, "11": 1.0, "12": 1.0, "13": 1.0, "14": 1.0, "15": 1.0, "16": 1.0, "17": 1.0, "18": 1.0, "19": 1.0, "20": 1.0, "21": 1.0, "22": 1.0, "23": 1.0}, "p1": {"0": 0.0, "1": 0.0, "2": 0.0, "3": 0.0, "4": 0.0, "5": 0.0, "6": 0.0, "7": 0.0, "8": 0.0, "9": 0.0, "10": 0.0, "11": 0.0, "12": 0.0, "13": 0.0, "14": 0.0, "15": 0.0, "16": 0.0, "17": 0.0, "18": 0.0, "19": 0.0, "20": 0.0, "21": 0.0, "22": 0.0, "23": 0.0}, "alpha": {"0": 1.024, "1": 1.024, "2": 1.28, "3": 1.28, "4": 1.28, "5": 2.3360000000000003, "6": 3.536, "7": 3.9360000000000004, "8": 4.336, "9": 5.5360000000000005, "10": 5.136, "11": 4.736000000000001, "12": 3.536, "13": 2.736, "14": 2.3360000000000003, "15": 2.3360000000000003, "16": 3.1359999999999997, "17": 3.9360000000000004, "18": 4.736000000000001, "19": 5.936000000000001, "20": 6.736000000000001, "21": 5.136, "22": 3.536, "23": 1.536}}