{"u": {"0": 1.0, "1": 1.0, "2": 1.0, "3": 1.0, "4": 1.0, "5": 1.0, "6": 1.0, "7": 1.0, "8": 1.0, "9": 1.0, "10": 1.0, "11": 1.0, "12": 1.0, "13": 1.0, "14": 1.0, "15": 1.0, "16": 1.0, "17": 1.0, "18": 1.0, "19": 1.0, "20": 1.0, "21": 1.0, "22": 1.0, "23": 1.0}, "p1": {"0": 0.0, "1": 0.0, "2": 0.0, "3": 0.0, "4": 0.0, "5": 3.9999999999999987, "6": 10.0, "7": 11.999999999999996, "8": 13.999999999999998, "9": 20.0, "10": 18.000000000000004, "11": 16.000000000000004, "12": 10.0, "13": 5.999999999999996, "14": 3.9999999999999987, "15": 3.9999999999999987, "16": 8.0, "17": 11.999999999999996, "18": 16.000000000000004, "19": 21.999999999999996, "20": 26.000000000000004, "21": 18.000000000000004, "22": 10.0, "23": 0.0}, "alpha": {"0": 1.024, "1": 1.024, "2": 1.28, "3": 1.28, "4": 1.28, "5": 1.5360000000000003, "6": 1.5359999999999998, "7": 1.5360000000000005, "8": 1.5360000000000005, "9": 1.536, "10": 1.5359999999999991, "11": 1.5359999999999991, "12": 1.5359999999999998, "13": 1.536000000000001, "14": 1.5360000000000003, "15": 1.5360000000000003, "16": 1.536, "17": 1.5360000000000005, "18": 1.5359999999999991, "19": 1.536000000000001, "20": 1.5359999999999991, "21": 1.5359999999999991, "22": 1.5359999999999998, "23": 1.536}}