{"u": {"0": 1.0, "1": 1.0, "2": 1.0, "3": 1.0, "4": 1.0, "5": 1.0, "6": 1.0, "7": 1.0, "8": 1.0, "9": 1.0, "10": 1.0, "11": 1.0, "12": 1.0, "13": 1.0, "14": 1.0, "15": 1.0, "16": 1.0, "17": 1.0, "18": 1.0, "19": 1.0, "20": 1.0, "21": 1.0, "22": 1.0, "23": 1.0}, "p1": {"0": 0.0, "1": 0.0, "2": 0.0, "3": 0.0, "4": 0.0, "5": 3.7524295645554098, "6": 9.628351140532843, "7": 11.503188167054088, "8": 13.663981484997695, "9": 19.55696638430881, "10": 17.619984433421283, "11": 15.725195479921519, "12": 9.657061107570367, "13": 5.8562279670496356, "14": 3.7725298434155246, "15": 3.6946415764774425, "16": 7.812836183821826, "17": 11.615487926405066, "18": 15.7606011159617, "19": 21.792224871046358, "20": 25.274261978354982, "21": 17.629840330640345, "22": 9.617363396813724, "23": 0.0}, "alpha": {"0": 1.018463491061045, "1": 1.0230669111595037, "2": 1.3088249147775612, "3": 1.3094679570494188, "4": 1.2970361881586494, "5": 1.8124119054287344, "6": 1.8928393834653272, "7": 1.8905578529009954, "8": 1.8791722766857233, "9": 1.9072830674143884, "10": 1.9249778668683026, "11": 1.9153901589619622, "12": 1.8730872872561557, "13": 1.8212433027573294, "14": 1.8054619066880562, "15": 1.8261013282727316, "16": 1.8041057934098705, "17": 1.883340679940848, "18": 1.8837044978170052, "19": 1.9070179162046852, "20": 1.954795860707745, "21": 1.9508187509651878, "22": 1.8341122223180555, "23": 1.7220279636013065}}