{"u": {"0": 1.0, "1": 1.0, "2": 1.0, "3": 1.0, "4": 1.0, "5": 1.0, "6": 1.0, "7": 1.0, "8": 1.0, "9": 1.0, "10": 1.0, "11": 1.0, "12": 1.0, "13": 1.0, "14": 1.0, "15": 1.0, "16": 1.0, "17": 1.0, "18": 1.0, "19": 1.0, "20": 1.0, "21": 1.0, "22": 1.0, "23": 1.0}, "p1": {"0": 0.0, "1": 0.0, "2": 0.0, "3": 0.0, "4": 0.0, "5": 0.0, "6": 0.0, "7": 0.0, "8": 0.0, "9": 0.0, "10": 0.0, "11": 0.0, "12": 0.0, "13": 0.0, "14": 0.0, "15": 0.0, "16": 0.0, "17": 0.0, "18": 0.0, "19": 0.0, "20": 0.0, "21": 0.0, "22": 0.0, "23": 0.0}, "alpha": {"0": 1.0177862174786036, "1": 1.0219189592393458, "2": 1.2897257768772679, "3": 1.2892933872266297, "4": 1.2803600144390819, "5": 2.349647697887633, "6": 3.5518261185080675, "7": 3.9245960211075186, "8": 4.341934202480918, "9": 5.525839935889017, "10": 5.145071393912424, "11": 4.761204095175808, "12": 3.541725570028655, "13": 2.7562625748023946, "14": 2.3469761730130925, "15": 2.3498494760968507, "16": 3.1357821942007957, "17": 3.9329362673758386, "18": 4.749525210834961, "19": 5.9531437098655555, "20": 6.673111245879263, "21": 5.165174690390574, "22": 3.504438922870267, "23": 1.6004799697304724}}