{"u": {"0": 1.0, "1": 1.0, "2": 1.0, "3": 1.0, "4": 1.0, "5": 1.0, "6": 1.0, "7": 1.0, "8": 1.0, "9": 1.0, "10": 1.0, "11": 1.0, "12": 1.0, "13": 1.0, "14": 1.0, "15": 1.0, "16": 1.0, "17": 1.0, "18": 1.0, "19": 1.0, "20": 1.0, "21": 1.0, "22": 1.0, "23": 1.0}, "p1": {"0": 0.0, "1": 0.0, "2": 0.0, "3": 0.0, "4": 0.0, "5": 0.0, "6": 0.0, "7": 0.0, "8": 0.0, "9": 0.0, "10": 0.0, "11": 0.0, "12": 0.0, "13": 0.0, "14": 0.0, "15": 0.0, "16": 0.0, "17": 0.0, "18": 0.0, "19": 0.0, "20": 0.0, "21": 0.0, "22": 0.0, "23": 0.0}, "alpha": {"0": 1.020671106602723, "1": 1.0161937496811806, "2": 1.2792880566808376, "3": 1.2873813138506134, "4": 1.288768752461868, "5": 2.1363960965235265, "6": 3.030491413777397, "7": 3.312444015633147, "8": 3.6126921568743793, "9": 4.512479372723279, "10": 4.239202377378295, "11": 3.9572111494698947, "12": 3.0592610513394973, "13": 2.4351083160729377, "14": 2.138875376792373, "15": 2.134633122341424, "16": 2.7646806085460343, "17": 3.347025693393135, "18": 3.9369104249506575, "19": 4.829873985074778, "20": 5.4464081728816875, "21": 4.245401190828363, "22": 3.056311380871067, "23": 1.5376621054559703}}