{"u": {"0": 1.0, "1": 1.0, "2": 1.0, "3": 1.0, "4": 1.0, "5": 1.0, "6": 1.0, "7": 1.0, "8": 1.0, "9": 1.0, "10": 1.0, "11": 1.0, "12": 1.0, "13": 1.0, "14": 1.0, "15": 1.0, "16": 1.0, "17": 1.0, "18": 1.0, "19": 1.0, "20": 1.0, "21": 1.0, "22": 1.0, "23": 1.0}, "p1": {"0": 0.0, "1": 0.0, "2": 0.0, "3": 0.0, "4": 0.0, "5": 3.722671266326616, "6": 9.740182463350745, "7": 11.528460252128944, "8": 13.606345715088256, "9": 19.66568084666526, "10": 17.564629167076586, "11": 15.374933994077727, "12": 9.633732843554224, "13": 5.842569149682523, "14": 3.546803447780716, "15": 3.6462456137717507, "16": 7.489496097370673, "17": 11.691503153062966, "18": 15.359052316972292, "19": 21.677607894960087, "20": 25.738985311422724, "21": 17.4897394671853, "22": 9.697859965116923, "23": 0.0}, "alpha": {"0": 1.0238686301174629, "1": 1.0172838574078205, "2": 1.3074888003886784, "3": 1.3134424727696083, "4": 1.3128005814493913, "5": 1.8298684644806218, "6": 1.8438579063393619, "7": 1.869135040383079, "8": 1.8717789083427556, "9": 1.9650501457641578, "10": 1.9037364397692427, "11": 1.9254830375013579, "12": 1.8558790334064117, "13": 1.8190712365513815, "14": 1.8246739078886896, "15": 1.8088298802362552, "16": 1.8600740880640925, "17": 1.8543548362969413, "18": 1.9446146427944715, "19": 1.9142641014198372, "20": 1.9446235605355024, "21": 1.914675807143583, "22": 1.836664985203598, "23": 1.7148277276239974}}