{"u": {"0": 1.0, "1": 1.0, "2": 1.0, "3": 1.0, "4": 1.0, "5": 1.0, "6": 1.0, "7": 1.0, "8": 1.0, "9": 1.0, "10": 1.0, "11": 1.0, "12": 1.0, "13": 1.0, "14": 1.0, "15": 1.0, "16": 1.0, "17": 1.0, "18": 1.0, "19": 1.0, "20": 1.0, "21": 1.0, "22": 1.0, "23": 1.0}, "p1": {"0": 0.0, "1": 0.0, "2": 0.0, "3": 0.0, "4": 0.0, "5": 0.0, "6": 0.0, "7": 0.0, "8": 0.0, "9": 0.0, "10": 0.0, "11": 0.0, "12": 0.0, "13": 0.0, "14": 0.0, "15": 0.0, "16": 0.0, "17": 0.0, "18": 0.0, "19": 0.0, "20": 0.0, "21": 0.0, "22": 0.0, "23": 0.0}, "alpha": {"0": 1.0228942619276389, "1": 1.016697135509009, "2": 1.2883375485017647, "3": 1.296179574113871, "4": 1.2932906392153702, "5": 2.35183160575707, "6": 3.5397915595978873, "7": 3.909365410655705, "8": 4.3245513528780855, "9": 5.575427544534957, "10": 5.123741993994931, "11": 4.713792357141165, "12": 3.5287555759538636, "13": 2.7633257269878517, "14": 2.315528152810643, "15": 2.3252047821641817, "16": 3.1065237249265816, "17": 3.9318582599191414, "18": 4.714267262380742, "19": 5.938148012627367, "20": 6.761557437548771, "21": 5.121825794420131, "22": 3.5227181157303793, "23": 1.5972381818809258}}