{"u": {"0": 1.0, "1": 1.0, "2": 1.0, "3": 1.0, "4": 1.0, "5": 1.0, "6": 1.0, "7": 1.0, "8": 1.0, "9": 1.0, "10": 1.0, "11": 1.0, "12": 1.0, "13": 1.0, "14": 1.0, "15": 1.0, "16": 1.0, "17": 1.0, "18": 1.0, "19": 1.0, "20": 1.0, "21": 1.0, "22": 1.0, "23": 1.0}, "p1": {"0": 0.0, "1": 0.0, "2": 0.0, "3": 0.0, "4": 0.0, "5": 2.601202390367491, "6": 8.373183586959927, "7": 10.239362330178738, "8": 12.210788277437866, "9": 17.99778214047819, "10": 16.241647881609783, "11": 14.359425792668844, "12": 8.61400299276554, "13": 4.610169193296834, "14": 2.778769424973349, "15": 2.7268918653795047, "16": 6.833037919826624, "17": 10.556703930448796, "18": 14.356312511026585, "19": 20.217782281314292, "20": 24.34642588513842, "21": 16.329293999246566, "22": 8.604244496623489, "23": 0.0}, "alpha": {"0": 1.0213344441398484, "1": 1.0175080978087532, "2": 1.2967110298582447, "3": 1.3080994942008064, "4": 1.3069393245280188, "5": 2.0290466631025224, "6": 2.0982213529697455, "7": 2.1036867308994682, "8": 2.1111559898880334, "9": 2.187712799300688, "10": 2.162072973642254, "11": 2.16562903970262, "12": 2.0796270488555946, "13": 2.027787928577855, "14": 1.9798574353538363, "15": 1.9843493135379993, "16": 2.0232401485390348, "17": 2.0767897553056027, "18": 2.1260649528055273, "19": 2.16570211692356, "20": 2.175033215803987, "21": 2.156220472377946, "22": 2.070153897117596, "23": 1.6471139820998664}}