{"u": {"0": 1.0, "1": 1.0, "2": 1.0, "3": 1.0, "4": 1.0, "5": 1.0, "6": 1.0, "7": 1.0, "8": 1.0, "9": 1.0, "10": 1.0, "11": 1.0, "12": 1.0, "13": 1.0, "14": 1.0, "15": 1.0, "16": 1.0, "17": 1.0, "18": 1.0, "19": 1.0, "20": 1.0, "21": 1.0, "22": 1.0, "23": 1.0}, "p1": {"0": 0.0, "1": 0.0, "2": 0.0, "3": 0.0, "4": 0.0, "5": 0.0, "6": 0.0, "7": 0.0, "8": 0.0, "9": 0.0, "10": 0.0, "11": 0.0, "12": 0.0, "13": 0.0, "14": 0.0, "15": 0.0, "16": 0.0, "17": 0.0, "18": 0.0, "19": 0.0, "20": 0.0, "21": 0.0, "22": 0.0, "23": 0.0}, "alpha": {"0": 1.0180119753394172, "1": 1.0223016098793987, "2": 1.2960921561773664, "3": 1.296018243834227, "4": 1.2859187390122724, "5": 2.55396770182341, "6": 4.055782648135126, "7": 4.5217450263844725, "8": 5.04341775310124, "9": 6.5232999198614, "10": 6.047339242390638, "11": 5.567505118969859, "12": 4.043156962535866, "13": 3.0615389129075457, "14": 2.55083312279849, "15": 2.5548287914910324, "16": 3.5357277427510105, "17": 4.532170334219863, "18": 5.552906513543805, "19": 7.057429637332095, "20": 7.957389057349207, "21": 6.072468362988356, "22": 3.996548653587883, "23": 1.6409959676873933}}