{"u": {"0": 1.0, "1": 1.0, "2": 1.0, "3": 1.0, "4": 1.0, "5": 1.0, "6": 1.0, "7": 1.0, "8": 1.0, "9": 1.0, "10": 1.0, "11": 1.0, "12": 1.0, "13": 1.0, "14": 1.0, "15": 1.0, "16": 1.0, "17": 1.0, "18": 1.0, "19": 1.0, "20": 1.0, "21": 1.0, "22": 1.0, "23": 1.0}, "p1": {"0": 0.0, "1": 0.0, "2": 0.0, "3": 0.0, "4": 0.0, "5": 2.7833153279634506, "6": 8.433035390677125, "7": 10.37142688653754, "8": 12.43407648243568, "9": 18.26239904028673, "10": 16.219341246080226, "11": 14.375070133708833, "12": 8.480200070482878, "13": 4.672834591516136, "14": 2.7315007318469493, "15": 2.7861485946614324, "16": 6.647033100721271, "17": 10.412325684301138, "18": 14.440041577417682, "19": 20.358334103168797, "20": 23.80474306252193, "21": 16.33471417105151, "22": 8.320923229918574, "23": 0.0}, "alpha": {"0": 1.0182377332002308, "1": 1.0226842605194513, "2": 1.302458535477465, "3": 1.302743100441824, "4": 1.2914774635854624, "5": 1.988560374642585, "6": 2.109314533699288, "7": 2.0914445931083065, "8": 2.103244675208638, "9": 2.1413841152187425, "10": 2.18088860450141, "11": 2.161279822108139, "12": 2.0860902505687213, "13": 2.0434102078606853, "14": 1.998372650740318, "15": 1.9857932282710462, "16": 2.0248702766344904, "17": 2.100009001225632, "18": 2.1263057017632923, "19": 2.170785893148344, "20": 2.218498970670682, "21": 2.179820253283415, "22": 2.0802919775686592, "23": 1.681511965644359}}