{"u": {"0": 1.0, "1": 1.0, "2": 1.0, "3": 1.0, "4": 1.0, "5": 1.0, "6": 1.0, "7": 1.0, "8": 1.0, "9": 1.0, "10": 1.0, "11": 1.0, "12": 1.0, "13": 1.0, "14": 1.0, "15": 1.0, "16": 1.0, "17": 1.0, "18": 1.0, "19": 1.0, "20": 1.0, "21": 1.0, "22": 1.0, "23": 1.0}, "p1": {"0": 0.0, "1": 0.0, "2": 0.0, "3": 0.0, "4": 0.0, "5": 2.8345102446788486, "6": 8.470951347867468, "7": 10.541504669989875, "8": 12.33118864169203, "9": 18.13157213325598, "10": 16.13033143490794, "11": 14.315771490920104, "12": 8.461752590874132, "13": 4.782334538588345, "14": 2.6452775892714993, "15": 2.6321367937589937, "16": 6.2981051323574935, "17": 10.430442135263997, "18": 14.10033809011627, "19": 20.216907914596487, "20": 24.175198259956957, "21": 16.271806329814265, "22": 8.33721574504224, "23": 0.0}, "alpha": {"0": 1.0235438407208548, "1": 1.01708828344155, "2": 1.3011050497597072, "3": 1.3076881732176977, "4": 1.3062972673713862, "5": 1.983025547210124, "6": 2.083450340257957, "7": 2.0367595519737116, "8": 2.107193030072113, "9": 2.24614824066089, "10": 2.1727265342675777, "11": 2.103712460151997, "12": 2.0702119484693444, "13": 2.0148912733139412, "14": 1.982151434750826, "15": 1.9958228719460074, "16": 2.0790852581476718, "17": 2.0889826965904508, "18": 2.1662968308597548, "19": 2.184132554324842, "20": 2.2327758049381394, "21": 2.129822220053458, "22": 2.098557353391475, "23": 1.6756312123763073}}