{"u": {"0": 1.0, "1": 1.0, "2": 1.0, "3": 1.0, "4": 1.0, "5": 1.0, "6": 1.0, "7": 1.0, "8": 1.0, "9": 1.0, "10": 1.0, "11": 1.0, "12": 1.0, "13": 1.0, "14": 1.0, "15": 1.0, "16": 1.0, "17": 1.0, "18": 1.0, "19": 1.0, "20": 1.0, "21": 1.0, "22": 1.0, "23": 1.0}, "p1": {"0": 0.0, "1": 0.0, "2": 0.0, "3": 0.0, "4": 0.0, "5": 0.0, "6": 0.0, "7": 0.0, "8": 0.0, "9": 0.0, "10": 0.0, "11": 0.0, "12": 0.0, "13": 0.0, "14": 0.0, "15": 0.0, "16": 0.0, "17": 0.0, "18": 0.0, "19": 0.0, "20": 0.0, "21": 0.0, "22": 0.0, "23": 0.0}, "alpha": {"0": 1.0225694725310313, "1": 1.016501561542739, "2": 1.2819537978728006, "3": 1.290425274561966, "4": 1.2867873251373698, "5": 2.146735594678355, "6": 3.038843669698445, "7": 3.316024057991797, "8": 3.627413514658595, "9": 4.56557065840122, "10": 4.226806495496191, "11": 3.9193442678558914, "12": 3.030566681965423, "13": 2.4563413186872, "14": 2.119189739343682, "15": 2.126719977402288, "16": 2.7138927936949675, "17": 3.332893694939391, "18": 3.9197004467855576, "19": 4.837611009470525, "20": 5.455168078161576, "21": 4.225369345815096, "22": 3.0260385867978132, "23": 1.5580416666332606}}