{"u": {"0": 1.0, "1": 1.0, "2": 1.0, "3": 1.0, "4": 1.0, "5": 1.0, "6": 1.0, "7": 1.0, "8": 1.0, "9": 1.0, "10": 1.0, "11": 1.0, "12": 1.0, "13": 1.0, "14": 1.0, "15": 1.0, "16": 1.0, "17": 1.0, "18": 1.0, "19": 1.0, "20": 1.0, "21": 1.0, "22": 1.0, "23": 1.0}, "p1": {"0": 0.0, "1": 0.0, "2": 0.0, "3": 0.0, "4": 0.0, "5": 0.0, "6": 0.0, "7": 0.0, "8": 0.0, "9": 0.0, "10": 0.0, "11": 0.0, "12": 0.0, "13": 0.0, "14": 0.0, "15": 0.0, "16": 0.0, "17": 0.0, "18": 0.0, "19": 0.0, "20": 0.0, "21": 0.0, "22": 0.0, "23": 0.0}, "alpha": {"0": 1.0175604596177898, "1": 1.0215363085992935, "2": 1.2833593975771762, "3": 1.2825685306190397, "4": 1.2748012898659005, "5": 2.1453276939518537, "6": 3.0478695888810803, "7": 3.3274470158306677, "8": 3.640450651860718, "9": 4.528379951916745, "10": 4.242803545434312, "11": 3.9549030713818647, "12": 3.0402941775215235, "13": 2.450986236697302, "14": 2.1431192232276888, "15": 2.144870160702676, "16": 2.7358366456506227, "17": 3.3337022005319072, "18": 3.9461439081262246, "19": 4.848857782399167, "20": 5.388833434409435, "21": 4.257881017792923, "22": 3.0123291921527247, "23": 1.5599639717735503}}