{"u": {"0": 1.0, "1": 1.0, "2": 1.0, "3": 1.0, "4": 1.0, "5": 1.0, "6": 1.0, "7": 1.0, "8": 1.0, "9": 1.0, "10": 1.0, "11": 1.0, "12": 1.0, "13": 1.0, "14": 1.0, "15": 1.0, "16": 1.0, "17": 1.0, "18": 1.0, "19": 1.0, "20": 1.0, "21": 1.0, "22": 1.0, "23": 1.0}, "p1": {"0": 0.0, "1": 0.0, "2": 0.0, "3": 0.0, "4": 0.0, "5": 0.0, "6": 0.0, "7": 0.0, "8": 0.0, "9": 0.0, "10": 0.0, "11": 0.0, "12": 0.0, "13": 0.0, "14": 0.0, "15": 0.0, "16": 0.0, "17": 0.0, "18": 0.0, "19": 0.0, "20": 0.0, "21": 0.0, "22": 0.0, "23": 0.0}, "alpha": {"0": 1.0232190513242474, "1": 1.0168927094752798, "2": 1.2947212991307357, "3": 1.3019338736657837, "4": 1.2997939532933778, "5": 2.5569276168357646, "6": 4.040739449497401, "7": 4.50270676331969, "8": 5.021689191097702, "9": 6.585284430668845, "10": 6.020677492493784, "11": 5.508240446426567, "12": 4.0269444699423715, "13": 3.070310135288546, "14": 2.511866566277604, "15": 2.523689586926083, "16": 3.4991546561582325, "17": 4.530822824898996, "18": 5.508834077976022, "19": 7.038685015784354, "20": 8.067946796936132, "21": 6.018282243025284, "22": 4.019397644663029, "23": 1.63643469712859}}