{"u": {"0": 0.0, "1": 1.0, "2": 1.0, "3": 1.0, "4": 1.0, "5": 1.0, "6": 1.0, "7": 1.0, "8": 1.0, "9": 1.0, "10": 1.0, "11": 1.0, "12": 1.0, "13": 1.0, "14": 1.0, "15": 1.0, "16": 1.0, "17": 1.0, "18": 1.0, "19": 1.0, "20": 1.0, "21": 1.0, "22": 1.0, "23": 1.0, "24": 1.0}, "p1": {"0": 0.0, "1": 0.652213501905675, "2": 0.0, "3": 0.0, "4": 0.0, "5": 0.0, "6": 3.222527152185039, "7": 9.686900372695186, "8": 38.80271298091078, "9": 0.0, "10": 8.977622428565944, "11": 19.32920015930864, "12": 21.824040015933093, "13": 26.368709768857176, "14": 17.925892901160243, "15": 10.905914964682458, "16": 0.0, "17": 17.777957982019995, "18": 5.23991528063938, "19": 17.473985250514584, "20": 18.61630848251164, "21": 24.09793353232298, "22": 17.219232002064153, "23": 9.805090331376375, "24": 0.3009027857999982}, "pg": {"0": 0, "1": 5.0, "2": 10.0, "3": 12.0, "4": 12.0, "5": 12.0, "6": 12.0, "7": 12.0, "8": 7.0, "9": 9.657657374134118, "10": 4.657657374134118, "11": 9.154392570844145, "12": 12.0, "13": 12.0, "14": 12.0, "15": 12.0, "16": 12.0, "17": 7.0, "18": 12.0, "19": 12.0, "20": 12.0, "21": 12.0, "22": 12.0, "23": 12.0, "24": 12.0}, "p2": {"0": 0, "1": 2.7667624042519448, "2": 0.2651417298404706, "3": 0.7981527653864848, "4": 0.0, "5": 0.0, "6": 0.4085332951756868, "7": 0.0, "8": 0.0, "9": 0.0, "10": 0.0, "11": 0.0, "12": 0.0, "13": 0.0, "14": 0.0, "15": 0.0, "16": 0.0, "17": 0.0, "18": 2.4879674481314886, "19": 4.685428853684133, "20": 2.7637987056810545, "21": 3.885590212472149, "22": 1.0448341408701936, "23": 2.465516483124363, "24": 1.574047092654645}, "stor_net_i": {"battery": {"0": null, "1": 0.0, "2": 0.0, "3": -1.8572765337970516, "4": -0.000688863335915002, "5": -3.1420346028670334, "6": 2.825098426312577, "7": 2.174901573687423, "8": 0.0, "9": -5.0, "10": 5.0, "11": 0.0, "12": 0.0, "13": 0.0, "14": 0.0, "15": -5.0, "16": 0.0, "17": 0.0, "18": 5.0, "19": -5.0, "20": 5.0, "21": 0.0, "22": 0.0, "23": 0.0, "24": 0.0}, "ev_1": {"0": 0, "1": 0, "2": 0, "3": 0, "4": 0, "5": 0, "6": 0, "7": 0, "8": -11.0, "9": 3.799999999999997, "10": 11.0, "11": 0.0, "12": 0.0, "13": -2.7703467879484087, "14": 2.7703467879484087, "15": 0.0, "16": -10.233597420051534, "17": -4.966402579948465, "18": 0, "19": 0, "20": 0, "21": 0, "22": 0, "23": 0, "24": 0}, "ev_2": {"0": 0, "1": 0, "2": 0, "3": 0, "4": 0, "5": 0, "6": 0, "7": 0, "8": -3.526959178693936, "9": 7.326959178693933, "10": 0.0, "11": -3.9836856091469253, "12": -1.3827362603031048, "13": -11.0, "14": -6.433578130549972, "15": 10.495958904885192, "16": 8.104041095114809, "17": -11.0, "18": 0, "19": 0, "20": 0, "21": 0, "22": 0, "23": 0, "24": 0}, "ev_3": {"0": 0, "1": 0, "2": 0, "3": 0, "4": 0, "5": 0, "6": 0, "7": 0, "8": -9.96294249568139, "9": 11.0, "10": 2.7629424956813864, "11": 0.0, "12": 0.0, "13": -0.0498845535526371, "14": -11.0, "15": -11.0, "16": -0.7501154464473636, "17": 7.600000000000001, "18": 0, "19": 0, "20": 0, "21": 0, "22": 0, "23": 0, "24": 0}}, "stor_level": {"battery": {"0": 0, "1": 0.0, "2": 0.0, "3": 1.8572765337970516, "4": 1.8579653971329666, "5": 5.0, "6": 2.174901573687423, "7": 0.0, "8": 0.0, "9": 5.0, "10": 0.0, "11": 0.0, "12": 0.0, "13": 0.0, "14": 0.0, "15": 5.0, "16": 5.0, "17": 5.0, "18": 0.0, "19": 5.0, "20": 0.0, "21": 0.0, "22": 0.0, "23": 0.0, "24": 0.0}, "ev_1": {"0": 0, "1": 0, "2": 0, "3": 0, "4": 0, "5": 0, "6": 0, "7": 0, "8": 22.4, "9": 18.6, "10": 7.6000000000000005, "11": 7.6000000000000005, "12": 7.6000000000000005, "13": 10.37034678794841, "14": 7.6000000000000005, "15": 7.6000000000000005, "16": 17.833597420051536, "17": 22.8, "18": 0, "19": 0, "20": 0, "21": 0, "22": 0, "23": 0, "24": 0}, "ev_2": {"0": 0, "1": 0, "2": 0, "3": 0, "4": 0, "5": 0, "6": 0, "7": 0, "8": 14.926959178693934, "9": 7.6000000000000005, "10": 7.6000000000000005, "11": 11.583685609146926, "12": 12.96642186945003, "13": 23.96642186945003, "14": 30.400000000000002, "15": 19.90404109511481, "16": 11.8, "17": 22.8, "18": 0, "19": 0, "20": 0, "21": 0, "22": 0, "23": 0, "24": 0}, "ev_3": {"0": 0, "1": 0, "2": 0, "3": 0, "4": 0, "5": 0, "6": 0, "7": 0, "8": 21.362942495681388, "9": 10.362942495681388, "10": 7.6000000000000005, "11": 7.6000000000000005, "12": 7.6000000000000005, "13": 7.6498845535526385, "14": 18.64988455355264, "15": 29.64988455355264, "16": 30.400000000000002, "17": 22.8, "18": 0, "19": 0, "20": 0, "21": 0, "22": 0, "23": 0, "24": 0}}, "dual_con1": {"0": 0.0, "1": 0.0, "2": 0.0, "3": -2.064, "4": -2.064, "5": -2.064, "6": -2.064, "7": -2.064, "8": 0.0, "9": 0.0, "10": 0.0, "11": 0.0, "12": 0.0, "13": 0.0, "14": 0.0, "15": 0.0, "16": 0.0, "17": 0.0, "18": -2.064, "19": -2.064, "20": -2.064, "21": -2.064, "22": -2.064, "23": -2.064, "24": -2.064}, "dual_con2": {"0": 0.0, "1": -0.3, "2": -0.3, "3": -0.3, "4": -0.3, "5": -0.3, "6": -0.3, "7": -0.3, "8": -0.128, "9": -0.128, "10": -0.128, "11": -0.128, "12": -0.128, "13": -0.128, "14": -0.128, "15": -0.128, "16": -0.128, "17": -0.128, "18": -0.3, "19": -0.3, "20": -0.3, "21": -0.3, "22": -0.3, "23": -0.3, "24": -0.3}}