{"u": {"0": 1.0, "1": 1.0, "2": 1.0, "3": 1.0, "4": 1.0, "5": 1.0, "6": 1.0, "7": 1.0, "8": 1.0, "9": 1.0, "10": 1.0, "11": 1.0, "12": 1.0, "13": 1.0, "14": 1.0, "15": 1.0, "16": 1.0, "17": 1.0, "18": 1.0, "19": 1.0, "20": 1.0, "21": 1.0, "22": 1.0, "23": 1.0}, "p1": {"0": 0.0, "1": 0.0, "2": 0.0, "3": 0.0, "4": 0.0, "5": 0.0, "6": 0.0, "7": 0.0, "8": 0.0, "9": 0.0, "10": 0.0, "11": 15.999999999999993, "12": 9.999999999999998, "13": 5.999999999999998, "14": 4.0, "15": 4.0, "16": 8.0, "17": 0.0, "18": 15.999999999999993, "19": 21.999999999999993, "20": 25.999999999999996, "21": 17.999999999999996, "22": 9.999999999999998, "23": 0.0}, "alpha": {"0": 1.024, "1": 1.024, "2": 1.28, "3": 1.28, "4": 1.28, "5": 2.5359999999999996, "6": 4.0360000000000005, "7": 4.536, "8": 5.036, "9": 6.5360000000000005, "10": 6.036, "11": 1.5360000000000014, "12": 1.536, "13": 1.5360000000000005, "14": 1.536, "15": 1.536, "16": 1.536, "17": 4.536, "18": 1.5360000000000014, "19": 1.5360000000000014, "20": 1.5360000000000005, "21": 1.5360000000000005, "22": 1.536, "23": 1.536}}