{"u": {"0": 1.0, "1": 1.0, "2": 1.0, "3": 1.0, "4": 1.0, "5": 1.0, "6": 1.0, "7": 1.0, "8": 1.0, "9": 1.0, "10": 1.0, "11": 1.0, "12": 1.0, "13": 1.0, "14": 1.0, "15": 1.0, "16": 1.0, "17": 1.0, "18": 1.0, "19": 1.0, "20": 1.0, "21": 1.0, "22": 1.0, "23": 1.0}, "p1": {"0": 0.0, "1": 0.0, "2": 0.0, "3": 0.0, "4": 0.0, "5": 0.0, "6": 0.0, "7": 0.0, "8": 0.0, "9": 0.0, "10": 0.0, "11": 0.0, "12": 0.0, "13": 0.0, "14": 0.0, "15": 0.0, "16": 0.0, "17": 0.0, "18": 0.0, "19": 0.0, "20": 0.0, "21": 0.0, "22": 0.0, "23": 0.0}, "pg": {"0": 8.0, "1": 8.0, "2": 10.0, "3": 10.0, "4": 10.0, "5": 12.0, "6": 12.0, "7": 12.0, "8": 12.0, "9": 12.0, "10": 12.0, "11": 12.0, "12": 12.0, "13": 12.0, "14": 12.0, "15": 12.0, "16": 12.0, "17": 12.0, "18": 12.0, "19": 12.0, "20": 12.0, "21": 12.0, "22": 12.0, "23": 12.0}, "p2": {"0": 0.0, "1": 0.0, "2": 0.0, "3": 0.0, "4": 0.0, "5": 4.0, "6": 10.0, "7": 12.0, "8": 14.0, "9": 20.0, "10": 18.0, "11": 16.0, "12": 10.0, "13": 6.0, "14": 4.0, "15": 4.0, "16": 8.0, "17": 12.0, "18": 16.0, "19": 22.0, "20": 26.0, "21": 18.0, "22": 10.0, "23": 0.0}, "dual_con1": {"0": 0.0, "1": 0.0, "2": 0.0, "3": 0.0, "4": 0.0, "5": -0.8640000000000001, "6": -0.8640000000000001, "7": -0.8640000000000001, "8": -0.8640000000000001, "9": -0.8640000000000001, "10": -0.8640000000000001, "11": -0.8640000000000001, "12": -0.8640000000000001, "13": -0.8640000000000001, "14": -0.8640000000000001, "15": -0.8640000000000001, "16": -0.8640000000000001, "17": -0.8640000000000001, "18": -0.8640000000000001, "19": -0.8640000000000001, "20": -0.8640000000000001, "21": -0.8640000000000001, "22": -0.8640000000000001, "23": 0.0}, "dual_con2": {"0": -0.128, "1": -0.128, "2": -0.128, "3": -0.128, "4": -0.128, "5": -0.2, "6": -0.2, "7": -0.2, "8": -0.2, "9": -0.2, "10": -0.2, "11": -0.2, "12": -0.2, "13": -0.2, "14": -0.2, "15": -0.2, "16": -0.2, "17": -0.2, "18": -0.2, "19": -0.2, "20": -0.2, "21": -0.2, "22": -0.2, "23": -0.128}}