{"u": {"0": 1.0, "1": 1.0, "2": 1.0, "3": 1.0, "4": 1.0, "5": 1.0, "6": 1.0, "7": 1.0, "8": 1.0, "9": 1.0, "10": 1.0, "11": 1.0, "12": 1.0, "13": 1.0, "14": 1.0, "15": 1.0, "16": 1.0, "17": 1.0, "18": 1.0, "19": 1.0, "20": 1.0, "21": 1.0, "22": 1.0, "23": 1.0}, "p1": {"0": 0.0, "1": 0.0, "2": 0.0, "3": 0.0, "4": 0.0, "5": 0.0, "6": 0.0, "7": 0.0, "8": 0.0, "9": 0.0, "10": 0.0, "11": 15.999999999999993, "12": 9.999999999999998, "13": 5.999999999999998, "14": 4.0, "15": 4.0, "16": 8.0, "17": 0.0, "18": 15.999999999999993, "19": 21.999999999999993, "20": 25.999999999999996, "21": 17.999999999999996, "22": 9.999999999999998, "23": 0.0}, "pg": {"0": 8.0, "1": 8.0, "2": 10.0, "3": 10.0, "4": 10.0, "5": 12.0, "6": 12.0, "7": 12.0, "8": 12.0, "9": 12.0, "10": 12.0, "11": 12.000000000000007, "12": 12.000000000000002, "13": 12.000000000000002, "14": 12.0, "15": 12.0, "16": 12.0, "17": 12.0, "18": 12.000000000000007, "19": 12.000000000000007, "20": 12.000000000000004, "21": 12.000000000000004, "22": 12.000000000000002, "23": 12.0}, "p2": {"0": 0.0, "1": 0.0, "2": 0.0, "3": 0.0, "4": 0.0, "5": 4.0, "6": 10.0, "7": 12.0, "8": 14.0, "9": 20.0, "10": 18.0, "11": 0.0, "12": 0.0, "13": 0.0, "14": 0.0, "15": 0.0, "16": 0.0, "17": 12.0, "18": 0.0, "19": 0.0, "20": 0.0, "21": 0.0, "22": 0.0, "23": 0.0}, "dual_con1": {"0": 0.0, "1": 0.0, "2": 0.0, "3": 0.0, "4": 0.0, "5": -1.464, "6": -1.464, "7": -1.464, "8": -1.464, "9": -1.464, "10": -1.464, "11": 0.0, "12": 0.0, "13": 0.0, "14": 0.0, "15": 0.0, "16": 0.0, "17": -1.464, "18": 0.0, "19": 0.0, "20": 0.0, "21": 0.0, "22": 0.0, "23": 0.0}, "dual_con2": {"0": -0.128, "1": -0.128, "2": -0.128, "3": -0.128, "4": -0.128, "5": -0.25, "6": -0.25, "7": -0.25, "8": -0.25, "9": -0.25, "10": -0.25, "11": -0.128, "12": -0.128, "13": -0.128, "14": -0.128, "15": -0.128, "16": -0.128, "17": -0.25, "18": -0.128, "19": -0.128, "20": -0.128, "21": -0.128, "22": -0.128, "23": -0.128}}