{"u": {"0": 1.0, "1": 1.0, "2": 1.0, "3": 1.0, "4": 1.0, "5": 1.0, "6": 1.0, "7": 1.0, "8": 1.0, "9": 1.0, "10": 1.0, "11": 1.0, "12": 1.0, "13": 1.0, "14": 1.0, "15": 1.0, "16": 1.0, "17": 1.0, "18": 1.0, "19": 1.0, "20": 1.0, "21": 1.0, "22": 1.0, "23": 1.0}, "p1": {"0": 0.0, "1": 0.0, "2": 0.0, "3": 0.0, "4": 0.0, "5": 0.0, "6": 0.0, "7": 0.0, "8": 0.0, "9": 0.0, "10": 0.0, "11": 0.0, "12": 0.0, "13": 0.0, "14": 0.0, "15": 0.0, "16": 0.0, "17": 0.0, "18": 0.0, "19": 0.0, "20": 0.0, "21": 0.0, "22": 0.0, "23": 0.0}, "alpha": {"0": 1.0211133316274734, "1": 1.017069981766229, "2": 1.2909033721324397, "3": 1.301193434084071, "4": 1.3008824671726311, "5": 2.540744561393808, "6": 4.0268190229623455, "7": 4.496740026055273, "8": 4.997153594790669, "9": 6.496798954538921, "10": 6.0413372956306075, "11": 5.57135191578324, "12": 4.074768418899159, "13": 3.0353438809674533, "14": 2.544283359653566, "15": 2.536492701162827, "16": 3.5838010142433587, "17": 4.5543761556552536, "18": 5.537517374917858, "19": 7.0257899751247805, "20": 8.053346954802983, "21": 6.051668651380735, "22": 4.069852301451788, "23": 1.610630023218535}}