{"u": {"0": 1.0, "1": 1.0, "2": 1.0, "3": 1.0, "4": 1.0, "5": 1.0, "6": 1.0, "7": 1.0, "8": 1.0, "9": 1.0, "10": 1.0, "11": 1.0, "12": 1.0, "13": 1.0, "14": 1.0, "15": 1.0, "16": 1.0, "17": 1.0, "18": 1.0, "19": 1.0, "20": 1.0, "21": 1.0, "22": 1.0, "23": 1.0}, "p1": {"0": 0.0, "1": 0.0, "2": 0.0, "3": 0.0, "4": 0.0, "5": 0.0, "6": 0.0, "7": 0.0, "8": 0.0, "9": 0.0, "10": 0.0, "11": 0.0, "12": 0.0, "13": 0.0, "14": 0.0, "15": 0.0, "16": 0.0, "17": 0.0, "18": 0.0, "19": 0.0, "20": 0.0, "21": 0.0, "22": 0.0, "23": 0.0}, "alpha": {"0": 1.0208922191150978, "1": 1.0166318657237046, "2": 1.2850957144066357, "3": 1.2942873739673388, "4": 1.2948256098172466, "5": 2.3385703289586908, "6": 3.528655218369831, "7": 3.904592020844169, "8": 4.304922875832471, "9": 5.504639163631059, "10": 5.140269836504396, "11": 4.764281532626507, "12": 3.5670147351192814, "13": 2.7352260985201684, "14": 2.3415793682229693, "15": 2.3355629117521226, "16": 3.1742408113946716, "17": 3.9507009245241447, "18": 4.737213899934202, "19": 5.927831980099705, "20": 6.749877563842259, "21": 5.14853492110451, "22": 3.56308184116138, "23": 1.574146064337255}}