stor_level,time,iterations
4,176.7130708694458,9
TOTAL,176.72229599952698,0
