{"u": {"0": 0.0, "1": 1.0, "2": 1.0, "3": 1.0, "4": 1.0, "5": 1.0, "6": 1.0, "7": 1.0, "8": 1.0, "9": 1.0, "10": 1.0, "11": 1.0, "12": 1.0, "13": 1.0, "14": 1.0, "15": 1.0, "16": 1.0, "17": 1.0, "18": 1.0, "19": 1.0, "20": 1.0, "21": 1.0, "22": 1.0, "23": 1.0, "24": 1.0}, "p1": {"0": 0.0, "1": 1.6733132849557988, "2": 0.0, "3": 0.0, "4": 0.0, "5": 0.0, "6": 2.7905882598599394, "7": 8.545366895072283, "8": 10.367242290562578, "9": 12.28473616001592, "10": 18.132862679537876, "11": 16.197807220561167, "12": 14.384821258191561, "13": 8.538881478790142, "14": 4.5051747336300405, "15": 2.6480597901109046, "16": 2.635680592474099, "17": 6.655468974296561, "18": 10.482233146311463, "19": 14.03778698229436, "20": 20.175382376721046, "21": 23.896000199605336, "22": 15.919272677071454, "23": 8.630597236263235, "24": 0.0}, "pg": {"0": 0, "1": 5.0, "2": 4.836896463595874, "3": 8.960659064036314, "4": 9.20399842804247, "5": 9.22368418870187, "6": 12.0, "7": 12.0, "8": 12.0, "9": 12.0, "10": 8.725462873621446, "11": 12.0, "12": 12.0, "13": 12.0, "14": 12.0, "15": 8.243272222395094, "16": 10.442536407300537, "17": 12.0, "18": 12.0, "19": 11.432813990631907, "20": 12.0, "21": 11.393709529062075, "22": 12.0, "23": 7.8701188310487495, "24": 11.71824716644683}, "p2": {"0": 0, "1": 0.4310410439697385, "2": 0.0, "3": 0.0, "4": 0.0, "5": 0.0, "6": 4.480011537252807, "7": 0.9119479824485683, "8": 1.999128964860331, "9": 4.679346278720608, "10": 0.0, "11": 0.6751896044529353, "12": 0.338475751420507, "13": 5.344308128459161, "14": 2.0346951020668396, "15": 0.0, "16": 0.0, "17": 1.7539182349712874, "18": 1.3140038491141741, "19": 0.0, "20": 2.616993826806869, "21": 0.0, "22": 7.1594939934517825, "23": 0.0, "24": 0.0}, "dual_con1": {"0": 0.0, "1": 0.0, "2": 0.0, "3": 0.0, "4": 0.0, "5": 0.0, "6": -2.064, "7": -2.064, "8": -2.064, "9": -2.064, "10": 0.0, "11": -2.064, "12": -2.064, "13": -2.064, "14": -2.064, "15": 0.0, "16": 0.0, "17": -2.064, "18": -2.064, "19": 0.0, "20": -2.064, "21": 0.0, "22": -2.064, "23": 0.0, "24": 0.0}, "dual_con2": {"0": 0.0, "1": -0.3, "2": -0.128, "3": -0.128, "4": -0.128, "5": -0.128, "6": -0.3, "7": -0.3, "8": -0.3, "9": -0.3, "10": -0.128, "11": -0.3, "12": -0.3, "13": -0.3, "14": -0.3, "15": -0.128, "16": -0.128, "17": -0.3, "18": -0.3, "19": -0.128, "20": -0.3, "21": -0.128, "22": -0.3, "23": -0.128, "24": -0.128}}