{"u": {"0": 0, "1": 1.0, "2": 1.0, "3": 1.0, "4": 1.0, "5": 1.0, "6": 1.0, "7": 1.0, "8": 1.0, "9": 1.0, "10": 1.0, "11": 1.0, "12": 1.0, "13": 1.0, "14": 1.0, "15": 1.0, "16": 1.0, "17": 1.0, "18": 1.0, "19": 1.0, "20": 1.0, "21": 1.0, "22": 1.0, "23": 1.0, "24": 1.0}, "p1": {"0": 0, "1": 7.0729239382102485, "2": 0.0, "3": 0.0, "4": 0.0, "5": 0.0, "6": 6.649721967571008, "7": 10.95739776996953, "8": 12.82572295724539, "9": 16.968144295628925, "10": 20.94107578461444, "11": 19.939686921375554, "12": 16.34468295889235, "13": 10.062731199006464, "14": 5.811768036360993, "15": 3.9446657580620705, "16": 3.574228551691972, "17": 7.497365129760515, "18": 10.122627563134918, "19": 17.65114716965219, "20": 23.106839471005046, "21": 22.24792007471418, "22": 11.164726259325592, "23": 8.765807742088386, "24": 0.07278206355221606}, "alpha": {"0": 0, "1": 1.1021025068281887, "2": 1.1863243618954655, "3": 1.3195362431170585, "4": 1.3745481223450575, "5": 1.315261821171311, "6": 1.3059945098058656, "7": 1.3975253020189624, "8": 1.3896914000164462, "9": 1.3027771771630379, "10": 1.3615770975179609, "11": 1.504185183916186, "12": 1.54094731114876, "13": 1.5423542373802388, "14": 1.5652115588003792, "15": 1.5646606726837606, "16": 1.6331524456423532, "17": 1.736487653984933, "18": 2.0956415040940803, "19": 1.3825800504087025, "20": 1.4862404274575847, "21": 2.0847079206571504, "22": 1.668525695589457, "23": 1.9278499340556887, "24": 1.4857335735889805}}