{"u": {"0": 0.0, "1": 1.0, "2": 1.0, "3": 1.0, "4": 1.0, "5": 1.0, "6": 1.0, "7": 1.0, "8": 1.0, "9": 1.0, "10": 1.0, "11": 1.0, "12": 1.0, "13": 1.0, "14": 1.0, "15": 1.0, "16": 1.0, "17": 1.0, "18": 1.0, "19": 1.0, "20": 1.0, "21": 1.0, "22": 1.0, "23": 1.0, "24": 1.0}, "p1": {"0": 0.0, "1": 7.0729239382102485, "2": 0.0, "3": 0.0, "4": 0.0, "5": 0.0, "6": 6.649721967571008, "7": 10.95739776996953, "8": 12.82572295724539, "9": 16.968144295628925, "10": 20.94107578461444, "11": 19.939686921375554, "12": 16.34468295889235, "13": 10.062731199006464, "14": 5.811768036360993, "15": 3.9446657580620705, "16": 3.574228551691972, "17": 7.497365129760515, "18": 10.122627563134918, "19": 17.65114716965219, "20": 23.106839471005046, "21": 22.24792007471418, "22": 11.164726259325592, "23": 8.765807742088386, "24": 0.07278206355221606}, "pg": {"0": 0, "1": 5.0, "2": 10.0, "3": 12.0, "4": 12.0, "5": 12.0, "6": 12.0, "7": 12.0, "8": 12.0, "9": 12.0, "10": 12.0, "11": 12.0, "12": 12.0, "13": 12.0, "14": 12.0, "15": 12.0, "16": 12.0, "17": 12.0, "18": 12.0, "19": 12.0, "20": 12.0, "21": 12.0, "22": 12.0, "23": 12.0, "24": 12.0}, "p2": {"0": 0, "1": 0.0, "2": 0.0, "3": 1.8441154211555197, "4": 0.0, "5": 0.0, "6": 0.0, "7": 0.0, "8": 0.0, "9": 0.0, "10": 1.2464234825521885, "11": 0.0, "12": 0.0, "13": 0.0, "14": 0.0, "15": 0.0, "16": 0.0, "17": 0.0, "18": 0.0, "19": 0.0, "20": 0.0, "21": 0.0, "22": 11.15990468849291, "23": 0.0, "24": 1.8468226728654678}, "stor_net_i": {"0": 0, "1": -2.572799813609926, "2": -1.4767468966418615, "3": -6.1920786219560515, "4": -0.29601145353681524, "5": -1.4623632142553458, "6": 2.334452260879477, "7": 0.8159666115198174, "8": 2.8806143760119554, "9": -3.257335958755789, "10": 1.9412157385019597, "11": -0.7304480352966678, "12": -2.5558546448285426, "13": -0.6250567017669972, "14": -0.0991507966942411, "15": -0.009183560094619736, "16": -0.695219289476352, "17": 0.5782085791559695, "18": 1.9049893130306632, "19": 2.6932126383131774, "20": 6.678018756742844, "21": -1.6163711249617094, "22": 1.7619418377190552, "23": -0.20707816404790869, "24": 0.20707816404790869}, "stor_level": {"0": 0, "1": 2.572799813609926, "2": 4.0495467102517875, "3": 10.241625332207839, "4": 10.537636785744654, "5": 12.0, "6": 9.665547739120523, "7": 8.849581127600706, "8": 5.96896675158875, "9": 9.22630271034454, "10": 7.2850869718425795, "11": 8.015535007139247, "12": 10.57138965196779, "13": 11.196446353734787, "14": 11.295597150429028, "15": 11.304780710523648, "16": 12.0, "17": 11.42179142084403, "18": 9.516802107813367, "19": 6.82358946950019, "20": 0.1455707127573458, "21": 1.7619418377190552, "22": 0.0, "23": 0.20707816404790869, "24": 0.0}, "dual_con1": {"0": 0.0, "1": 0.0, "2": 0.0, "3": -2.064, "4": -2.064, "5": -2.064, "6": -2.064, "7": -2.064, "8": -2.064, "9": -2.064, "10": -2.064, "11": -2.064, "12": -2.064, "13": -2.064, "14": -2.064, "15": -2.064, "16": -2.064, "17": -2.064, "18": -2.064, "19": -2.064, "20": -2.064, "21": -2.064, "22": -2.064, "23": -2.064, "24": -2.064}, "dual_con2": {"0": 0.0, "1": -0.3, "2": -0.3, "3": -0.3, "4": -0.3, "5": -0.3, "6": -0.3, "7": -0.3, "8": -0.3, "9": -0.3, "10": -0.3, "11": -0.3, "12": -0.3, "13": -0.3, "14": -0.3, "15": -0.3, "16": -0.3, "17": -0.3, "18": -0.3, "19": -0.3, "20": -0.3, "21": -0.3, "22": -0.3, "23": -0.3, "24": -0.3}}