{"u": {"0": 0.0, "1": 1.0, "2": 1.0, "3": 1.0, "4": 1.0, "5": 1.0, "6": 1.0, "7": 1.0, "8": 1.0, "9": 1.0, "10": 1.0, "11": 1.0, "12": 1.0, "13": 1.0, "14": 1.0, "15": 1.0, "16": 1.0, "17": 1.0, "18": 1.0, "19": 1.0, "20": 1.0, "21": 1.0, "22": 1.0, "23": 1.0, "24": 1.0}, "p1": {"0": 0.0, "1": 7.2201196897052675, "2": 0.0, "3": 0.0, "4": 0.0, "5": 0.0, "6": 3.8505484948851567, "7": 10.784072675393393, "8": 14.030189998894253, "9": 17.66234179895775, "10": 23.910986192921246, "11": 20.838066509404683, "12": 16.841645676871483, "13": 8.997653106501742, "14": 4.745228396616993, "15": 3.043908768620147, "16": 2.919043707390342, "17": 7.142406113489017, "18": 11.250282555865441, "19": 14.878292308845436, "20": 19.996511043845096, "21": 17.179037800459138, "22": 12.347120102319485, "23": 8.064318102934116, "24": 0.19092641764449958}, "pg": {"0": 0, "1": 5.0, "2": 10.0, "3": 12.0, "4": 12.0, "5": 12.0, "6": 12.0, "7": 12.0, "8": 12.0, "9": 12.0, "10": 12.0, "11": 12.0, "12": 12.0, "13": 12.0, "14": 12.0, "15": 12.0, "16": 12.0, "17": 12.0, "18": 12.0, "19": 12.0, "20": 12.0, "21": 12.0, "22": 12.0, "23": 12.0, "24": 12.0}, "p2": {"0": 0, "1": 0.0, "2": 0.0, "3": 5.080534808214129, "4": 0.0, "5": 0.0, "6": 0.0, "7": 0.0, "8": 0.0, "9": 0.0, "10": 0.0, "11": 0.0, "12": 0.0, "13": 0.4400213907377246, "14": 0.9673888430497595, "15": 0.8515389841725813, "16": 0.0, "17": 0.0, "18": 0.0, "19": 0.0, "20": 0.9649165987503299, "21": 3.4525111492933327, "22": 12.23386415832443, "23": 0.0, "24": 1.935756482821093}, "stor_net_i": {"0": 0, "1": -2.719995565104945, "2": -1.4767468966418615, "3": -9.42849800901466, "4": -0.29601145353681524, "5": -1.4623632142553458, "6": 5.133625733565328, "7": 0.9892917060959547, "8": 1.6761473343630922, "9": -3.9515334620846154, "10": 0.21772881274734246, "11": -1.6288276233257974, "12": -3.0528173628076765, "13": 0.0, "14": 0.0, "15": 0.04003444517472232, "16": -0.04003444517472232, "17": 0.9331675954274665, "18": 0.7773343203001399, "19": 5.46606749911993, "20": 8.823430585152465, "21": 0.0, "22": -0.49441147510636085, "23": 0.49441147510636085, "24": 0.0}, "stor_level": {"0": 0, "1": 2.719995565104945, "2": 4.1967424617468065, "3": 13.625240470761467, "4": 13.921251924298282, "5": 15.383615138553628, "6": 10.2499894049883, "7": 9.260697698892345, "8": 7.584550364529253, "9": 11.536083826613869, "10": 11.318355013866526, "11": 12.947182637192324, "12": 16.0, "13": 16.0, "14": 16.0, "15": 15.959965554825278, "16": 16.0, "17": 15.066832404572533, "18": 14.289498084272394, "19": 8.823430585152463, "20": 0.0, "21": 0.0, "22": 0.49441147510636085, "23": 0.0, "24": 0.0}, "dual_con1": {"0": 0.0, "1": 0.0, "2": 0.0, "3": -2.064, "4": -2.064, "5": -2.064, "6": -2.064, "7": -2.064, "8": -2.064, "9": -2.064, "10": -2.064, "11": -2.064, "12": -2.064, "13": -2.064, "14": -2.064, "15": -2.064, "16": -2.064, "17": -2.064, "18": -2.064, "19": -2.064, "20": -2.064, "21": -2.064, "22": -2.064, "23": -2.064, "24": -2.064}, "dual_con2": {"0": 0.0, "1": -0.3, "2": -0.3, "3": -0.3, "4": -0.3, "5": -0.3, "6": -0.3, "7": -0.3, "8": -0.3, "9": -0.3, "10": -0.3, "11": -0.3, "12": -0.3, "13": -0.3, "14": -0.3, "15": -0.3, "16": -0.3, "17": -0.3, "18": -0.3, "19": -0.3, "20": -0.3, "21": -0.3, "22": -0.3, "23": -0.3, "24": -0.3}}