{"u": {"0": 0, "1": 1.0, "2": 1.0, "3": 1.0, "4": 1.0, "5": 1.0, "6": 1.0, "7": 1.0, "8": 1.0, "9": 1.0, "10": 1.0, "11": 1.0, "12": 1.0, "13": 1.0, "14": 1.0, "15": 1.0, "16": 1.0, "17": 1.0, "18": 1.0, "19": 1.0, "20": 1.0, "21": 1.0, "22": 1.0, "23": 1.0, "24": 1.0}, "p1": {"0": 0, "1": 6.773222830477211, "2": 0.0, "3": 0.0, "4": 0.0, "5": 0.0, "6": 0.0, "7": 9.337820334295293, "8": 13.02985789013651, "9": 16.942766410101004, "10": 26.661460107718572, "11": 27.04219043176838, "12": 19.49104359266449, "13": 9.047774237488019, "14": 4.5039526933875536, "15": 2.6227512358248273, "16": 2.5549504731072084, "17": 7.487839259666661, "18": 10.547671520111827, "19": 14.192502350628677, "20": 19.35060321044217, "21": 14.51250012004947, "22": 11.139490846248592, "23": 8.425231883362022, "24": 0.19364858170985322}, "alpha": {"0": 0, "1": 1.1038128391480866, "2": 1.3970405007122346, "3": 1.344424674453865, "4": 1.4302654644777248, "5": 1.5012084767125156, "6": 1.7703130153962527, "7": 1.6751871538627556, "8": 1.4735017319616293, "9": 1.1865505428214016, "10": 0.9692418005868588, "11": 1.1108541307985051, "12": 1.5432991210172573, "13": 1.8351413258357472, "14": 1.9563656962477525, "15": 1.9612350293548986, "16": 1.9424758692177544, "17": 1.7474454150130883, "18": 1.9581683170010173, "19": 2.097969178994055, "20": 2.306879938672469, "21": 2.4458323206499135, "22": 1.6330522669414993, "23": 2.0425242070085927, "24": 1.436972102806689}}