{"u": {"0": 0.0, "1": 1.0, "2": 1.0, "3": 1.0, "4": 1.0, "5": 1.0, "6": 1.0, "7": 1.0, "8": 1.0, "9": 1.0, "10": 1.0, "11": 1.0, "12": 1.0, "13": 1.0, "14": 1.0, "15": 1.0, "16": 1.0, "17": 1.0, "18": 1.0, "19": 1.0, "20": 1.0, "21": 1.0, "22": 1.0, "23": 1.0, "24": 1.0}, "p1": {"0": 0.0, "1": 6.773222830477211, "2": 0.0, "3": 0.0, "4": 0.0, "5": 0.0, "6": 0.0, "7": 9.337820334295293, "8": 13.02985789013651, "9": 16.942766410101004, "10": 26.661460107718572, "11": 27.04219043176838, "12": 19.49104359266449, "13": 9.047774237488019, "14": 4.5039526933875536, "15": 2.6227512358248273, "16": 2.5549504731072084, "17": 7.487839259666661, "18": 10.547671520111827, "19": 14.192502350628677, "20": 19.35060321044217, "21": 14.51250012004947, "22": 11.139490846248592, "23": 8.425231883362022, "24": 0.19364858170985322}, "pg": {"0": 0, "1": 5.0, "2": 10.0, "3": 12.0, "4": 12.0, "5": 12.0, "6": 12.0, "7": 12.0, "8": 12.0, "9": 12.0, "10": 12.0, "11": 12.0, "12": 12.0, "13": 12.0, "14": 12.0, "15": 12.0, "16": 12.0, "17": 12.0, "18": 12.0, "19": 12.0, "20": 12.0, "21": 12.0, "22": 12.0, "23": 12.0, "24": 12.0}, "p2": {"0": 0, "1": 0.0, "2": 0.0, "3": 0.0, "4": 0.0, "5": 0.0, "6": 4.2400142476539315, "7": 0.0, "8": 0.0, "9": 0.0, "10": 0.0, "11": 0.0, "12": 0.0, "13": 0.0, "14": 0.0, "15": 3.6114257686052404, "16": 0.32405878910841146, "17": 0.0, "18": 0.0, "19": 0.0, "20": 14.772841109648986, "21": 0.0, "22": 2.947081939288964, "23": 0.1334976946784554, "24": 1.9330343187557393}, "stor_net_i": {"0": 0, "1": -2.2730987058768886, "2": -1.4767468966418615, "3": -4.347963200800532, "4": -0.29601145353681524, "5": -1.4623632142553458, "6": 4.744159980796553, "7": 2.435544047194055, "8": 2.6764794431208347, "9": -3.2319580732278688, "10": -2.532745102049983, "11": -7.832951545689493, "12": -5.702215278600683, "13": 0.3899002597514478, "14": 1.2086645462791985, "15": -2.298694806462617, "16": 0.0, "17": 0.5877344492498224, "18": 1.4799453560537543, "19": 6.151857457336689, "20": -4.338586092343267, "21": 6.119048829703001, "22": 10.0, "23": 0.0, "24": 0.0}, "stor_level": {"0": 0, "1": 2.2730987058768886, "2": 3.74984560251875, "3": 8.097808803319282, "4": 8.393820256856097, "5": 9.856183471111443, "6": 5.11202349031489, "7": 2.6764794431208347, "8": 0.0, "9": 3.2319580732278688, "10": 5.764703175277852, "11": 13.597654720967345, "12": 19.299869999568028, "13": 18.90996973981658, "14": 17.701305193537383, "15": 20.0, "16": 20.0, "17": 19.412265550750178, "18": 17.932320194696423, "19": 11.780462737359734, "20": 16.119048829703, "21": 10.0, "22": 0.0, "23": 0.0, "24": 0.0}, "dual_con1": {"0": 0.0, "1": 0.0, "2": 0.0, "3": -2.064, "4": -2.064, "5": -2.064, "6": -2.064, "7": -2.064, "8": -2.064, "9": -2.064, "10": -2.064, "11": -2.064, "12": -2.064, "13": -2.064, "14": -2.064, "15": -2.064, "16": -2.064, "17": -2.064, "18": -2.064, "19": -2.064, "20": -2.064, "21": -2.064, "22": -2.064, "23": -2.064, "24": -2.064}, "dual_con2": {"0": 0.0, "1": -0.3, "2": -0.3, "3": -0.3, "4": -0.3, "5": -0.3, "6": -0.3, "7": -0.3, "8": -0.3, "9": -0.3, "10": -0.3, "11": -0.3, "12": -0.3, "13": -0.3, "14": -0.3, "15": -0.3, "16": -0.3, "17": -0.3, "18": -0.3, "19": -0.3, "20": -0.3, "21": -0.3, "22": -0.3, "23": -0.3, "24": -0.3}}