{"u": {"0": 0.0, "1": 1.0, "2": 1.0, "3": 1.0, "4": 1.0, "5": 1.0, "6": 1.0, "7": 1.0, "8": 1.0, "9": 1.0, "10": 1.0, "11": 1.0, "12": 1.0, "13": 1.0, "14": 1.0, "15": 1.0, "16": 1.0, "17": 1.0, "18": 1.0, "19": 1.0, "20": 1.0, "21": 1.0, "22": 1.0, "23": 1.0, "24": 1.0}, "p1": {"0": 0.0, "1": 0.036513276914457826, "2": 0.0, "3": 0.0, "4": 0.0, "5": 0.0, "6": 1.8677466999077978, "7": 9.76177579254584, "8": 11.285364472282936, "9": 13.228188695790465, "10": 19.369032011992267, "11": 17.4260326631048, "12": 15.475857229398875, "13": 9.539858165943517, "14": 5.446658593898121, "15": 3.324608889785619, "16": 3.4657917781299314, "17": 7.687488377114402, "18": 11.794306452682285, "19": 15.884054785527383, "20": 21.894482717055325, "21": 25.983192499891473, "22": 18.10367816520045, "23": 9.990285477837453, "24": 0.5780883296288462}, "pg": {"0": 0, "1": 5.0, "2": 10.0, "3": 12.0, "4": 12.0, "5": 12.0, "6": 12.0, "7": 12.0, "8": 12.0, "9": 12.0, "10": 12.0, "11": 12.0, "12": 12.0, "13": 12.0, "14": 12.0, "15": 12.0, "16": 12.0, "17": 12.0, "18": 12.0, "19": 12.0, "20": 12.0, "21": 12.0, "22": 12.0, "23": 12.0, "24": 12.0}, "p2": {"0": 0, "1": 4.463610847685865, "2": 0.4169152347654457, "3": 0.0, "4": 0.0, "5": 0.0, "6": 7.116427528542687, "7": 2.011588588943507, "8": 0.0, "9": 0.0, "10": 3.4464817187074885, "11": 0.0, "12": 6.21078741596088, "13": 0.0, "14": 0.26595864576863093, "15": 0.0240907922675202, "16": 0.0, "17": 0.38808533180208116, "18": 0.2333104234832959, "19": 4.460305022437986, "20": 0.5216265808906684, "21": 0.0, "22": 0.0, "23": 0.11703867103977039, "24": 0.0}, "stor_net_i": {"0": 0, "1": 0.0, "2": -1.8936621314073072, "3": -4.347963200800532, "4": -0.29601145353681524, "5": -1.4623632142553458, "6": 0.0, "7": 0.0, "8": 4.420972860974409, "9": 0.4826196410826711, "10": 1.3132012749688329, "11": 1.783206222974087, "12": -7.8978163312959495, "13": -0.10218366870405049, "14": 0.0, "15": 0.5867825159143116, "16": -0.5867825159143116, "17": 0.0, "18": 0.0, "19": 0.0, "20": 7.368748929801896, "21": -5.351643550139002, "22": 5.982894620337106, "23": -1.5485945708367463, "24": 1.5485945708367463}, "stor_level": {"0": 0, "1": 0.0, "2": 1.8936621314073072, "3": 6.241625332207839, "4": 6.537636785744654, "5": 8.0, "6": 8.0, "7": 8.0, "8": 3.579027139025591, "9": 3.09640749794292, "10": 1.783206222974087, "11": 0.0, "12": 7.8978163312959495, "13": 8.0, "14": 8.0, "15": 7.413217484085688, "16": 8.0, "17": 8.0, "18": 8.0, "19": 8.0, "20": 0.631251070198104, "21": 5.982894620337106, "22": 0.0, "23": 1.5485945708367463, "24": 0.0}, "dual_con1": {"0": 0.0, "1": 0.0, "2": 0.0, "3": -2.064, "4": -2.064, "5": -2.064, "6": -2.064, "7": -2.064, "8": -2.064, "9": -2.064, "10": -2.064, "11": -2.064, "12": -2.064, "13": -2.064, "14": -2.064, "15": -2.064, "16": -2.064, "17": -2.064, "18": -2.064, "19": -2.064, "20": -2.064, "21": -2.064, "22": -2.064, "23": -2.064, "24": -2.064}, "dual_con2": {"0": 0.0, "1": -0.3, "2": -0.3, "3": -0.3, "4": -0.3, "5": -0.3, "6": -0.3, "7": -0.3, "8": -0.3, "9": -0.3, "10": -0.3, "11": -0.3, "12": -0.3, "13": -0.3, "14": -0.3, "15": -0.3, "16": -0.3, "17": -0.3, "18": -0.3, "19": -0.3, "20": -0.3, "21": -0.3, "22": -0.3, "23": -0.3, "24": -0.3}}