stor_level,time,iterations
4,2109.144408226013,11
TOTAL,2109.2069549560547,0
