stor_level,time,iterations
4,9158.085281848907,11
TOTAL,9161.429880857468,0
