charge_target,time,iterations
0.8,2.1060919761657715,5
TOTAL,2.1717259883880615,0
