{"u": {"0": 0, "1": 1.0, "2": 1.0, "3": 1.0, "4": 1.0, "5": 1.0, "6": 1.0, "7": 1.0, "8": 1.0, "9": 1.0, "10": 1.0, "11": 1.0, "12": 1.0, "13": 1.0, "14": 1.0, "15": 1.0, "16": 1.0, "17": 1.0, "18": 1.0, "19": 1.0, "20": 1.0, "21": 1.0, "22": 1.0, "23": 1.0, "24": 1.0}, "p1": {"0": 0, "1": 0.8241332496356817, "2": 0.0, "3": 0.0, "4": 0.0, "5": 0.0, "6": 2.8870851201157226, "7": 9.987416360449647, "8": 39.092879033749135, "9": 0.0, "10": 9.37876525004953, "11": 16.166026128377794, "12": 20.705823425921213, "13": 26.084773147835108, "14": 18.115327718198657, "15": 13.59450367541784, "16": 0.0, "17": 17.353858922660237, "18": 5.105912775041087, "19": 18.23920675814191, "20": 19.02045298890586, "21": 24.84882399978622, "22": 17.585986150680338, "23": 9.949188545102794, "24": 0.38071939259818094}, "alpha": {"0": 0, "1": 1.3179082227814944, "2": 1.1139630010555437, "3": 1.330686924250872, "4": 1.3494420728379761, "5": 1.4545134686314471, "6": 1.7420837858297964, "7": 1.5375273672790195, "8": 1.522412091492643, "9": 1.4803317385143508, "10": 1.6318166123692082, "11": 1.5569297382277902, "12": 1.3052234164367011, "13": 1.263628004660673, "14": 1.3676729600064341, "15": 1.558210691442887, "16": 1.340050032962037, "17": 1.7448739244595108, "18": 2.2442627365550973, "19": 1.3266331900718809, "20": 2.4296042855411746, "21": 1.8813089388174853, "22": 1.6603246733474333, "23": 1.5511753256829102, "24": 1.421918765919412}}