{"u": {"0": 0, "1": 1.0, "2": 1.0, "3": 1.0, "4": 1.0, "5": 1.0, "6": 1.0, "7": 1.0, "8": 1.0, "9": 1.0, "10": 1.0, "11": 1.0, "12": 1.0, "13": 1.0, "14": 1.0, "15": 1.0, "16": 1.0, "17": 1.0, "18": 1.0, "19": 1.0, "20": 1.0, "21": 1.0, "22": 1.0, "23": 1.0, "24": 1.0}, "p1": {"0": 0, "1": 0.8226636761196504, "2": 0.0, "3": 0.0, "4": 0.0, "5": 0.0, "6": 2.870890879074155, "7": 9.99546390338809, "8": 39.11341451466887, "9": 0.0, "10": 9.374622813208465, "11": 16.28976795247984, "12": 20.779863541927718, "13": 25.967490228952606, "14": 18.038389862946236, "15": 13.365211276833172, "16": 0.0, "17": 17.434714791795685, "18": 5.099924746754645, "19": 18.30470338619892, "20": 19.037563121260636, "21": 24.86893462537265, "22": 17.587146528260728, "23": 9.965843758311964, "24": 0.36700731728113595}, "alpha": {"0": 0, "1": 1.3183923111168143, "2": 1.115742676215666, "3": 1.3290595111262784, "4": 1.35107743220642, "5": 1.456525980033762, "6": 1.7465898589756133, "7": 1.5351635777819979, "8": 1.5337292380686307, "9": 1.4817071624917892, "10": 1.6429848608894657, "11": 1.5533181825223554, "12": 1.2991497196866508, "13": 1.262126911210819, "14": 1.3791671497642883, "15": 1.576654222819628, "16": 1.3439026901905773, "17": 1.7444784754846068, "18": 2.243595129219458, "19": 1.3145394691257515, "20": 2.424728787406924, "21": 1.8753198888343092, "22": 1.6598702660244022, "23": 1.5462433570116456, "24": 1.4258859270011257}}