charge_target,time,iterations
0.8,116.90831851959229,5
TOTAL,116.92625784873962,0
