charge_target,time,iterations
0.8,45.3553831577301,5
TOTAL,45.36125898361206,0
