{"u": {"0": 0, "1": 1.0, "2": 1.0, "3": 1.0, "4": 1.0, "5": 1.0, "6": 1.0, "7": 1.0, "8": 1.0, "9": 1.0, "10": 1.0, "11": 1.0, "12": 1.0, "13": 1.0, "14": 1.0, "15": 1.0, "16": 1.0, "17": 1.0, "18": 1.0, "19": 1.0, "20": 1.0, "21": 1.0, "22": 1.0, "23": 1.0, "24": 1.0}, "p1": {"0": 0, "1": 0.494350124558232, "2": 0.0, "3": 0.0, "4": 0.0, "5": 0.0, "6": 3.032177788077977, "7": 9.47051668669676, "8": 10.958770247573149, "9": 12.97826899052688, "10": 16.410684494917497, "11": 16.09615511478292, "12": 16.637403524629843, "13": 10.95300093596375, "14": 4.478559157175127, "15": 3.0228250220570487, "16": 4.973895027042525, "17": 6.829061054639009, "18": 10.974856422164434, "19": 16.586111685914474, "20": 20.90299072151839, "21": 24.435408405758015, "22": 17.46104001050968, "23": 9.891740627521772, "24": 0.34513799619039887}, "alpha": {"0": 0, "1": 1.4235643612044433, "2": 1.1621435001137297, "3": 1.3470685480814995, "4": 1.3560676559287754, "5": 1.464820389787551, "6": 1.7513466635766048, "7": 1.694844993990967, "8": 1.8483689257280513, "9": 1.8425193028419304, "10": 2.6127946515247524, "11": 2.1071534655651183, "12": 1.4756941593356028, "13": 1.4109927739122592, "14": 1.9924322528474598, "15": 1.8441524933828835, "16": 1.4222518922225895, "17": 1.8872816836082962, "18": 1.8435430733506686, "19": 1.5181086974042808, "20": 1.8651027835444751, "21": 2.005377478272591, "22": 1.6976879968470937, "23": 1.5684778117434677, "24": 1.432458601142882}}