stor_level,time,iterations
4,1316.5231420993805,6
TOTAL,1316.541020154953,0
