charge_target,time,iterations
0.8,12529.90699005127,4
TOTAL,12530.01904797554,0
