{"u": {"0": 0, "1": 1.0, "2": 1.0, "3": 1.0, "4": 1.0, "5": 1.0, "6": 1.0, "7": 1.0, "8": 1.0, "9": 1.0, "10": 1.0, "11": 1.0, "12": 1.0, "13": 1.0, "14": 1.0, "15": 1.0, "16": 1.0, "17": 1.0, "18": 1.0, "19": 1.0, "20": 1.0, "21": 1.0, "22": 1.0, "23": 1.0, "24": 1.0}, "p1": {"0": 0, "1": 2.386486564992344, "2": 3.471997028446534, "3": 0.0, "4": 0.0, "5": 3.3817138815160117, "6": 10.03941706629533, "7": 7.624583837927713, "8": 12.171150905902593, "9": 13.450907001754645, "10": 18.970239950709114, "11": 16.921807227369165, "12": 3.9784996687607936, "13": 9.134903887362412, "14": 17.33206325350091, "15": 8.678271346352759, "16": 7.47700447016355, "17": 6.02951482638721, "18": 4.962320223364564, "19": 2.4721402729372794, "20": 9.405009424337807, "21": 17.764831700057762, "22": 27.932589657943936, "23": 19.75567518229102, "24": 8.573923155511713}, "alpha": {"0": 0, "1": 1.0725288373025794, "2": 1.7489821965189911, "3": 1.9415943183332751, "4": 1.6288818738947453, "5": 2.2403298651790693, "6": 1.9724224582395957, "7": 1.8429258486224562, "8": 1.6495287282309596, "9": 1.8899588994754146, "10": 1.9250610147902392, "11": 1.8643478317919322, "12": 1.914720099371918, "13": 1.8761298337924386, "14": 1.542785023952462, "15": 0.8764558464893415, "16": 1.0619692283037405, "17": 1.652416905826802, "18": 2.0923049329907943, "19": 2.307509918118662, "20": 2.264261462195927, "21": 1.6779945410827477, "22": 1.7629651026218776, "23": 1.6510832945572251, "24": 1.746184404106291}}