{"u": {"0": 0, "1": 1.0, "2": 1.0, "3": 1.0, "4": 1.0, "5": 1.0, "6": 1.0, "7": 1.0, "8": 1.0, "9": 1.0, "10": 1.0, "11": 1.0, "12": 1.0, "13": 1.0, "14": 1.0, "15": 1.0, "16": 1.0, "17": 1.0, "18": 1.0, "19": 1.0, "20": 1.0, "21": 1.0, "22": 1.0, "23": 1.0, "24": 1.0}, "p1": {"0": 0, "1": 0.8272353023273409, "2": 0.0, "3": 0.0, "4": 0.0, "5": 0.0, "6": 2.8671008521116264, "7": 9.970633609398902, "8": 39.20312032090097, "9": 0.0, "10": 9.282160375958387, "11": 16.282658703692963, "12": 20.714458847537166, "13": 26.10681433638237, "14": 18.11898781356891, "15": 13.443961631255231, "16": 0.0, "17": 17.357616607324207, "18": 5.161661343397178, "19": 18.300637942342526, "20": 19.168427602484318, "21": 24.779983368596703, "22": 17.5754086860786, "23": 9.974180635189724, "24": 0.37370161201149266}, "alpha": {"0": 0, "1": 1.3211343468005694, "2": 1.1202231500238853, "3": 1.3277844344860357, "4": 1.3462534874740586, "5": 1.4553831419089203, "6": 1.7497039225364015, "7": 1.53949050491372, "8": 1.5256249821691865, "9": 1.4822184875711861, "10": 1.6311903087256279, "11": 1.5521387605470456, "12": 1.3067656522395745, "13": 1.252301163675785, "14": 1.3532444200837324, "15": 1.56074029575772, "16": 1.3422777060236561, "17": 1.7437306974998048, "18": 2.2367067191862775, "19": 1.3138904961610645, "20": 2.399632621059822, "21": 1.8997689324925415, "22": 1.6562425454065535, "23": 1.541638066125324, "24": 1.4275577090512057}}