{"u": {"0": 0.0, "1": 1.0, "2": 1.0, "3": 1.0, "4": 1.0, "5": 1.0, "6": 1.0, "7": 1.0, "8": 1.0, "9": 1.0, "10": 1.0, "11": 1.0, "12": 1.0, "13": 1.0, "14": 1.0, "15": 1.0, "16": 1.0, "17": 1.0, "18": 1.0, "19": 1.0, "20": 1.0, "21": 1.0, "22": 1.0, "23": 1.0, "24": 1.0}, "p1": {"0": 0.0, "1": 0.8272353023273409, "2": 0.0, "3": 0.0, "4": 0.0, "5": 0.0, "6": 2.8671008521116264, "7": 9.970633609398902, "8": 39.20312032090097, "9": 0.0, "10": 9.282160375958387, "11": 16.282658703692963, "12": 20.714458847537166, "13": 26.10681433638237, "14": 18.11898781356891, "15": 13.443961631255231, "16": 0.0, "17": 17.357616607324207, "18": 5.161661343397178, "19": 18.300637942342526, "20": 19.168427602484318, "21": 24.779983368596703, "22": 17.5754086860786, "23": 9.974180635189724, "24": 0.37370161201149266}, "pg": {"0": 0, "1": 5.0, "2": 10.0, "3": 11.175289902557607, "4": 10.241625332207839, "5": 12.0, "6": 12.0, "7": 12.0, "8": 12.0, "9": 12.0, "10": 12.0, "11": 12.0, "12": 12.0, "13": 7.27450614532734, "14": 12.0, "15": 12.0, "16": 12.0, "17": 12.0, "18": 12.0, "19": 12.0, "20": 12.0, "21": 12.0, "22": 12.0, "23": 12.0, "24": 12.0}, "p2": {"0": 0, "1": 3.6728888222729816, "2": 0.0, "3": 0.0, "4": 0.0, "5": 0.0, "6": 1.1170733763388583, "7": 1.8027307720904453, "8": 0.0, "9": 0.0, "10": 0.0, "11": 0.0, "12": 0.0, "13": 0.0, "14": 0.0, "15": 0.0, "16": 0.0, "17": 0.0, "18": 6.865955532768403, "19": 2.0437218656228424, "20": 5.616430625263572, "21": 0.8515655811557679, "22": 1.5111640994589557, "23": 0.3375302313048536, "24": 0.0}, "stor_net_i": {"battery": {"0": null, "1": 0.0, "2": -1.4767468966418615, "3": -3.5232531033581385, "4": 1.4623632142553458, "5": -1.4623632142553458, "6": 5.0, "7": 0.0, "8": 0.0, "9": -5.0, "10": 3.8465546297102016, "11": -2.259394468384561, "12": 3.4128398386743584, "13": 0.0, "14": -5.0, "15": 0.0, "16": 1.682042898407726, "17": -1.682042898407726, "18": 0.0, "19": 0.0, "20": 5.0, "21": -5.0, "22": 5.0, "23": -1.7529812884540998, "24": 1.7529812884540998}, "ev_1": {"0": 0, "1": 0, "2": 0, "3": 0, "4": 0, "5": 0, "6": 0, "7": 0, "8": -7.200000000000001, "9": 11.0, "10": 0.0, "11": 0.0, "12": 0.0, "13": -10.482116356617958, "14": 3.593629426097845, "15": 1.4915205667122216, "16": 1.1969663638078938, "17": -11.0, "18": 0, "19": 0, "20": 0, "21": 0, "22": 0, "23": 0, "24": 0}, "ev_2": {"0": 0, "1": 0, "2": 0, "3": 0, "4": 0, "5": 0, "6": 0, "7": 0, "8": -7.200000000000001, "9": 11.0, "10": 0.0, "11": 0.0, "12": -0.8000000000000007, "13": -11.0, "14": -11.0, "15": 0.0, "16": 11.0, "17": -3.3999999999999986, "18": 0, "19": 0, "20": 0, "21": 0, "22": 0, "23": 0, "24": 0}, "ev_3": {"0": 0, "1": 0, "2": 0, "3": 0, "4": 0, "5": 0, "6": 0, "7": 0, "8": -9.096782987643621, "9": -3.2891916631268643, "10": 11.0, "11": 5.185974650770483, "12": -9.538470372147717, "13": 9.538470372147717, "14": 0.0, "15": -11.0, "16": -11.0, "17": 6.800000000000001, "18": 0, "19": 0, "20": 0, "21": 0, "22": 0, "23": 0, "24": 0}}, "stor_level": {"battery": {"0": 0, "1": 0.0, "2": 1.4767468966418615, "3": 5.0, "4": 3.5376367857446542, "5": 5.0, "6": 0.0, "7": 0.0, "8": 0.0, "9": 5.0, "10": 1.1534453702897984, "11": 3.4128398386743592, "12": 0.0, "13": 0.0, "14": 5.0, "15": 5.0, "16": 3.317957101592274, "17": 5.0, "18": 5.0, "19": 5.0, "20": 0.0, "21": 5.0, "22": 0.0, "23": 1.7529812884540998, "24": 0.0}, "ev_1": {"0": 0, "1": 0, "2": 0, "3": 0, "4": 0, "5": 0, "6": 0, "7": 0, "8": 18.6, "9": 7.6000000000000005, "10": 7.6000000000000005, "11": 7.6000000000000005, "12": 7.6000000000000005, "13": 18.08211635661796, "14": 14.488486930520116, "15": 12.996966363807894, "16": 11.8, "17": 22.8, "18": 0, "19": 0, "20": 0, "21": 0, "22": 0, "23": 0, "24": 0}, "ev_2": {"0": 0, "1": 0, "2": 0, "3": 0, "4": 0, "5": 0, "6": 0, "7": 0, "8": 18.6, "9": 7.6000000000000005, "10": 7.6000000000000005, "11": 7.6000000000000005, "12": 8.400000000000002, "13": 19.400000000000002, "14": 30.400000000000002, "15": 30.400000000000002, "16": 19.400000000000002, "17": 22.8, "18": 0, "19": 0, "20": 0, "21": 0, "22": 0, "23": 0, "24": 0}, "ev_3": {"0": 0, "1": 0, "2": 0, "3": 0, "4": 0, "5": 0, "6": 0, "7": 0, "8": 20.49678298764362, "9": 23.785974650770484, "10": 12.785974650770484, "11": 7.6000000000000005, "12": 17.13847037214772, "13": 7.6000000000000005, "14": 7.6000000000000005, "15": 18.6, "16": 29.6, "17": 22.8, "18": 0, "19": 0, "20": 0, "21": 0, "22": 0, "23": 0, "24": 0}}, "dual_con1": {"0": 0.0, "1": 0.0, "2": 0.0, "3": 0.0, "4": 0.0, "5": 0.0, "6": -2.064, "7": -2.064, "8": 0.0, "9": 0.0, "10": 0.0, "11": 0.0, "12": 0.0, "13": 0.0, "14": 0.0, "15": 0.0, "16": 0.0, "17": 0.0, "18": -2.064, "19": -2.064, "20": -2.064, "21": -2.064, "22": -2.064, "23": -2.064, "24": -2.064}, "dual_con2": {"0": 0.0, "1": -0.3, "2": -0.128, "3": -0.128, "4": -0.128, "5": -0.128, "6": -0.3, "7": -0.3, "8": -0.128, "9": -0.128, "10": -0.128, "11": -0.128, "12": -0.128, "13": -0.128, "14": -0.128, "15": -0.128, "16": -0.128, "17": -0.128, "18": -0.3, "19": -0.3, "20": -0.3, "21": -0.3, "22": -0.3, "23": -0.3, "24": -0.3}}