{"u": {"0": 0, "1": 1.0, "2": 1.0, "3": 1.0, "4": 1.0, "5": 1.0, "6": 1.0, "7": 1.0, "8": 1.0, "9": 1.0, "10": 1.0, "11": 1.0, "12": 1.0, "13": 1.0, "14": 1.0, "15": 1.0, "16": 1.0, "17": 1.0, "18": 1.0, "19": 1.0, "20": 1.0, "21": 1.0, "22": 1.0, "23": 1.0, "24": 1.0}, "p1": {"0": 0, "1": 0.8259710637309707, "2": 0.0, "3": 0.0, "4": 0.0, "5": 0.0, "6": 2.867914432074752, "7": 9.992362172693374, "8": 39.174886269257534, "9": 0.0, "10": 9.330682481364626, "11": 16.254248704904455, "12": 20.660726650295658, "13": 26.091844887695117, "14": 18.076982412013333, "15": 13.420460579810882, "16": 0.0, "17": 17.416843844766078, "18": 5.107909204370107, "19": 18.28049379530385, "20": 19.01979744662545, "21": 24.855212729391564, "22": 17.601044829542516, "23": 9.960026761155298, "24": 0.3578471361483544}, "alpha": {"0": 0, "1": 1.3183618322666029, "2": 1.1144875947238613, "3": 1.32991285036537, "4": 1.349266075389818, "5": 1.4549861350315008, "6": 1.7467382798110187, "7": 1.5368751660938338, "8": 1.5232593053509644, "9": 1.4811084043660532, "10": 1.6346927554899366, "11": 1.5535280381325278, "12": 1.310248249667919, "13": 1.2491752626732047, "14": 1.3696507592143101, "15": 1.5742167463653456, "16": 1.3432991642379786, "17": 1.7463289877707036, "18": 2.2418620484233345, "19": 1.3173385084067464, "20": 2.4296938491663083, "21": 1.8789968347248291, "22": 1.655169025175294, "23": 1.544068578640705, "24": 1.4252864530169471}}