{"u": {"0": 0.0, "1": 0.0, "2": 1.0, "3": 1.0, "4": 1.0, "5": 1.0, "6": 1.0, "7": 1.0, "8": 1.0, "9": 1.0, "10": 1.0, "11": 1.0, "12": 1.0, "13": 1.0, "14": 1.0, "15": 1.0, "16": 1.0, "17": 1.0, "18": 1.0, "19": 1.0, "20": 1.0, "21": 1.0, "22": 1.0, "23": 1.0, "24": 1.0}, "p1": {"0": 0.0, "1": 0.0, "2": 2.4212222823147656, "3": 0.6781395348837194, "4": 3.781936181719839, "5": 13.999999999999998, "6": 7.39777176852353, "7": 9.895813953488366, "8": 8.189767441860464, "9": 10.189767441860466, "10": 19.910697674418607, "11": 26.751627906976747, "12": 4.9106976744186035, "13": 6.1897674418604645, "14": 16.910697674418603, "15": 15.77302325581396, "16": 7.920995132504039, "17": 5.707906976744178, "18": 3.1897674418604662, "19": 1.1897674418604662, "20": 7.189767441860468, "21": 13.112428339643063, "22": 28.910697674418603, "23": 19.18418604651163, "24": 13.6279935100054}, "pg": {"0": 0, "1": 0.0, "2": 5.0, "3": 10.0, "4": 12.0, "5": 12.0, "6": 12.0, "7": 12.0, "8": 12.0, "9": 12.0, "10": 12.0, "11": 12.0, "12": 12.0, "13": 12.0, "14": 12.0, "15": 12.0, "16": 12.0, "17": 12.0, "18": 12.0, "19": 12.0, "20": 12.0, "21": 12.0, "22": 12.0, "23": 12.0, "24": 8.677122769064372}, "p2": {"0": 0, "1": 0.9787777176852339, "2": 0.0, "3": 0.0, "4": 0.0, "5": 0.0, "6": 0.0, "7": 0.0, "8": 0.0, "9": 0.0, "10": 0.0, "11": 0.0, "12": 0.0, "13": 0.0, "14": 0.0, "15": 0.0, "16": 0.0, "17": 0.0, "18": 0.0, "19": 0.0, "20": 7.620465116279066, "21": 7.489194159004885, "22": 0.0, "23": 0.0, "24": 0.0}, "stor_net_i": {"battery": {"0": 0, "1": 0.0, "2": 0.0, "3": 0.0, "4": 0.0, "5": -4.999999999999998, "6": 4.999999999999998, "7": -5.0, "8": 0.0, "9": 0.0, "10": 0.0, "11": 0.0, "12": 0.0893023255813965, "13": 4.821395348837207, "14": 0.0893023255813965, "15": -0.7730232558139605, "16": 0.27232017306655365, "17": -2.309529475392127, "18": -2.1897674418604662, "19": 3.8102325581395338, "20": -3.8102325581395338, "21": 5.0, "22": -2.510697674418598, "23": 1.8158139534883695, "24": 0.6948837209302283}, "ev": {"0": 0, "1": 7.021222282314767, "2": 0.5787777176852344, "3": -0.6781395348837194, "4": -5.781936181719839, "5": -11.0, "6": -8.397771768523528, "7": 5.104186046511636, "8": 3.8102325581395355, "9": 3.8102325581395338, "10": 0.08930232558139295, "11": -8.751627906976747, "12": 11.0, "13": -1.0111627906976715, "14": -11.0, "15": -11.0, "16": -4.193315305570593, "17": 4.601622498647949, "18": 11.0, "19": 11.0, "20": 11.0, "21": 0.3983775013520514, "22": -8.400000000000002, "23": -11.0, "24": -11.0}}, "stor_level": {"battery": {"0": 0, "1": 0.0, "2": 0.0, "3": 0.0, "4": 0.0, "5": 4.999999999999998, "6": 0.0, "7": 5.0, "8": 5.0, "9": 5.0, "10": 5.0, "11": 5.0, "12": 4.9106976744186035, "13": 0.0893023255813965, "14": 0.0, "15": 0.7730232558139605, "16": 0.5007030827474068, "17": 2.8102325581395338, "18": 5.0, "19": 1.1897674418604662, "20": 5.0, "21": 0.0, "22": 2.510697674418598, "23": 0.6948837209302283, "24": 0.0}, "ev": {"0": 7.6000000000000005, "1": 0.5787777176852344, "2": 0.0, "3": 0.6781395348837194, "4": 6.4600757166035585, "5": 17.46007571660356, "6": 25.85784748512709, "7": 20.753661438615453, "8": 16.943428880475917, "9": 13.133196322336383, "10": 13.04389399675499, "11": 21.79552190373174, "12": 10.79552190373174, "13": 11.80668469442941, "14": 22.80668469442941, "15": 33.80668469442941, "16": 38.0, "17": 33.39837750135205, "18": 22.39837750135205, "19": 11.398377501352051, "20": 0.3983775013520514, "21": 0.0, "22": 8.400000000000002, "23": 19.400000000000002, "24": 30.400000000000002}}, "dual_con1": {"0": 0.0, "1": -6.192, "2": 0.0, "3": 0.0, "4": -2.064, "5": -2.064, "6": -2.064, "7": -2.064, "8": -2.064, "9": -2.064, "10": -2.064, "11": -2.064, "12": -2.064, "13": -2.064, "14": -2.064, "15": -2.064, "16": -2.064, "17": -2.064, "18": -2.064, "19": -2.064, "20": -2.064, "21": -2.064, "22": 0.0, "23": 0.0, "24": 0.0}, "dual_con2": {"0": 0.0, "1": -0.3, "2": -0.3, "3": -0.3, "4": -0.3, "5": -0.3, "6": -0.3, "7": -0.3, "8": -0.3, "9": -0.3, "10": -0.3, "11": -0.3, "12": -0.3, "13": -0.3, "14": -0.3, "15": -0.3, "16": -0.3, "17": -0.3, "18": -0.3, "19": -0.3, "20": -0.3, "21": -0.3, "22": -0.128, "23": -0.128, "24": -0.128}}