{"u": {"0": 0, "1": 1.0, "2": 1.0, "3": 1.0, "4": 1.0, "5": 1.0, "6": 1.0, "7": 1.0, "8": 1.0, "9": 1.0, "10": 1.0, "11": 1.0, "12": 1.0, "13": 1.0, "14": 1.0, "15": 1.0, "16": 1.0, "17": 1.0, "18": 1.0, "19": 1.0, "20": 1.0, "21": 1.0, "22": 1.0, "23": 1.0, "24": 1.0}, "p1": {"0": 0, "1": 0.7684678058658365, "2": 0.0, "3": 0.0, "4": 0.0, "5": 0.0, "6": 3.0156268724733906, "7": 9.28928216814646, "8": 11.05884186118453, "9": 13.1100394849298, "10": 19.456366887481877, "11": 17.19724236058547, "12": 15.038624858216824, "13": 9.972098803673488, "14": 5.8066423821350845, "15": 3.006142616317737, "16": 4.552705420440439, "17": 7.472130172561894, "18": 11.327213690362461, "19": 15.253550431281397, "20": 21.209607769897346, "21": 25.31796210053795, "22": 17.643616679789236, "23": 10.062528645824726, "24": 0.40485923578826544}, "alpha": {"0": 0, "1": 1.3379616603982267, "2": 1.1312540447154988, "3": 1.3574467852553116, "4": 1.3695776014893841, "5": 1.464336604767732, "6": 1.7623119382579613, "7": 1.7492153495560332, "8": 1.8183474416446068, "9": 1.8029881545210324, "10": 1.72589732070125, "11": 1.8024699084386657, "12": 1.8333675646241145, "13": 1.6164078002044908, "14": 1.6617002473217675, "15": 1.8341572151046632, "16": 1.4706327486191513, "17": 1.7139079644046655, "18": 1.7469934886882599, "19": 1.7599348706155573, "20": 1.7731176690307608, "21": 1.7406113698385728, "22": 1.642914996063199, "23": 1.5172414062525734, "24": 1.4145422292635053}}