charge_target,time,iterations
0.8,4.950201034545898,5
TOTAL,5.013864040374756,0
