{"u": {"0": 0.0, "1": 1.0, "2": 1.0, "3": 1.0, "4": 1.0, "5": 1.0, "6": 1.0, "7": 1.0, "8": 1.0, "9": 1.0, "10": 1.0, "11": 1.0, "12": 1.0, "13": 1.0, "14": 1.0, "15": 1.0, "16": 1.0, "17": 1.0, "18": 1.0, "19": 1.0, "20": 1.0, "21": 1.0, "22": 1.0, "23": 1.0, "24": 1.0}, "p1": {"0": 0.0, "1": 0.12736499473655982, "2": 0.0, "3": 0.0, "4": 0.0, "5": 0.0, "6": 1.5393298349168312, "7": 3.6823733426954632, "8": 9.994982968303141, "9": 8.396402741235503, "10": 21.14776410195049, "11": 16.32604743875204, "12": 13.112352275691334, "13": 9.548933605136149, "14": 8.841962452216515, "15": 0.12475451797033976, "16": 3.3330832594309623, "17": 3.3358092087320834, "18": 6.466638827184871, "19": 17.217112182067364, "20": 18.30172381148319, "21": 22.152629270890586, "22": 20.904918183996212, "23": 5.536509581185449, "24": 0.0}, "pg": {"0": 0, "1": 5.0, "2": 6.58481689897452, "3": 7.998946400834966, "4": 4.792773433240386, "5": 9.792773433240386, "6": 12.0, "7": 12.0, "8": 12.0, "9": 10.627802234224427, "10": 12.0, "11": 9.741864850485001, "12": 12.0, "13": 7.0, "14": 7.0, "15": 12.0, "16": 12.0, "17": 12.0, "18": 12.0, "19": 7.0, "20": 12.0, "21": 12.0, "22": 11.74546674171231, "23": 12.0, "24": 12.0}, "p2": {"0": 0, "1": 4.170710897367616, "2": 0.0, "3": 0.0, "4": 0.0, "5": 0.0, "6": 2.4357559482654487, "7": 3.847652398363824, "8": 0.66876438413016, "9": 0.0, "10": 0.0, "11": 0.0, "12": 1.3053673338097145, "13": 0.0, "14": 0.0, "15": 2.48652207312087, "16": 2.929070088721579, "17": 4.489293797434321, "18": 7.659449636477632, "19": 0.0, "20": 18.687995643593606, "21": 30.359744998957524, "22": 0.0, "23": 4.413761709811027, "24": 11.26772702119235}, "stor_net_i": {"battery": {"0": 0, "1": 0.0, "2": 0.0, "3": 0.0, "4": -5.0, "5": 0.0, "6": 0.0, "7": 5.0, "8": 0.0, "9": -0.8738996395986938, "10": 0.8738996395986938, "11": -5.0, "12": 5.0, "13": -5.0, "14": 0.0, "15": 0.0, "16": 0.0, "17": 0.0, "18": 5.0, "19": -5.0, "20": 5.0, "21": 0.0, "22": -5.0, "23": 0.0, "24": 5.0}}, "stor_level": {"battery": {"0": 0, "1": 0.0, "2": 0.0, "3": 0.0, "4": 5.0, "5": 5.0, "6": 5.0, "7": 0.0, "8": 0.0, "9": 0.8738996395986938, "10": 0.0, "11": 5.0, "12": 0.0, "13": 5.0, "14": 5.0, "15": 5.0, "16": 5.0, "17": 5.0, "18": 0.0, "19": 5.0, "20": 0.0, "21": 0.0, "22": 5.0, "23": 5.0, "24": 0.0}}, "dual_con1": {"0": 0.0, "1": 0.0, "2": 0.0, "3": 0.0, "4": 0.0, "5": 0.0, "6": -2.064, "7": -2.064, "8": -2.064, "9": 0.0, "10": 0.0, "11": 0.0, "12": -0.5279999999999998, "13": 0.0, "14": 0.0, "15": -0.5279999999999998, "16": -2.064, "17": -2.064, "18": -2.064, "19": 0.0, "20": -0.5279999999999998, "21": -2.064, "22": 0.0, "23": -2.064, "24": -2.064}, "dual_con2": {"0": 0.0, "1": -0.3, "2": -0.128, "3": -0.128, "4": 0.0, "5": -0.256, "6": -0.3, "7": -0.3, "8": -0.3, "9": -0.128, "10": -0.128, "11": -0.128, "12": -0.3, "13": 0.0, "14": 0.0, "15": -0.3, "16": -0.3, "17": -0.3, "18": -0.3, "19": 0.0, "20": -0.3, "21": -0.3, "22": -0.128, "23": -0.3, "24": -0.3}}