{"u": {"0": 0, "1": 1.0, "2": 1.0, "3": 1.0, "4": 1.0, "5": 1.0, "6": 1.0, "7": 1.0, "8": 1.0, "9": 1.0, "10": 1.0, "11": 1.0, "12": 1.0, "13": 1.0, "14": 1.0, "15": 1.0, "16": 1.0, "17": 1.0, "18": 1.0, "19": 1.0, "20": 1.0, "21": 1.0, "22": 1.0, "23": 1.0, "24": 1.0}, "p1": {"0": 0, "1": 7.250916566118658, "2": 7.78266010359741, "3": 0.0, "4": 0.0, "5": 0.0, "6": 10.833299188043302, "7": 7.6589869568125515, "8": 11.465898539699799, "9": 13.391295260990022, "10": 19.155356369123037, "11": 17.200471806279637, "12": 9.013800236732486, "13": 4.938088555742516, "14": 12.953659457988268, "15": 4.131023284625034, "16": 5.297094397475867, "17": 6.232697927050195, "18": 4.356024041951542, "19": 0.9201492796032996, "20": 13.412376602045232, "21": 17.43074091971029, "22": 25.625896512770506, "23": 19.6698636656596, "24": 5.279839826424869}, "alpha": {"0": 0, "1": 0.9027250301644034, "2": 1.7152019689207774, "3": 2.124114717818328, "4": 1.4667345134368592, "5": 1.558887087183327, "6": 1.7060102435870104, "7": 1.6383039129562356, "8": 1.696230438090061, "9": 1.5686114217029932, "10": 1.789393089263087, "11": 1.775858458116108, "12": 1.6518599289802556, "13": 3.0545734332772447, "14": 1.5799021626035201, "15": 1.4966930146124904, "16": 1.5968716807572398, "17": 1.7919401237512549, "18": 2.329192787414538, "19": 2.60995521611901, "20": 1.752813446881203, "21": 1.6801167546924225, "22": 1.7802310461688469, "23": 1.935040900302119, "24": 2.1000480520725384}}