{"u": {"0": 0.0, "1": 1.0, "2": 1.0, "3": 1.0, "4": 1.0, "5": 1.0, "6": 1.0, "7": 1.0, "8": 1.0, "9": 1.0, "10": 1.0, "11": 1.0, "12": 1.0, "13": 1.0, "14": 1.0, "15": 1.0, "16": 1.0, "17": 1.0, "18": 1.0, "19": 1.0, "20": 1.0, "21": 1.0, "22": 1.0, "23": 1.0, "24": 1.0}, "p1": {"0": 0.0, "1": 6.911162790697681, "2": 8.61708853085778, "3": 0.4209163185415825, "4": 0.0, "5": 0.0, "6": 11.254968313508696, "7": 7.385949693691838, "8": 11.494519926132304, "9": 11.916989506923903, "10": 15.755264033393232, "11": 18.076486942745873, "12": 5.597124398704436, "13": 4.544799086391608, "14": 12.535934238929139, "15": 3.880890883348137, "16": 3.933105426599825, "17": 3.920653579831029, "18": 3.3043745100635835, "19": 0.6897674418604686, "20": 10.85757808739931, "21": 19.885277505055942, "22": 24.871691200502386, "23": 20.45199912994907, "24": 0.0}, "pg": {"0": 0, "1": 5.0, "2": 10.0, "3": 12.0, "4": 12.0, "5": 12.0, "6": 12.0, "7": 12.0, "8": 12.0, "9": 12.0, "10": 12.0, "11": 12.0, "12": 12.0, "13": 12.0, "14": 12.0, "15": 12.0, "16": 12.0, "17": 12.0, "18": 12.0, "19": 12.0, "20": 12.0, "21": 12.0, "22": 12.0, "23": 11.36933861490277, "24": 6.3693386149027695}, "p2": {"0": 0, "1": 0.0, "2": 0.0, "3": 0.0, "4": 0.0, "5": 0.0, "6": 0.0, "7": 0.0, "8": 0.0, "9": 2.382162723105118, "10": 4.19269396823865, "11": 0.17663271013831405, "12": 2.7715940212821426, "13": 0.0, "14": 0.0, "15": 0.0, "16": 0.0, "17": 0.0, "18": 0.0, "19": 17.256530526987387, "20": 4.16352089362627, "21": 0.0, "22": 0.0, "23": 0.0, "24": 0.0}, "stor_net_i": {"battery": {"0": 0, "1": 0.0, "2": 0.0, "3": 0.0, "4": 0.0, "5": 0.0, "6": -2.8161814571887245, "7": -1.4639486435807534, "8": 2.2763051817677695, "9": 2.0038249190017083, "10": 0.0, "11": 0.0, "12": 0.0, "13": -3.9542854439182396, "14": 3.359617208533047, "15": 0.5946682353851926, "16": 0.0, "17": -5.0, "18": 0.0, "19": 5.0, "20": 0.0, "21": 0.0, "22": -2.479915078872616, "23": -2.520084921127384, "24": 5.0}, "ev": {"0": 0, "1": -3.509124447713331, "2": -10.678580461265906, "3": -5.201232267442498, "4": -4.669019946713181, "5": 0.32703963522983237, "6": -6.669082512094917, "7": 0.0, "8": 0.0, "9": 0.0, "10": 0.0, "11": 0.0, "12": 11.0, "13": 11.0, "14": -11.0, "15": 1.005713404954129, "16": 3.24831633611255, "17": 5.89822023473366, "18": 0.09243771886709418, "19": -5.219757908735058, "20": 11.0, "21": 10.975070214067625, "22": -3.598668304707103, "23": -11.0, "24": 3.198668304707102}}, "stor_level": {"battery": {"0": 0, "1": 0.0, "2": 0.0, "3": 0.0, "4": 0.0, "5": 0.0, "6": 2.8161814571887245, "7": 4.280130100769478, "8": 2.0038249190017083, "9": 0.0, "10": 0.0, "11": 0.0, "12": 0.0, "13": 3.9542854439182396, "14": 0.5946682353851926, "15": 0.0, "16": 0.0, "17": 5.0, "18": 5.0, "19": 0.0, "20": 0.0, "21": 0.0, "22": 2.479915078872616, "23": 5.0, "24": 0.0}, "ev": {"0": 7.6000000000000005, "1": 11.10912444771333, "2": 21.787704908979237, "3": 26.988937176421736, "4": 31.657957123134917, "5": 31.330917487905083, "6": 38.0, "7": 38.0, "8": 38.0, "9": 38.0, "10": 38.0, "11": 38.0, "12": 27.0, "13": 16.0, "14": 27.0, "15": 25.99428659504587, "16": 22.74597025893332, "17": 16.84775002419966, "18": 16.755312305332566, "19": 21.975070214067625, "20": 10.975070214067625, "21": 0.0, "22": 3.598668304707102, "23": 14.598668304707102, "24": 11.4}}, "dual_con1": {"0": 0.0, "1": 0.0, "2": 0.0, "3": -2.064, "4": -2.064, "5": -2.064, "6": -2.064, "7": -2.064, "8": -2.064, "9": -2.064, "10": -2.064, "11": -2.064, "12": -2.064, "13": -2.064, "14": -2.064, "15": -2.064, "16": -2.064, "17": -2.064, "18": -2.064, "19": -2.064, "20": -2.064, "21": -2.064, "22": 0.0, "23": 0.0, "24": 0.0}, "dual_con2": {"0": 0.0, "1": -0.3, "2": -0.3, "3": -0.3, "4": -0.3, "5": -0.3, "6": -0.3, "7": -0.3, "8": -0.3, "9": -0.3, "10": -0.3, "11": -0.3, "12": -0.3, "13": -0.3, "14": -0.3, "15": -0.3, "16": -0.3, "17": -0.3, "18": -0.3, "19": -0.3, "20": -0.3, "21": -0.3, "22": -0.128, "23": -0.128, "24": -0.128}}