{"u": {"0": 0.0, "1": 1.0, "2": 1.0, "3": 1.0, "4": 1.0, "5": 1.0, "6": 1.0, "7": 1.0, "8": 1.0, "9": 1.0, "10": 1.0, "11": 1.0, "12": 1.0, "13": 1.0, "14": 1.0, "15": 1.0, "16": 1.0, "17": 1.0, "18": 1.0, "19": 1.0, "20": 1.0, "21": 1.0, "22": 1.0, "23": 1.0, "24": 1.0}, "p1": {"0": 0.0, "1": 7.716631991814888, "2": 7.819493691347205, "3": 0.5522572677584264, "4": 0.0, "5": 0.28197880723562463, "6": 11.193902253295814, "7": 7.0618534290259305, "8": 10.38785073125341, "9": 12.866897558078165, "10": 18.72498602332997, "11": 15.531736862247008, "12": 1.7036726498160295, "13": 8.899429693592438, "14": 13.50503451009139, "15": 0.0, "16": 0.0, "17": 10.917213614707045, "18": 6.968605571363607, "19": 1.744271804789113, "20": 8.370380288576857, "21": 13.954335362150912, "22": 27.371271947846928, "23": 19.60766149348578, "24": 12.170560986957662}, "pg": {"0": 0, "1": 5.0, "2": 10.0, "3": 12.0, "4": 12.0, "5": 12.0, "6": 12.0, "7": 12.0, "8": 12.0, "9": 12.0, "10": 12.0, "11": 12.0, "12": 12.0, "13": 12.0, "14": 12.0, "15": 12.0, "16": 12.0, "17": 12.0, "18": 12.0, "19": 12.0, "20": 12.0, "21": 12.0, "22": 12.0, "23": 12.0, "24": 11.091037262890884}, "p2": {"0": 0, "1": 0.0, "2": 0.0, "3": 0.0, "4": 0.0, "5": 0.0, "6": 0.0, "7": 0.0, "8": 0.0, "9": 2.502892073649443, "10": 1.2229719783019135, "11": 0.0, "12": 1.6650457701705488, "13": 0.0, "14": 0.0, "15": 0.0, "16": 0.0, "17": 0.0, "18": 0.0, "19": 24.39964894511288, "20": 1.6507186924487236, "21": 5.906012356972653, "22": 0.0, "23": 0.0, "24": 0.0}, "stor_net_i": {"battery": {"0": 0, "1": 0.0, "2": 0.0, "3": 0.0, "4": 0.0, "5": 0.0, "6": -3.1763095150349407, "7": -1.1398523789148456, "8": 3.382974376646663, "9": 0.9331875173031232, "10": 0.0, "11": -5.0, "12": 5.0, "13": -5.0, "14": 2.390516937370796, "15": 2.609483062629204, "16": 0.0, "17": 0.0, "18": -5.0, "19": 0.0, "20": 5.0, "21": 0.0, "22": 0.0, "23": -2.306408669761325, "24": 2.306408669761325}, "ev": {"0": 0, "1": -4.314593648830538, "2": -9.88098562175533, "3": -5.332573216659341, "4": -4.669019946713181, "5": 0.04506082799420774, "6": -6.247888394035819, "7": 0.0, "8": 0.0, "9": 0.0, "10": 0.0, "11": 7.721382790637179, "12": 11.0, "13": 7.69108394888093, "14": -11.0, "15": 2.8717894610582544, "16": 7.181421762712375, "17": -6.098339800142355, "18": 1.4282066575670704, "19": -8.417380689789198, "20": 11.0, "21": 11.0, "22": -8.578164130924261, "23": -11.0, "24": -11.0}}, "stor_level": {"battery": {"0": 0, "1": 0.0, "2": 0.0, "3": 0.0, "4": 0.0, "5": 0.0, "6": 3.1763095150349407, "7": 4.316161893949786, "8": 0.9331875173031232, "9": 0.0, "10": 0.0, "11": 5.0, "12": 0.0, "13": 5.0, "14": 2.609483062629204, "15": 0.0, "16": 0.0, "17": 0.0, "18": 5.0, "19": 5.0, "20": 0.0, "21": 0.0, "22": 0.0, "23": 2.306408669761325, "24": 0.0}, "ev": {"0": 7.6000000000000005, "1": 11.91459364883054, "2": 21.79557927058587, "3": 27.12815248724521, "4": 31.79717243395839, "5": 31.75211160596418, "6": 38.0, "7": 38.0, "8": 38.0, "9": 38.0, "10": 38.0, "11": 30.27861720936282, "12": 19.27861720936282, "13": 11.58753326048189, "14": 22.58753326048189, "15": 19.715743799423635, "16": 12.53432203671126, "17": 18.632661836853615, "18": 17.204455179286544, "19": 25.621835869075742, "20": 14.621835869075742, "21": 3.621835869075742, "22": 12.200000000000003, "23": 23.200000000000003, "24": 34.2}}, "dual_con1": {"0": 0.0, "1": 0.0, "2": 0.0, "3": -2.064, "4": -2.064, "5": -2.064, "6": -2.064, "7": -2.064, "8": -2.064, "9": -2.064, "10": -2.064, "11": -2.064, "12": -2.064, "13": -2.064, "14": -2.064, "15": -2.064, "16": -2.064, "17": -2.064, "18": -2.064, "19": -2.064, "20": -2.064, "21": -2.064, "22": -2.064, "23": 0.0, "24": 0.0}, "dual_con2": {"0": 0.0, "1": -0.3, "2": -0.3, "3": -0.3, "4": -0.3, "5": -0.3, "6": -0.3, "7": -0.3, "8": -0.3, "9": -0.3, "10": -0.3, "11": -0.3, "12": -0.3, "13": -0.3, "14": -0.3, "15": -0.3, "16": -0.3, "17": -0.3, "18": -0.3, "19": -0.3, "20": -0.3, "21": -0.3, "22": -0.3, "23": -0.128, "24": -0.128}}