{"u": {"0": 0.0, "1": 1.0, "2": 1.0, "3": 1.0, "4": 1.0, "5": 1.0, "6": 1.0, "7": 1.0, "8": 1.0, "9": 1.0, "10": 1.0, "11": 1.0, "12": 1.0, "13": 1.0, "14": 1.0, "15": 1.0, "16": 1.0, "17": 1.0, "18": 1.0, "19": 1.0, "20": 1.0, "21": 1.0, "22": 1.0, "23": 1.0, "24": 1.0}, "p1": {"0": 0.0, "1": 5.98589539315884, "2": 4.9977704740278845, "3": 0.0, "4": 0.0, "5": 2.0167318890345936, "6": 12.487263366137256, "7": 6.952984838345989, "8": 10.62394909277633, "9": 12.692254462623321, "10": 19.37213113023083, "11": 16.65174299643569, "12": 2.535463926668262, "13": 9.241195004425625, "14": 15.219602103621702, "15": 0.0, "16": 3.8775346557276507, "17": 7.810099480746883, "18": 4.56200496843144, "19": 2.1032763445577274, "20": 10.774504953843968, "21": 18.16275038113853, "22": 28.555505895475225, "23": 18.912140342409586, "24": 9.1640052927623}, "pg": {"0": 0, "1": 5.0, "2": 10.0, "3": 12.0, "4": 12.0, "5": 12.0, "6": 12.0, "7": 12.0, "8": 12.0, "9": 12.0, "10": 12.0, "11": 12.0, "12": 12.0, "13": 12.0, "14": 12.0, "15": 12.0, "16": 12.0, "17": 12.0, "18": 12.0, "19": 12.0, "20": 12.0, "21": 12.0, "22": 12.0, "23": 12.0, "24": 12.0}, "p2": {"0": 0, "1": 0.0, "2": 0.0, "3": 0.0, "4": 0.0, "5": 0.0, "6": 0.0, "7": 0.0, "8": 0.0, "9": 0.0, "10": 0.0, "11": 0.0, "12": 0.8332544933183161, "13": 0.0, "14": 0.0, "15": 0.0, "16": 0.0, "17": 0.0, "18": 0.0, "19": 4.623263715555069, "20": 12.704715049263312, "21": 7.697597337985037, "22": 0.0, "23": 0.0, "24": 1.4307160296098864}, "stor_net_i": {"battery": {"0": 0, "1": 0.0, "2": 0.0, "3": 0.0, "4": 0.0, "5": 0.0, "6": -1.0997066259415575, "7": -1.030983788234904, "8": 2.1306904141764615, "9": 0.0, "10": -5.0, "11": 0.0, "12": 5.0, "13": -0.6759493438404842, "14": 0.6759493438404842, "15": 0.0, "16": 0.0, "17": 0.0, "18": -5.0, "19": 0.0, "20": 0.0, "21": 5.0, "22": -1.3623980785525553, "23": -1.6108875186851321, "24": 2.9732855972376875}, "ev": {"0": 0, "1": -2.5838570501744904, "2": -7.05926240443601, "3": -4.780315948900915, "4": -4.669019946713181, "5": -1.6896922538047612, "6": -9.617852395970644, "7": 0.0, "8": 1.0161856009472814, "9": 3.61072268640741, "10": 5.575826871401052, "11": 1.6013766564484975, "12": 11.0, "13": 3.025267981888227, "14": -11.0, "15": 5.481272523687458, "16": 3.3038871069847247, "17": -2.991225666182194, "18": 3.834807260499238, "19": 11.0, "20": 2.5418789779183033, "21": 0.0, "22": -8.400000000000002, "23": -11.0, "24": -11.0}}, "stor_level": {"battery": {"0": 0, "1": 0.0, "2": 0.0, "3": 0.0, "4": 0.0, "5": 0.0, "6": 1.0997066259415575, "7": 2.1306904141764615, "8": 0.0, "9": 0.0, "10": 5.0, "11": 5.0, "12": 0.0, "13": 0.6759493438404842, "14": 0.0, "15": 0.0, "16": 0.0, "17": 0.0, "18": 5.0, "19": 5.0, "20": 5.0, "21": 0.0, "22": 1.3623980785525553, "23": 2.9732855972376875, "24": 0.0}, "ev": {"0": 7.6000000000000005, "1": 10.183857050174492, "2": 17.2431194546105, "3": 22.023435403511414, "4": 26.692455350224595, "5": 28.382147604029356, "6": 38.0, "7": 38.0, "8": 36.98381439905272, "9": 33.373091712645305, "10": 27.797264841244253, "11": 26.195888184795756, "12": 15.195888184795756, "13": 12.170620202907529, "14": 23.17062020290753, "15": 17.68934767922007, "16": 14.385460572235345, "17": 17.37668623841754, "18": 13.541878977918303, "19": 2.5418789779183033, "20": 0.0, "21": 0.0, "22": 8.400000000000002, "23": 19.400000000000002, "24": 30.400000000000002}}, "dual_con1": {"0": 0.0, "1": 0.0, "2": 0.0, "3": -2.064, "4": -2.064, "5": -2.064, "6": -2.064, "7": -2.064, "8": -2.064, "9": -2.064, "10": -2.064, "11": -2.064, "12": -2.064, "13": -2.064, "14": -2.064, "15": -2.064, "16": -2.064, "17": -2.064, "18": -2.064, "19": -2.064, "20": -2.064, "21": -2.064, "22": -2.064, "23": -2.064, "24": -2.064}, "dual_con2": {"0": 0.0, "1": -0.3, "2": -0.3, "3": -0.3, "4": -0.3, "5": -0.3, "6": -0.3, "7": -0.3, "8": -0.3, "9": -0.3, "10": -0.3, "11": -0.3, "12": -0.3, "13": -0.3, "14": -0.3, "15": -0.3, "16": -0.3, "17": -0.3, "18": -0.3, "19": -0.3, "20": -0.3, "21": -0.3, "22": -0.3, "23": -0.3, "24": -0.3}}