charge_target,time,iterations
0.8,11580.125929832458,5
TOTAL,11580.147427558899,0
