charge_target,time,iterations
0.8,4518.979565858841,5
TOTAL,4518.994116067886,0
