{"u": {"0": 0.0, "1": 1.0, "2": 1.0, "3": 1.0, "4": 1.0, "5": 1.0, "6": 1.0, "7": 1.0, "8": 1.0, "9": 1.0, "10": 1.0, "11": 1.0, "12": 1.0, "13": 1.0, "14": 1.0, "15": 1.0, "16": 1.0, "17": 1.0, "18": 1.0, "19": 1.0, "20": 1.0, "21": 1.0, "22": 1.0, "23": 1.0, "24": 1.0}, "p1": {"0": 0.0, "1": 0.7705540020127186, "2": 0.0, "3": 0.0, "4": 0.0, "5": 0.0, "6": 3.1923285008721223, "7": 9.36904641058613, "8": 11.311935219728133, "9": 13.038273199374458, "10": 19.220018322274047, "11": 17.532514947920426, "12": 15.770869066036719, "13": 9.386543807749746, "14": 5.15254696149179, "15": 3.1631620132621343, "16": 3.2855075694734506, "17": 7.861702780784313, "18": 11.190854158084091, "19": 15.111952387363146, "20": 21.30041151997003, "21": 25.437816233515047, "22": 17.65118056771937, "23": 10.111667317310491, "24": 0.41512262226992674}, "pg": {"0": 0, "1": 5.0, "2": 10.0, "3": 8.537283686734682, "4": 9.235642238928312, "5": 12.0, "6": 12.0, "7": 12.0, "8": 12.0, "9": 12.0, "10": 10.888582114098634, "11": 5.888582114098634, "12": 8.990106553827045, "13": 6.587560814191157, "14": 11.05216996694551, "15": 12.0, "16": 10.324016677399056, "17": 8.857340910638793, "18": 12.0, "19": 11.382820381381604, "20": 12.0, "21": 10.330727864390227, "22": 12.0, "23": 12.0, "24": 9.31986661923782}, "p2": {"0": 0, "1": 0.0, "2": 0.0, "3": 0.0, "4": 0.0, "5": 0.0, "6": 0.0, "7": 2.9646460193017425, "8": 0.35073267827611865, "9": 0.0, "10": 0.0, "11": 0.0, "12": 0.0, "13": 0.0, "14": 0.0, "15": 0.0, "16": 0.0, "17": 0.0, "18": 0.0, "19": 0.0, "20": 0.0, "21": 0.0, "22": 0.0, "23": 0.0, "24": 0.0}, "stor_net_i": {"battery": {"0": 0, "1": -0.19994875117068034, "2": -0.45189516938224195, "3": 0.6518439205529241, "4": -1.0786557298005963, "5": -2.6762268470556574, "6": -1.2451174231437463, "7": 0.0, "8": 1.5120680141004215, "9": 3.4879319858995785, "10": -2.0728967262674, "11": 2.0728967262674, "12": 0.0, "13": 0.0, "14": -4.937257870186038, "15": 4.937257870186038, "16": 0.0, "17": 0.0, "18": -0.9494588266633155, "19": -1.1466496485317332, "20": 2.0961084751950487, "21": -3.0668901127701993, "22": -0.7691348181613265, "23": 3.8360249309315257, "24": 0.0}}, "stor_level": {"battery": {"0": 0, "1": 0.19994875117068123, "2": 0.6518439205529232, "3": 0.0, "4": 1.0786557298005963, "5": 3.7548825768562537, "6": 5.0, "7": 5.0, "8": 3.4879319858995785, "9": 0.0, "10": 2.0728967262674, "11": 0.0, "12": 0.0, "13": 0.0, "14": 4.937257870186038, "15": 0.0, "16": 0.0, "17": 0.0, "18": 0.9494588266633155, "19": 2.0961084751950487, "20": 0.0, "21": 3.0668901127701993, "22": 3.8360249309315257, "23": 0.0, "24": 0.0}}, "dual_con1": {"0": 0.0, "1": 0.0, "2": 0.0, "3": 0.0, "4": 0.0, "5": 0.0, "6": 0.0, "7": -2.064, "8": -2.064, "9": -2.064, "10": 0.0, "11": 0.0, "12": 0.0, "13": 0.0, "14": 0.0, "15": 0.0, "16": 0.0, "17": 0.0, "18": 0.0, "19": 0.0, "20": 0.0, "21": 0.0, "22": 0.0, "23": 0.0, "24": 0.0}, "dual_con2": {"0": 0.0, "1": -0.128, "2": -0.128, "3": -0.128, "4": -0.128, "5": -0.128, "6": -0.128, "7": -0.3, "8": -0.3, "9": -0.3, "10": -0.128, "11": -0.128, "12": -0.128, "13": -0.128, "14": -0.128, "15": -0.128, "16": -0.128, "17": -0.128, "18": -0.128, "19": -0.128, "20": -0.128, "21": -0.128, "22": -0.128, "23": -0.128, "24": -0.128}}