{"u": {"0": 0, "1": 1.0, "2": 1.0, "3": 1.0, "4": 1.0, "5": 1.0, "6": 1.0, "7": 1.0, "8": 1.0, "9": 1.0, "10": 1.0, "11": 1.0, "12": 1.0, "13": 1.0, "14": 1.0, "15": 1.0, "16": 1.0, "17": 1.0, "18": 1.0, "19": 1.0, "20": 1.0, "21": 1.0, "22": 1.0, "23": 1.0, "24": 1.0}, "p1": {"0": 0, "1": 0.7705539905162997, "2": 0.0, "3": 0.0, "4": 0.0, "5": 0.0, "6": 3.1927497315929543, "7": 9.367457246950961, "8": 11.311700618342478, "9": 13.037283710999633, "10": 19.216726694514552, "11": 17.52593016375751, "12": 15.768574870107487, "13": 9.401474415556038, "14": 5.148258185448366, "15": 3.160372640227205, "16": 3.28116277731114, "17": 7.8658264267673985, "18": 11.191251919619285, "19": 15.111895762707702, "20": 21.300712984889305, "21": 25.438579361998496, "22": 17.650897409519082, "23": 10.111574842484487, "24": 0.4150852569206904}, "alpha": {"0": 0, "1": 1.3329000122727015, "2": 1.1352688881902204, "3": 1.3488538472941032, "4": 1.3746429715545558, "5": 1.4625497461867272, "6": 1.7246250805223033, "7": 1.7248628259150716, "8": 1.7424898144976888, "9": 1.824814886700588, "10": 1.7842492113102884, "11": 1.7221269655874485, "12": 1.6703106537666357, "13": 1.7503362907795892, "14": 1.8081332164406756, "15": 1.7982693225519286, "16": 1.7604069137923302, "17": 1.6255023293314972, "18": 1.778624424114622, "19": 1.802431271188192, "20": 1.7457861045338727, "21": 1.70442619140125, "22": 1.6407307771448556, "23": 1.5025275472550332, "24": 1.4114744229239236}}