{"u": {"0": 0, "1": 1.0, "2": 1.0, "3": 1.0, "4": 1.0, "5": 1.0, "6": 1.0, "7": 1.0, "8": 1.0, "9": 1.0, "10": 1.0, "11": 1.0, "12": 1.0, "13": 1.0, "14": 1.0, "15": 1.0, "16": 1.0, "17": 1.0, "18": 1.0, "19": 1.0, "20": 1.0, "21": 1.0, "22": 1.0, "23": 1.0, "24": 1.0}, "p1": {"0": 0, "1": 0.7705540020127186, "2": 0.0, "3": 0.0, "4": 0.0, "5": 0.0, "6": 3.1923285008721223, "7": 9.36904641058613, "8": 11.311935219728133, "9": 13.038273199374458, "10": 19.220018322274047, "11": 17.532514947920426, "12": 15.770869066036719, "13": 9.386543807749746, "14": 5.15254696149179, "15": 3.1631620132621343, "16": 3.2855075694734506, "17": 7.861702780784313, "18": 11.190854158084091, "19": 15.111952387363146, "20": 21.30041151997003, "21": 25.437816233515047, "22": 17.65118056771937, "23": 10.111667317310491, "24": 0.41512262226992674}, "alpha": {"0": 0, "1": 1.332900009085977, "2": 1.1352910425279152, "3": 1.348781502715109, "4": 1.3746646251844197, "5": 1.4625820569696697, "6": 1.7247514497385528, "7": 1.7243860768245212, "8": 1.7424194340819927, "9": 1.8245180401881413, "10": 1.7834974201244456, "11": 1.720657000374393, "12": 1.6697007135567166, "13": 1.7536370621065696, "14": 1.8072281375811872, "15": 1.797661574888921, "16": 1.7594716134871835, "17": 1.626466087769728, "18": 1.7787437525751806, "19": 1.8024142837915589, "20": 1.7458765440096558, "21": 1.7046551299462849, "22": 1.64064582968477, "23": 1.5024998048072318, "24": 1.4114632133191523}}