{"u": {"0": 0.0, "1": 1.0, "2": 1.0, "3": 1.0, "4": 1.0, "5": 1.0, "6": 1.0, "7": 1.0, "8": 1.0, "9": 1.0, "10": 1.0, "11": 1.0, "12": 1.0, "13": 1.0, "14": 1.0, "15": 1.0, "16": 1.0, "17": 1.0, "18": 1.0, "19": 1.0, "20": 1.0, "21": 1.0, "22": 1.0, "23": 1.0, "24": 1.0}, "p1": {"0": 0.0, "1": 0.7705539905162997, "2": 0.0, "3": 0.0, "4": 0.0, "5": 0.0, "6": 3.1927497315929543, "7": 9.367457246950961, "8": 11.311700618342478, "9": 13.037283710999633, "10": 19.216726694514552, "11": 17.52593016375751, "12": 15.768574870107487, "13": 9.401474415556038, "14": 5.148258185448366, "15": 3.160372640227205, "16": 3.28116277731114, "17": 7.8658264267673985, "18": 11.191251919619285, "19": 15.111895762707702, "20": 21.300712984889305, "21": 25.438579361998496, "22": 17.650897409519082, "23": 10.111574842484487, "24": 0.4150852569206904}, "pg": {"0": 0, "1": 5.0, "2": 10.0, "3": 8.5372836982311, "4": 9.23522100820748, "5": 12.0, "6": 12.0, "7": 12.0, "8": 12.0, "9": 12.0, "10": 10.893520320059839, "11": 5.893520320059839, "12": 8.992400749756277, "13": 6.572630206384865, "14": 11.059248116023863, "15": 12.0, "16": 10.328361469561367, "17": 8.853217264655708, "18": 12.0, "19": 11.38217777958258, "20": 12.0, "21": 10.330340368933069, "22": 12.0, "23": 12.0, "24": 9.319903984587055}, "p2": {"0": 0, "1": 0.0, "2": 0.0, "3": 0.0, "4": 0.0, "5": 0.0, "6": 0.0, "7": 2.966235182936911, "8": 0.35195676803659914, "9": 0.0, "10": 0.0, "11": 0.0, "12": 0.0, "13": 0.0, "14": 0.0, "15": 0.0, "16": 0.0, "17": 0.0, "18": 0.0, "19": 0.0, "20": 0.0, "21": 0.0, "22": 0.0, "23": 0.0, "24": 0.0}, "stor_net_i": {"battery": {"0": 0, "1": -0.1999487396742623, "2": -0.45189516938224195, "3": 0.6518439090565042, "4": -1.0782344990797643, "5": -2.6762268470556574, "6": -1.2455386538645783, "7": 0.0, "8": 1.5110785257255959, "9": 3.488921474274404, "10": -2.0745433044691097, "11": 2.0745433044691097, "12": 0.0, "13": 0.0, "14": -4.940047243220967, "15": 4.940047243220967, "16": 0.0, "17": 0.0, "18": -0.949856588198509, "19": -1.1459504220772647, "20": 2.0958070102757738, "21": -3.0672657457964903, "22": -0.7688516599610402, "23": 3.8361174057575305, "24": 0.0}}, "stor_level": {"battery": {"0": 0, "1": 0.1999487396742623, "2": 0.6518439090565042, "3": 0.0, "4": 1.0782344990797643, "5": 3.7544613461354217, "6": 5.0, "7": 5.0, "8": 3.488921474274404, "9": 0.0, "10": 2.0745433044691097, "11": 0.0, "12": 0.0, "13": 0.0, "14": 4.940047243220967, "15": 0.0, "16": 0.0, "17": 0.0, "18": 0.949856588198509, "19": 2.0958070102757738, "20": 0.0, "21": 3.0672657457964903, "22": 3.8361174057575305, "23": 0.0, "24": 0.0}}, "dual_con1": {"0": 0.0, "1": 0.0, "2": 0.0, "3": 0.0, "4": 0.0, "5": 0.0, "6": 0.0, "7": -2.064, "8": -2.064, "9": -2.064, "10": 0.0, "11": 0.0, "12": 0.0, "13": 0.0, "14": 0.0, "15": 0.0, "16": 0.0, "17": 0.0, "18": 0.0, "19": 0.0, "20": 0.0, "21": 0.0, "22": 0.0, "23": 0.0, "24": 0.0}, "dual_con2": {"0": 0.0, "1": -0.128, "2": -0.128, "3": -0.128, "4": -0.128, "5": -0.128, "6": -0.128, "7": -0.3, "8": -0.3, "9": -0.3, "10": -0.128, "11": -0.128, "12": -0.128, "13": -0.128, "14": -0.128, "15": -0.128, "16": -0.128, "17": -0.128, "18": -0.128, "19": -0.128, "20": -0.128, "21": -0.128, "22": -0.128, "23": -0.128, "24": -0.128}}