stor_level,time,iterations
4,19.53835105895996,10
TOTAL,19.54280400276184,0
