{"u": {"0": 0.0, "1": 1.0, "2": 1.0, "3": 1.0, "4": 1.0, "5": 1.0, "6": 1.0, "7": 1.0, "8": 1.0, "9": 1.0, "10": 1.0, "11": 1.0, "12": 1.0, "13": 1.0, "14": 1.0, "15": 1.0, "16": 1.0, "17": 1.0, "18": 1.0, "19": 1.0, "20": 1.0, "21": 1.0, "22": 1.0, "23": 1.0, "24": 1.0}, "p1": {"0": 0.0, "1": 0.0, "2": 0.0, "3": 0.0, "4": 0.0, "5": 0.0, "6": 2.78645990511874, "7": 8.36756601524718, "8": 10.108225132053413, "9": 12.92035210508216, "10": 18.16606596787079, "11": 16.294297802496267, "12": 14.101958104419536, "13": 8.40948635753185, "14": 4.580724665190146, "15": 2.8266571237220632, "16": 2.1301466275127265, "17": 7.1021438472250065, "18": 10.474239035192456, "19": 14.037222002561121, "20": 19.993581340486415, "21": 24.016476255202814, "22": 15.893200672657983, "23": 8.971309514433738, "24": 0.0}, "pg": {"0": 0, "1": 8.252007167656384, "2": 9.144347229418816, "3": 9.611110704777563, "4": 9.431670524932978, "5": 10.449704350638509, "6": 12.0, "7": 12.0, "8": 12.0, "9": 12.0, "10": 12.0, "11": 12.0, "12": 12.0, "13": 9.338499268177515, "14": 12.0, "15": 12.0, "16": 10.57033112696019, "17": 8.094164901379612, "18": 11.763500292800552, "19": 12.0, "20": 12.0, "21": 12.0, "22": 12.0, "23": 8.806148517537412, "24": 9.454561522916384}, "p2": {"0": 0, "1": 0.0, "2": 0.0, "3": 0.0, "4": 0.0, "5": 0.0, "6": 2.1655394938475965, "7": 5.402791935048803, "8": 0.267087002599979, "9": 5.044050501067183, "10": 1.6579163504387324, "11": 5.064676350875317, "12": 5.627512919399827, "13": 0.0, "14": 3.901696032811987, "15": 1.7419836637442732, "16": 0.0, "17": 0.0, "18": 0.0, "19": 4.332419750982233, "20": 3.5911725355244286, "21": 3.2826785020434492, "22": 2.6987114441434947, "23": 0.0, "24": 0.0}, "dual_con1": {"0": 0.0, "1": 0.0, "2": 0.0, "3": 0.0, "4": 0.0, "5": 0.0, "6": -2.064, "7": -2.064, "8": -2.064, "9": -2.064, "10": -2.064, "11": -2.064, "12": -2.064, "13": 0.0, "14": -2.064, "15": -2.064, "16": 0.0, "17": 0.0, "18": 0.0, "19": -2.064, "20": -2.064, "21": -2.064, "22": -2.064, "23": 0.0, "24": 0.0}, "dual_con2": {"0": 0.0, "1": -0.128, "2": -0.128, "3": -0.128, "4": -0.128, "5": -0.128, "6": -0.3, "7": -0.3, "8": -0.3, "9": -0.3, "10": -0.3, "11": -0.3, "12": -0.3, "13": -0.128, "14": -0.3, "15": -0.3, "16": -0.128, "17": -0.128, "18": -0.128, "19": -0.3, "20": -0.3, "21": -0.3, "22": -0.3, "23": -0.128, "24": -0.128}}