{"u": {"0": 0, "1": 1.0, "2": 1.0, "3": 1.0, "4": 1.0, "5": 1.0, "6": 1.0, "7": 1.0, "8": 1.0, "9": 1.0, "10": 1.0, "11": 1.0, "12": 1.0, "13": 1.0, "14": 1.0, "15": 1.0, "16": 1.0, "17": 1.0, "18": 1.0, "19": 1.0, "20": 1.0, "21": 1.0, "22": 1.0, "23": 1.0, "24": 1.0}, "p1": {"0": 0, "1": 0.7881585087749867, "2": 0.0, "3": 0.0, "4": 0.0, "5": 0.0, "6": 2.9291211333613756, "7": 9.956039317692067, "8": 39.402920799215046, "9": 0.0, "10": 9.006470767788533, "11": 16.714374425122656, "12": 20.7314421169463, "13": 25.907474468997357, "14": 18.21887644940252, "15": 12.326256456264591, "16": 0.0, "17": 17.62245944639411, "18": 5.233538060875837, "19": 18.231537010580574, "20": 18.963830223402045, "21": 24.72738904288701, "22": 17.737331673814428, "23": 9.8759667184389, "24": 0.3473571972487157}, "alpha": {"0": 0, "1": 1.3334299691006, "2": 1.113090463450062, "3": 1.3154224381003299, "4": 1.3485772952287352, "5": 1.4598214053070486, "6": 1.7462636599915637, "7": 1.5461882046923512, "8": 1.529931832659833, "9": 1.464907556118372, "10": 1.6529297369007054, "11": 1.5933598448995827, "12": 1.3377178652806077, "13": 1.2164917979135659, "14": 1.3818703669969938, "15": 1.6083589771653106, "16": 1.3448891990315723, "17": 1.7558752982609138, "18": 2.2101121634479295, "19": 1.3143873747810513, "20": 2.446850932979353, "21": 1.9177832871338554, "22": 1.6148004978556412, "23": 1.573209984468321, "24": 1.4317928408253697}}