{"u": {"0": 0.0, "1": 1.0, "2": 1.0, "3": 1.0, "4": 1.0, "5": 1.0, "6": 1.0, "7": 1.0, "8": 1.0, "9": 1.0, "10": 1.0, "11": 1.0, "12": 1.0, "13": 1.0, "14": 1.0, "15": 1.0, "16": 1.0, "17": 1.0, "18": 1.0, "19": 1.0, "20": 1.0, "21": 1.0, "22": 1.0, "23": 1.0, "24": 1.0}, "p1": {"0": 0.0, "1": 0.7881585087749867, "2": 0.0, "3": 0.0, "4": 0.0, "5": 0.0, "6": 2.9291211333613756, "7": 9.956039317692067, "8": 39.402920799215046, "9": 0.0, "10": 9.006470767788533, "11": 16.714374425122656, "12": 20.7314421169463, "13": 25.907474468997357, "14": 18.21887644940252, "15": 12.326256456264591, "16": 0.0, "17": 17.62245944639411, "18": 5.233538060875837, "19": 18.231537010580574, "20": 18.963830223402045, "21": 24.72738904288701, "22": 17.737331673814428, "23": 9.8759667184389, "24": 0.3473571972487157}, "pg": {"0": 0, "1": 5.0, "2": 7.560302908930929, "3": 12.0, "4": 12.0, "5": 12.0, "6": 12.0, "7": 12.0, "8": 12.0, "9": 12.0, "10": 12.0, "11": 12.0, "12": 12.0, "13": 7.0, "14": 2.0, "15": 3.317521299937905, "16": 8.317521299937905, "17": 12.0, "18": 12.0, "19": 12.0, "20": 12.0, "21": 12.0, "22": 12.0, "23": 10.2527925748829, "24": 11.66850710424375}, "p2": {"0": 0, "1": 2.2844221213776192, "2": 0.0, "3": 0.0, "4": 0.0, "5": 0.153736055462371, "6": 0.0, "7": 0.16293460835128926, "8": 0.0, "9": 0.0, "10": 0.0, "11": 0.0, "12": 0.0, "13": 0.0, "14": 0.0, "15": 0.0, "16": 0.0, "17": 0.0, "18": 4.7648866255755316, "19": 4.2229844704831905, "20": 2.929605584496766, "21": 3.4520649174371023, "22": 0.0, "23": 0.0, "24": 0.0}, "stor_net_i": {"battery": {"0": null, "1": 0.0, "2": -2.110900832546852, "3": -2.153075789109245, "4": -0.7360233783439032, "5": 2.3423434340522657, "6": 2.6576565659477343, "7": 0.0, "8": -5.0, "9": 0.0, "10": 5.0, "11": 0.0, "12": -5.0, "13": 5.0, "14": -4.616415382737433, "15": -0.3835846172625672, "16": 0.0, "17": 0.0, "18": 5.0, "19": -5.0, "20": 0.0, "21": 5.0, "22": -0.63874894128816, "23": 0.63874894128816, "24": 0.0}, "ev_1": {"0": 0, "1": 0, "2": 0, "3": 0, "4": 0, "5": 0, "6": 0, "7": 0, "8": -11.0, "9": -6.77093414701401, "10": 11.0, "11": -11.0, "12": 11.0, "13": -11.0, "14": 9.506724346387575, "15": 11.0, "16": -7.846623072807056, "17": -6.289167126566511, "18": 0, "19": 0, "20": 0, "21": 0, "22": 0, "23": 0, "24": 0}, "ev_2": {"0": 0, "1": 0, "2": 0, "3": 0, "4": 0, "5": 0, "6": 0, "7": 0, "8": -0.7105599152616335, "9": 3.3398159178193154, "10": -8.558899001303947, "11": 9.729642998746264, "12": -7.754092045259463, "13": 7.754092045259462, "14": -4.2, "15": -11.0, "16": 11.0, "17": -11.0, "18": 0, "19": 0, "20": 0, "21": 0, "22": 0, "23": 0, "24": 0}, "ev_3": {"0": 0, "1": 0, "2": 0, "3": 0, "4": 0, "5": 0, "6": 0, "7": 0, "8": -11.0, "9": 11.0, "10": 3.799999999999997, "11": 0.0, "12": -9.835160713117848, "13": -11.0, "14": -1.9648392868821531, "15": 0.0, "16": 0.0, "17": 7.600000000000001, "18": 0, "19": 0, "20": 0, "21": 0, "22": 0, "23": 0, "24": 0}}, "stor_level": {"battery": {"0": 0, "1": 0.0, "2": 2.110900832546852, "3": 4.263976621656097, "4": 5.0, "5": 2.6576565659477343, "6": 0.0, "7": 0.0, "8": 5.0, "9": 5.0, "10": 0.0, "11": 0.0, "12": 5.0, "13": 0.0, "14": 4.616415382737433, "15": 5.0, "16": 5.0, "17": 5.0, "18": 0.0, "19": 5.0, "20": 5.0, "21": 0.0, "22": 0.63874894128816, "23": 0.0, "24": 0.0}, "ev_1": {"0": 0, "1": 0, "2": 0, "3": 0, "4": 0, "5": 0, "6": 0, "7": 0, "8": 22.4, "9": 29.17093414701401, "10": 18.17093414701401, "11": 29.17093414701401, "12": 18.17093414701401, "13": 29.17093414701401, "14": 19.664209800626434, "15": 8.664209800626434, "16": 16.51083287343349, "17": 22.8, "18": 0, "19": 0, "20": 0, "21": 0, "22": 0, "23": 0, "24": 0}, "ev_2": {"0": 0, "1": 0, "2": 0, "3": 0, "4": 0, "5": 0, "6": 0, "7": 0, "8": 12.110559915261634, "9": 8.770743997442318, "10": 17.329642998746266, "11": 7.6000000000000005, "12": 15.354092045259463, "13": 7.6000000000000005, "14": 11.8, "15": 22.8, "16": 11.8, "17": 22.8, "18": 0, "19": 0, "20": 0, "21": 0, "22": 0, "23": 0, "24": 0}, "ev_3": {"0": 0, "1": 0, "2": 0, "3": 0, "4": 0, "5": 0, "6": 0, "7": 0, "8": 22.4, "9": 11.399999999999999, "10": 7.6000000000000005, "11": 7.6000000000000005, "12": 17.43516071311785, "13": 28.43516071311785, "14": 30.400000000000002, "15": 30.400000000000002, "16": 30.400000000000002, "17": 22.8, "18": 0, "19": 0, "20": 0, "21": 0, "22": 0, "23": 0, "24": 0}}, "dual_con1": {"0": 0.0, "1": 0.0, "2": 0.0, "3": 0.0, "4": 0.0, "5": -2.064, "6": -2.064, "7": -2.064, "8": 0.0, "9": 0.0, "10": 0.0, "11": 0.0, "12": 0.0, "13": 0.0, "14": 0.0, "15": 0.0, "16": 0.0, "17": 0.0, "18": -2.064, "19": -2.064, "20": -2.064, "21": -2.064, "22": 0.0, "23": 0.0, "24": 0.0}, "dual_con2": {"0": 0.0, "1": -0.3, "2": -0.128, "3": -0.128, "4": -0.128, "5": -0.3, "6": -0.3, "7": -0.3, "8": -0.128, "9": -0.128, "10": -0.128, "11": -0.128, "12": -0.128, "13": -0.128, "14": -0.128, "15": -0.128, "16": -0.128, "17": -0.128, "18": -0.3, "19": -0.3, "20": -0.3, "21": -0.3, "22": -0.128, "23": -0.128, "24": -0.128}}