{"u": {"0": 0.0, "1": 1.0, "2": 1.0, "3": 1.0, "4": 1.0, "5": 1.0, "6": 1.0, "7": 1.0, "8": 1.0, "9": 1.0, "10": 1.0, "11": 1.0, "12": 1.0, "13": 1.0, "14": 1.0, "15": 1.0, "16": 1.0, "17": 1.0, "18": 1.0, "19": 1.0, "20": 1.0, "21": 1.0, "22": 1.0, "23": 1.0, "24": 1.0}, "p1": {"0": 0.0, "1": 0.8226636761196504, "2": 0.0, "3": 0.0, "4": 0.0, "5": 0.0, "6": 2.870890879074155, "7": 9.99546390338809, "8": 39.11341451466887, "9": 0.0, "10": 9.374622813208465, "11": 16.28976795247984, "12": 20.779863541927718, "13": 25.967490228952606, "14": 18.038389862946236, "15": 13.365211276833172, "16": 0.0, "17": 17.434714791795685, "18": 5.099924746754645, "19": 18.30470338619892, "20": 19.037563121260636, "21": 24.86893462537265, "22": 17.587146528260728, "23": 9.965843758311964, "24": 0.36700731728113595}, "pg": {"0": 0, "1": 5.0, "2": 8.221962554339697, "3": 10.350020589475298, "4": 11.018673532802783, "5": 12.0, "6": 12.0, "7": 12.0, "8": 12.0, "9": 12.0, "10": 12.0, "11": 12.0, "12": 12.0, "13": 10.357711026254815, "14": 5.357711026254815, "15": 0.3577110262548153, "16": 5.11954258550216, "17": 10.11954258550216, "18": 12.0, "19": 12.0, "20": 12.0, "21": 8.80350311607141, "22": 12.0, "23": 12.0, "24": 12.0}, "p2": {"0": 0, "1": 2.879167567875629, "2": 0.0, "3": 0.0, "4": 0.0, "5": 0.0, "6": 0.0, "7": 0.0, "8": 0.0, "9": 0.0, "10": 0.0, "11": 0.0, "12": 0.0, "13": 0.0, "14": 0.0, "15": 0.0, "16": 0.0, "17": 0.0, "18": 3.1690484481489207, "19": 0.0, "20": 0.0, "21": 0.0, "22": 0.0, "23": 0.0, "24": 0.0}, "stor_net_i": {"battery": {"0": null, "1": 0.0, "2": 0.0, "3": 0.0, "4": -1.9407662890638306, "5": -2.0017288008621517, "6": -1.0575049100740177, "7": 0.5090979072117587, "8": -0.5090979072117587, "9": 5.0, "10": 0.0, "11": 0.0, "12": 0.0, "13": -5.0, "14": 5.0, "15": -5.0, "16": 0.0, "17": 0.0, "18": 5.0, "19": -0.22216604544503582, "20": -0.42084393907900974, "21": -0.17358553505670393, "22": -1.2406941599961065, "23": 1.8520586043587581, "24": 0.2052310752180979}, "ev_1": {"0": 0, "1": 0, "2": 0, "3": 0, "4": 0, "5": 0, "6": 0, "7": 0, "8": -11.0, "9": -8.000000000000004, "10": 11.0, "11": -1.3441055292800677, "12": -7.55557121821915, "13": 8.899676747499218, "14": -11.0, "15": 7.6714487691941144, "16": -0.9695663631637643, "17": 0.8981175939696513, "18": 0, "19": 0, "20": 0, "21": 0, "22": 0, "23": 0, "24": 0}, "ev_2": {"0": 0, "1": 0, "2": 0, "3": 0, "4": 0, "5": 0, "6": 0, "7": 0, "8": -9.820306686571756, "9": 2.5595176657438934, "10": 8.773140137045633, "11": -8.712351116217771, "12": 11.0, "13": -11.0, "14": -4.242763844780001, "15": 0.04276384478000139, "16": 11.0, "17": -11.0, "18": 0, "19": 0, "20": 0, "21": 0, "22": 0, "23": 0, "24": 0}, "ev_3": {"0": 0, "1": 0, "2": 0, "3": 0, "4": 0, "5": 0, "6": 0, "7": 0, "8": -11.0, "9": 11.0, "10": -7.200000000000003, "11": 11.0, "12": -11.0, "13": -11.0, "14": -0.8000000000000007, "15": 0.0, "16": 0.0, "17": 7.600000000000001, "18": 0, "19": 0, "20": 0, "21": 0, "22": 0, "23": 0, "24": 0}}, "stor_level": {"battery": {"0": 0, "1": 0.0, "2": 0.0, "3": 0.0, "4": 1.9407662890638306, "5": 3.9424950899259823, "6": 5.0, "7": 4.490902092788241, "8": 5.0, "9": 0.0, "10": 0.0, "11": 0.0, "12": 0.0, "13": 5.0, "14": 0.0, "15": 5.0, "16": 5.0, "17": 5.0, "18": 0.0, "19": 0.22216604544503582, "20": 0.6430099845240456, "21": 0.8165955195807495, "22": 2.057289679576856, "23": 0.2052310752180979, "24": 0.0}, "ev_1": {"0": 0, "1": 0, "2": 0, "3": 0, "4": 0, "5": 0, "6": 0, "7": 0, "8": 22.4, "9": 30.400000000000002, "10": 19.400000000000002, "11": 20.74410552928007, "12": 28.29967674749922, "13": 19.400000000000002, "14": 30.400000000000002, "15": 22.728551230805888, "16": 23.698117593969652, "17": 22.8, "18": 0, "19": 0, "20": 0, "21": 0, "22": 0, "23": 0, "24": 0}, "ev_2": {"0": 0, "1": 0, "2": 0, "3": 0, "4": 0, "5": 0, "6": 0, "7": 0, "8": 21.220306686571757, "9": 18.660789020827863, "10": 9.88764888378223, "11": 18.6, "12": 7.6000000000000005, "13": 18.6, "14": 22.842763844780002, "15": 22.8, "16": 11.8, "17": 22.8, "18": 0, "19": 0, "20": 0, "21": 0, "22": 0, "23": 0, "24": 0}, "ev_3": {"0": 0, "1": 0, "2": 0, "3": 0, "4": 0, "5": 0, "6": 0, "7": 0, "8": 22.4, "9": 11.399999999999999, "10": 18.6, "11": 7.6000000000000005, "12": 18.6, "13": 29.6, "14": 30.400000000000002, "15": 30.400000000000002, "16": 30.400000000000002, "17": 22.8, "18": 0, "19": 0, "20": 0, "21": 0, "22": 0, "23": 0, "24": 0}}, "dual_con1": {"0": 0.0, "1": 0.0, "2": 0.0, "3": 0.0, "4": 0.0, "5": 0.0, "6": 0.0, "7": 0.0, "8": 0.0, "9": 0.0, "10": 0.0, "11": 0.0, "12": 0.0, "13": 0.0, "14": 0.0, "15": 0.0, "16": 0.0, "17": 0.0, "18": -2.064, "19": 0.0, "20": 0.0, "21": 0.0, "22": 0.0, "23": 0.0, "24": 0.0}, "dual_con2": {"0": 0.0, "1": -0.3, "2": -0.128, "3": -0.128, "4": -0.128, "5": -0.128, "6": -0.128, "7": -0.128, "8": -0.128, "9": -0.128, "10": -0.128, "11": -0.128, "12": -0.128, "13": -0.128, "14": -0.128, "15": -0.128, "16": -0.128, "17": -0.128, "18": -0.3, "19": -0.128, "20": -0.128, "21": -0.128, "22": -0.128, "23": -0.128, "24": -0.128}}