charge_target,time,iterations
0.8,1352.2927598953247,6
TOTAL,1353.2224400043488,0
