{"u": {"0": 0.0, "1": 1.0, "2": 1.0, "3": 1.0, "4": 1.0, "5": 1.0, "6": 1.0, "7": 1.0, "8": 1.0, "9": 1.0, "10": 1.0, "11": 1.0, "12": 1.0, "13": 1.0, "14": 1.0, "15": 1.0, "16": 1.0, "17": 1.0, "18": 1.0, "19": 1.0, "20": 1.0, "21": 1.0, "22": 1.0, "23": 1.0, "24": 1.0}, "p1": {"0": 0.0, "1": 0.0, "2": 0.0, "3": 0.0, "4": 0.0, "5": 0.0, "6": 2.0455889312792337, "7": 7.738060988047341, "8": 9.375177369840337, "9": 9.84143116371164, "10": 16.111956413307546, "11": 15.773263091698857, "12": 14.409775240766391, "13": 6.996365333979561, "14": 5.08405656889455, "15": 2.7194589615179865, "16": 0.4212954624665546, "17": 6.000107281856543, "18": 10.094151289283488, "19": 13.994046027010272, "20": 18.138641278334884, "21": 21.095819570110084, "22": 14.909937878988199, "23": 8.428026471999175, "24": 0.11192321904845492}, "pg": {"0": 0, "1": 5.0, "2": 7.0, "3": 12.0, "4": 10.06693383846735, "5": 12.0, "6": 12.0, "7": 12.0, "8": 12.0, "9": 12.0, "10": 12.0, "11": 12.0, "12": 12.0, "13": 12.0, "14": 12.0, "15": 12.0, "16": 12.0, "17": 12.0, "18": 12.0, "19": 12.0, "20": 12.0, "21": 12.0, "22": 11.42309935452693, "23": 12.0, "24": 12.0}, "p2": {"0": 0, "1": 0.0, "2": 0.0, "3": 0.0, "4": 0.0, "5": 0.0, "6": 0.0, "7": 2.1956595848594738, "8": 0.0, "9": 4.141663026147519, "10": 4.270263888789309, "11": 3.1140220445299693, "12": 2.152010588351862, "13": 5.6871545133079024, "14": 0.4548147394015629, "15": 2.168444200845464, "16": 7.1210642129109445, "17": 2.47512003118851, "18": 7.188199132627759, "19": 4.009150552001174, "20": 8.325414964813266, "21": 4.558264043964638, "22": 0.0, "23": 1.9327359303382536, "24": 2.942716419127102}, "stor_net_i": {"battery": {"0": 0, "1": -0.04847599431461802, "2": -0.1084769269406074, "3": -1.127322631040789, "4": -3.7157244477039857, "5": 2.1197554508200636, "6": 1.0544441804038254, "7": -1.3249918701976675, "8": -1.8492077610262214, "9": 5.0, "10": 0.0, "11": -5.0, "12": 0.0, "13": 5.0, "14": 0.0, "15": 0.0, "16": -5.0, "17": 5.0, "18": 0.0, "19": -5.0, "20": 5.0, "21": 0.0, "22": -5.0, "23": 5.0, "24": 0.0}}, "stor_level": {"battery": {"0": 0, "1": 0.04847599431461891, "2": 0.15695292125522542, "3": 1.2842755522960143, "4": 5.0, "5": 2.8802445491799364, "6": 1.825800368776111, "7": 3.1507922389737786, "8": 5.0, "9": 0.0, "10": 0.0, "11": 5.0, "12": 5.0, "13": 0.0, "14": 0.0, "15": 0.0, "16": 5.0, "17": 0.0, "18": 0.0, "19": 5.0, "20": 0.0, "21": 0.0, "22": 5.0, "23": 0.0, "24": 0.0}}, "dual_con1": {"0": 0.0, "1": 0.0, "2": 0.0, "3": 0.0, "4": 0.0, "5": -2.064, "6": -2.064, "7": -2.064, "8": -2.064, "9": -2.064, "10": -2.064, "11": -2.064, "12": -2.064, "13": -2.064, "14": -2.064, "15": -2.064, "16": -2.064, "17": -2.064, "18": -2.064, "19": -2.064, "20": -2.064, "21": -2.064, "22": 0.0, "23": -2.064, "24": -2.064}, "dual_con2": {"0": 0.0, "1": -0.128, "2": -0.128, "3": -0.128, "4": -0.128, "5": -0.3, "6": -0.3, "7": -0.3, "8": -0.3, "9": -0.3, "10": -0.3, "11": -0.3, "12": -0.3, "13": -0.3, "14": -0.3, "15": -0.3, "16": -0.3, "17": -0.3, "18": -0.3, "19": -0.3, "20": -0.3, "21": -0.3, "22": -0.128, "23": -0.3, "24": -0.3}}