{"u": {"0": 0.0, "1": 1.0, "2": 1.0, "3": 1.0, "4": 1.0, "5": 1.0, "6": 1.0, "7": 1.0, "8": 1.0, "9": 1.0, "10": 1.0, "11": 1.0, "12": 1.0, "13": 1.0, "14": 1.0, "15": 1.0, "16": 1.0, "17": 1.0, "18": 1.0, "19": 1.0, "20": 1.0, "21": 1.0, "22": 1.0, "23": 1.0, "24": 1.0}, "p1": {"0": 0.0, "1": 0.7755619332101569, "2": 0.0, "3": 0.0, "4": 0.0, "5": 0.0, "6": 3.19539129088791, "7": 9.249026716120227, "8": 11.248331521661841, "9": 13.118320210601368, "10": 19.530645083865508, "11": 17.6431978455649, "12": 15.375697543425726, "13": 9.342154208420094, "14": 5.494383913837098, "15": 3.4391558588457514, "16": 3.3323071155198427, "17": 7.464361992892201, "18": 11.494610590940558, "19": 15.180104566693656, "20": 21.28441648180585, "21": 25.370373959581674, "22": 17.65293974923276, "23": 10.104846308777196, "24": 0.429050622419231}, "pg": {"0": 0, "1": 5.0, "2": 10.0, "3": 12.0, "4": 12.0, "5": 12.0, "6": 12.0, "7": 12.0, "8": 8.724325619825427, "9": 10.74460167612122, "10": 12.0, "11": 11.235426964957867, "12": 12.0, "13": 11.725404428850103, "14": 12.0, "15": 12.0, "16": 12.0, "17": 12.0, "18": 12.0, "19": 9.492840126342838, "20": 4.492840126342838, "21": 6.949226926832694, "22": 11.949226926832694, "23": 6.949226926832694, "24": 11.949226926832694}, "p2": {"0": 0, "1": 2.428719554125389, "2": 0.4868108808734384, "3": 0.7489560098661627, "4": 2.5579330940782565, "5": 0.0, "6": 0.07578571367497666, "7": 0.8072385398584245, "8": 0.0, "9": 0.0, "10": 0.0, "11": 0.0, "12": 0.0, "13": 0.0, "14": 0.0, "15": 0.0, "16": 0.0, "17": 0.0, "18": 0.0, "19": 0.0, "20": 0.0, "21": 0.0, "22": 0.0, "23": 0.0, "24": 0.0}, "stor_net_i": {"battery": {"0": 0, "1": 0.0, "2": 0.0, "3": 0.0, "4": -4.26673511849196, "5": -0.73326488150804, "6": 5.0, "7": 0.0, "8": 0.0, "9": -0.23406697749523175, "10": 0.23406697749523175, "11": -5.0, "12": 1.1077340324841423, "13": 0.7992234785313652, "14": -1.9069575110155075, "15": 2.378221115493833, "16": -1.2414530174277054, "17": 2.24609115111992, "18": 1.408882242771126, "19": -2.7978720503848944, "20": 3.0061305584277207, "21": -0.922029517484372, "22": -0.07279723636078472, "23": 0.240131601434042, "24": 0.7546951524111201}}, "stor_level": {"battery": {"0": 0, "1": 0.0, "2": 0.0, "3": 0.0, "4": 4.26673511849196, "5": 5.0, "6": 0.0, "7": 0.0, "8": 0.0, "9": 0.23406697749523175, "10": 0.0, "11": 5.0, "12": 3.8922659675158577, "13": 3.0930424889844925, "14": 5.0, "15": 2.621778884506167, "16": 3.8632319019338723, "17": 1.6171407508139524, "18": 0.2082585080428263, "19": 3.0061305584277207, "20": 0.0, "21": 0.922029517484372, "22": 0.9948267538451585, "23": 0.7546951524111201, "24": 0.0}}, "dual_con1": {"0": 0.0, "1": 0.0, "2": 0.0, "3": -2.064, "4": -2.064, "5": -2.064, "6": -2.064, "7": -2.064, "8": 0.0, "9": 0.0, "10": 0.0, "11": 0.0, "12": 0.0, "13": 0.0, "14": 0.0, "15": 0.0, "16": 0.0, "17": 0.0, "18": 0.0, "19": 0.0, "20": 0.0, "21": 0.0, "22": 0.0, "23": 0.0, "24": 0.0}, "dual_con2": {"0": 0.0, "1": -0.3, "2": -0.3, "3": -0.3, "4": -0.3, "5": -0.3, "6": -0.3, "7": -0.3, "8": -0.128, "9": -0.128, "10": -0.128, "11": -0.128, "12": -0.128, "13": -0.128, "14": -0.128, "15": -0.128, "16": -0.128, "17": -0.128, "18": -0.128, "19": -0.128, "20": -0.128, "21": -0.128, "22": -0.128, "23": -0.128, "24": -0.128}}