{"u": {"0": 0, "1": 1.0, "2": 1.0, "3": 1.0, "4": 1.0, "5": 1.0, "6": 1.0, "7": 1.0, "8": 1.0, "9": 1.0, "10": 1.0, "11": 1.0, "12": 1.0, "13": 1.0, "14": 1.0, "15": 1.0, "16": 1.0, "17": 1.0, "18": 1.0, "19": 1.0, "20": 1.0, "21": 1.0, "22": 1.0, "23": 1.0, "24": 1.0}, "p1": {"0": 0, "1": 0.7712492003472491, "2": 0.0, "3": 0.0, "4": 0.0, "5": 0.0, "6": 3.1714351027628815, "7": 9.252742390929688, "8": 11.292553498573836, "9": 13.141771086946576, "10": 19.371074609147303, "11": 17.361662459667727, "12": 15.534266398482456, "13": 9.349503614993054, "14": 5.215982749321693, "15": 3.4534967994762944, "16": 3.6334906421053965, "17": 7.613181945591702, "18": 11.282664901036652, "19": 15.188373917057188, "20": 21.284937081905042, "21": 25.33328685973281, "22": 17.693478561966923, "23": 10.095352223843925, "24": 0.4202440581285085}, "alpha": {"0": 0, "1": 1.331955344678327, "2": 1.1383518775890118, "3": 1.3497622651269556, "4": 1.3736358257455001, "5": 1.4625185641327718, "6": 1.7257565918690747, "7": 1.758625031519365, "8": 1.74823378401505, "9": 1.793447221517851, "10": 1.7522633074380258, "11": 1.7610777780689497, "12": 1.7224283342059308, "13": 1.762383302482393, "14": 1.7921451340441472, "15": 1.730560737841767, "16": 1.6799659928756838, "17": 1.6830898526901579, "18": 1.7566810077702326, "19": 1.7794969284153774, "20": 1.7505165992140437, "21": 1.7360292185263526, "22": 1.6279556559125645, "23": 1.5073758173520835, "24": 1.4099299047469247}}