stor_level,time,iterations
4,0.6823339462280273,3
TOTAL,0.685797929763794,0
