{"u": {"0": 0.0, "1": 1.0, "2": 1.0, "3": 1.0, "4": 1.0, "5": 1.0, "6": 1.0, "7": 1.0, "8": 1.0, "9": 1.0, "10": 1.0, "11": 1.0, "12": 1.0, "13": 1.0, "14": 1.0, "15": 1.0, "16": 1.0, "17": 1.0, "18": 1.0, "19": 1.0, "20": 1.0, "21": 1.0, "22": 1.0, "23": 1.0, "24": 1.0}, "p1": {"0": 0.0, "1": 7.250916566118658, "2": 7.78266010359741, "3": 0.0, "4": 0.0, "5": 0.0, "6": 10.833299188043302, "7": 7.6589869568125515, "8": 11.465898539699799, "9": 13.391295260990022, "10": 19.155356369123037, "11": 17.200471806279637, "12": 9.013800236732486, "13": 4.938088555742516, "14": 12.953659457988268, "15": 4.131023284625034, "16": 5.297094397475867, "17": 6.232697927050195, "18": 4.356024041951542, "19": 0.9201492796032996, "20": 13.412376602045232, "21": 17.43074091971029, "22": 25.625896512770506, "23": 19.6698636656596, "24": 5.279839826424869}, "pg": {"0": 0, "1": 5.0, "2": 10.0, "3": 12.0, "4": 12.0, "5": 12.0, "6": 12.0, "7": 12.0, "8": 12.0, "9": 12.0, "10": 12.0, "11": 12.0, "12": 12.0, "13": 12.0, "14": 12.0, "15": 12.0, "16": 12.0, "17": 12.0, "18": 12.0, "19": 12.0, "20": 12.0, "21": 12.0, "22": 12.0, "23": 12.0, "24": 12.0}, "p2": {"0": 0, "1": 0.0, "2": 0.0, "3": 0.0, "4": 0.0, "5": 0.0, "6": 0.0, "7": 0.0, "8": 0.0, "9": 0.0, "10": 0.0, "11": 0.0, "12": 0.0, "13": 0.0, "14": 0.0, "15": 2.6567266055619747, "16": 0.0, "17": 0.0, "18": 0.0, "19": 0.8063907805094974, "20": 1.6087223789803495, "21": 13.82820726163029, "22": 0.0, "23": 0.0, "24": 3.2881670931850024}, "stor_net_i": {"battery": {"0": 0, "1": 0.0, "2": 0.0, "3": 0.0, "4": 0.0, "5": 0.0, "6": -1.4789213613423549, "7": -1.7369859067014666, "8": 2.3049265682002744, "9": 0.910980699843547, "10": 0.0, "11": -5.0, "12": 0.0, "13": 2.058108010526082, "14": 2.941891989473918, "15": 0.0, "16": 0.0, "17": 0.0, "18": -5.0, "19": 5.0, "20": 0.0, "21": 0.0, "22": -2.6313891580648523, "23": -2.3686108419351477, "24": 5.0}, "ev": {"0": 0, "1": -3.8488782231343084, "2": -9.844152034005536, "3": -4.780315948900915, "4": -4.669019946713181, "5": 0.32703963522983237, "6": -7.584673482475893, "7": 0.0, "8": 0.0, "9": 2.000701188197162, "10": 0.7926016325088447, "11": 6.05264784660455, "12": 10.354918183254092, "13": 4.594317076204767, "14": -11.0, "15": -1.30647736649955, "16": 1.8843273652365085, "17": -1.4138241124855053, "18": 4.040788186979135, "19": 11.0, "20": 11.0, "21": -0.3986004622170114, "22": -4.2013995377829865, "23": -11.0, "24": -11.0}}, "stor_level": {"battery": {"0": 0, "1": 0.0, "2": 0.0, "3": 0.0, "4": 0.0, "5": 0.0, "6": 1.4789213613423549, "7": 3.2159072680438214, "8": 0.910980699843547, "9": 0.0, "10": 0.0, "11": 5.0, "12": 5.0, "13": 2.941891989473918, "14": 0.0, "15": 0.0, "16": 0.0, "17": 0.0, "18": 5.0, "19": 0.0, "20": 0.0, "21": 0.0, "22": 2.6313891580648523, "23": 5.0, "24": 0.0}, "ev": {"0": 7.6000000000000005, "1": 11.448878223134308, "2": 21.293030257139844, "3": 26.07334620604076, "4": 30.74236615275394, "5": 30.415326517524107, "6": 38.0, "7": 38.0, "8": 38.0, "9": 35.99929881180284, "10": 35.206697179294, "11": 29.154049332689446, "12": 18.799131149435354, "13": 14.204814073230587, "14": 25.204814073230587, "15": 26.511291439730137, "16": 24.62696407449363, "17": 26.040788186979135, "18": 22.0, "19": 11.0, "20": 0.0, "21": 0.3986004622170114, "22": 4.599999999999998, "23": 15.599999999999998, "24": 26.599999999999998}}, "dual_con1": {"0": 0.0, "1": 0.0, "2": 0.0, "3": -2.064, "4": -2.064, "5": -2.064, "6": -2.064, "7": -2.064, "8": -2.064, "9": -2.064, "10": -2.064, "11": -2.064, "12": -2.064, "13": -2.064, "14": -2.064, "15": -2.064, "16": -2.064, "17": -2.064, "18": -2.064, "19": -2.064, "20": -2.064, "21": -2.064, "22": -2.064, "23": -2.064, "24": -2.064}, "dual_con2": {"0": 0.0, "1": -0.3, "2": -0.3, "3": -0.3, "4": -0.3, "5": -0.3, "6": -0.3, "7": -0.3, "8": -0.3, "9": -0.3, "10": -0.3, "11": -0.3, "12": -0.3, "13": -0.3, "14": -0.3, "15": -0.3, "16": -0.3, "17": -0.3, "18": -0.3, "19": -0.3, "20": -0.3, "21": -0.3, "22": -0.3, "23": -0.3, "24": -0.3}}