{"u": {"0": 0, "1": 1.0, "2": 1.0, "3": 1.0, "4": 1.0, "5": 1.0, "6": 1.0, "7": 1.0, "8": 1.0, "9": 1.0, "10": 1.0, "11": 1.0, "12": 1.0, "13": 1.0, "14": 1.0, "15": 1.0, "16": 1.0, "17": 1.0, "18": 1.0, "19": 1.0, "20": 1.0, "21": 1.0, "22": 1.0, "23": 1.0, "24": 1.0}, "p1": {"0": 0, "1": 6.539069767441866, "2": 9.620306541172397, "3": 2.675875755129807, "4": 0.0, "5": 0.0, "6": 7.7499809309413195, "7": 6.522804791980896, "8": 11.842466582422656, "9": 13.304716859284222, "10": 19.584558670208413, "11": 17.03480036357595, "12": 7.016549332123628, "13": 9.981801947496342, "14": 12.426222158561938, "15": 0.0, "16": 0.0, "17": 5.298541454805537, "18": 6.8162779057255225, "19": 3.951161626655759, "20": 10.183769036622454, "21": 17.438191183556587, "22": 18.401366997304887, "23": 3.5424875431995115, "24": 7.342730364666156}, "alpha": {"0": 0, "1": 1.1162790697674403, "2": 1.1639080376482813, "3": 1.230880986728795, "4": 1.3411276769254716, "5": 1.6632740252010876, "6": 2.6310057207176047, "7": 1.9791585624057322, "8": 1.5832600252732036, "9": 1.5945849422147331, "10": 1.6606323989374747, "11": 1.825559890927214, "12": 2.251035200362913, "13": 1.6914594157510972, "14": 1.5881333524314187, "15": 2.7760188273989126, "16": 3.429072567082551, "17": 1.7004324593697637, "18": 2.1911166282823435, "19": 2.570651512003273, "20": 2.231837563312324, "21": 1.870537656642933, "22": 2.075589900808535, "23": 1.9013719352663556, "24": 1.6131808906001541}}