{"u": {"0": 0, "1": 1.0, "2": 1.0, "3": 1.0, "4": 1.0, "5": 1.0, "6": 1.0, "7": 1.0, "8": 1.0, "9": 1.0, "10": 1.0, "11": 1.0, "12": 1.0, "13": 1.0, "14": 1.0, "15": 1.0, "16": 1.0, "17": 1.0, "18": 1.0, "19": 1.0, "20": 1.0, "21": 1.0, "22": 1.0, "23": 1.0, "24": 1.0}, "p1": {"0": 0, "1": 6.911162790697681, "2": 9.515521532715384, "3": 0.3755648526912587, "4": 0.0, "5": 0.0, "6": 10.40347570686904, "7": 7.126394128772954, "8": 10.962289033577687, "9": 11.793614137829861, "10": 19.397951642990012, "11": 17.335597323980384, "12": 8.99781029278022, "13": 2.315741609259552, "14": 13.237218228878701, "15": 2.7048777872499947, "16": 4.523054021822581, "17": 6.5973435153655196, "18": 4.1756290369660025, "19": 0.9038762891983829, "20": 12.93879896675787, "21": 15.431689156425145, "22": 24.26261280242841, "23": 19.525861433457788, "24": 0.0}, "alpha": {"0": 0, "1": 1.004651162790696, "2": 1.195343540185385, "3": 1.9209742574603599, "4": 1.5251120645199852, "5": 1.7764717493775304, "6": 1.8349572879392888, "7": 1.7980817613681144, "8": 1.8473132899266944, "9": 2.0479157586510413, "10": 1.7166145071029955, "11": 1.7353208028058842, "12": 1.6566569121659351, "13": 3.841277517222134, "14": 1.4948345313363902, "15": 1.9245366638250028, "16": 1.8290837934532258, "17": 1.7952070494813908, "18": 2.3833112889101997, "19": 2.614837113240486, "20": 1.8660254577262456, "21": 2.0754025872679245, "22": 1.6372161592714778, "23": 1.978241569962663, "24": 1.528801236989398}}