{"u": {"0": 0, "1": 1.0, "2": 1.0, "3": 1.0, "4": 1.0, "5": 1.0, "6": 1.0, "7": 1.0, "8": 1.0, "9": 1.0, "10": 1.0, "11": 1.0, "12": 1.0, "13": 1.0, "14": 1.0, "15": 1.0, "16": 1.0, "17": 1.0, "18": 1.0, "19": 1.0, "20": 1.0, "21": 1.0, "22": 1.0, "23": 1.0, "24": 1.0}, "p1": {"0": 0, "1": 8.508803257679018, "2": 10.19212768059271, "3": 0.0, "4": 0.0, "5": 0.0, "6": 10.912936077798857, "7": 7.023476310681026, "8": 10.13681573864003, "9": 12.156097012108265, "10": 19.589598372066813, "11": 15.642347904899122, "12": 2.406077326892289, "13": 7.635251238569433, "14": 16.921701092403655, "15": 0.0, "16": 0.0, "17": 0.0, "18": 12.301552529671396, "19": 3.3421694998522966, "20": 7.902928312055504, "21": 17.8477978803007, "22": 28.09562483511896, "23": 18.63714658659682, "24": 11.537204290004686}, "alpha": {"0": 0, "1": 1.0833590226962948, "2": 1.0283616958221868, "3": 1.6195095030712863, "4": 1.427656281016593, "5": 1.394277164214743, "6": 2.0121191766603435, "7": 1.8289571067956925, "8": 2.0949552784079915, "9": 1.93917089636752, "10": 1.6591204883799544, "11": 2.2432956285302628, "12": 2.314176801932314, "13": 2.39542462842917, "14": 1.5594896722789018, "15": 3.3155756485305345, "16": 3.4803699732023348, "17": 3.3440726381245263, "18": 1.5955342410985802, "19": 2.107142811779618, "20": 2.498100563343129, "21": 1.6962784177376553, "22": 1.807312549464311, "23": 2.244856024020953, "24": 1.374838712998594}}