{"u": {"0": 0, "1": 1.0, "2": 1.0, "3": 1.0, "4": 1.0, "5": 1.0, "6": 1.0, "7": 1.0, "8": 1.0, "9": 1.0, "10": 1.0, "11": 1.0, "12": 1.0, "13": 1.0, "14": 1.0, "15": 1.0, "16": 1.0, "17": 1.0, "18": 1.0, "19": 1.0, "20": 1.0, "21": 1.0, "22": 1.0, "23": 1.0, "24": 1.0}, "p1": {"0": 0, "1": 6.911162790697681, "2": 8.61708853085778, "3": 0.4209163185415825, "4": 0.0, "5": 0.0, "6": 11.254968313508696, "7": 7.385949693691838, "8": 11.494519926132304, "9": 11.916989506923903, "10": 15.755264033393232, "11": 18.076486942745873, "12": 5.597124398704436, "13": 4.544799086391608, "14": 12.535934238929139, "15": 3.880890883348137, "16": 3.933105426599825, "17": 3.920653579831029, "18": 3.3043745100635835, "19": 0.6897674418604686, "20": 10.85757808739931, "21": 19.885277505055942, "22": 24.871691200502386, "23": 20.45199912994907, "24": 0.0}, "alpha": {"0": 0, "1": 1.004651162790696, "2": 1.4648734407426665, "3": 1.9073688177052623, "4": 1.398334482644409, "5": 1.725330421706642, "6": 1.5795095059473918, "7": 1.7202150918924497, "8": 1.6876440221603095, "9": 2.010903147922829, "10": 2.8094207899820294, "11": 1.5130539171762374, "12": 2.6768626803886706, "13": 3.172560274082517, "14": 1.705219728321259, "15": 1.57173273499556, "16": 2.006068372020053, "17": 2.309803926050692, "18": 2.6446876469809255, "19": 2.6790697674418595, "20": 2.0885227425113615, "21": 1.423309411757274, "22": 1.4544926398492848, "23": 1.7004002610152784, "24": 1.0993607449718659}}