{"u": {"0": 0, "1": 1.0, "2": 1.0, "3": 1.0, "4": 1.0, "5": 1.0, "6": 1.0, "7": 1.0, "8": 1.0, "9": 1.0, "10": 1.0, "11": 1.0, "12": 1.0, "13": 1.0, "14": 1.0, "15": 1.0, "16": 1.0, "17": 1.0, "18": 1.0, "19": 1.0, "20": 1.0, "21": 1.0, "22": 1.0, "23": 1.0, "24": 1.0}, "p1": {"0": 0, "1": 7.716631991814888, "2": 7.819493691347205, "3": 0.5522572677584264, "4": 0.0, "5": 0.28197880723562463, "6": 11.193902253295814, "7": 7.0618534290259305, "8": 10.38785073125341, "9": 12.866897558078165, "10": 18.72498602332997, "11": 15.531736862247008, "12": 1.7036726498160295, "13": 8.899429693592438, "14": 13.50503451009139, "15": 0.0, "16": 0.0, "17": 10.917213614707045, "18": 6.968605571363607, "19": 1.744271804789113, "20": 8.370380288576857, "21": 13.954335362150912, "22": 27.371271947846928, "23": 19.60766149348578, "24": 12.170560986957662}, "alpha": {"0": 0, "1": 1.0930104024555343, "2": 1.0992950402056907, "3": 1.3833347071536708, "4": 1.3410107357762069, "5": 1.901406357829313, "6": 1.9278293240112565, "7": 1.8174439712922217, "8": 2.0196447806239775, "9": 1.7259307325765503, "10": 1.918504193001008, "11": 2.2764789413258963, "12": 2.524898205055192, "13": 2.016171091922268, "14": 2.584489646972582, "15": 3.380166906704728, "16": 3.4351133008830166, "17": 0.8038990798893669, "18": 2.0554183285909184, "19": 2.4645608108975767, "20": 2.527951323062161, "21": 2.239500294558628, "22": 2.0246184156459215, "23": 1.9537015519542655, "24": 1.184831703912701}}