{"u": {"0": 0.0, "1": 1.0, "2": 1.0, "3": 1.0, "4": 1.0, "5": 1.0, "6": 1.0, "7": 1.0, "8": 1.0, "9": 1.0, "10": 1.0, "11": 1.0, "12": 1.0, "13": 1.0, "14": 1.0, "15": 1.0, "16": 1.0, "17": 1.0, "18": 1.0, "19": 1.0, "20": 1.0, "21": 1.0, "22": 1.0, "23": 1.0, "24": 1.0}, "p1": {"0": 0.0, "1": 7.283255813953495, "2": 7.312374851047782, "3": 0.0, "4": 0.0, "5": 0.0, "6": 10.715133401651952, "7": 6.726013755304329, "8": 11.54242157645538, "9": 13.197870247288757, "10": 16.113434888756984, "11": 17.45035680654302, "12": 7.563861494310924, "13": 9.234423150399834, "14": 12.634837123541034, "15": 3.976313871255865, "16": 0.0, "17": 4.980674639338703, "18": 4.1756290369660025, "19": 1.2759693124541993, "20": 11.868228565561019, "21": 18.537990947672892, "22": 24.583920281260777, "23": 19.59152142673154, "24": 0.6189004357130745}, "pg": {"0": 0, "1": 5.0, "2": 10.0, "3": 12.0, "4": 12.0, "5": 12.0, "6": 12.0, "7": 12.0, "8": 12.0, "9": 12.0, "10": 12.0, "11": 12.0, "12": 12.0, "13": 12.0, "14": 12.0, "15": 12.0, "16": 12.0, "17": 12.0, "18": 12.0, "19": 12.0, "20": 12.0, "21": 12.0, "22": 12.0, "23": 12.0, "24": 12.0}, "p2": {"0": 0, "1": 0.0, "2": 0.0, "3": 0.0, "4": 0.0, "5": 0.0, "6": 0.0, "7": 0.0, "8": 0.0, "9": 0.0, "10": 0.0, "11": 0.0, "12": 0.0, "13": 0.0, "14": 0.0, "15": 0.0, "16": 0.0, "17": 0.0, "18": 0.0, "19": 0.8619693886368527, "20": 14.152870415464562, "21": 17.990382188002275, "22": 0.0, "23": 0.0, "24": 0.0}, "stor_net_i": {"battery": {"0": 0, "1": 0.0, "2": 0.0, "3": 0.0, "4": 0.0, "5": 0.0, "6": -0.9228095702362094, "7": -0.8040127051932444, "8": 1.7268222754294538, "9": 0.0, "10": 0.0, "11": -5.0, "12": 0.8048569256756544, "13": 0.9344287504031943, "14": 3.2607143239211513, "15": 0.0, "16": 0.0, "17": 0.0, "18": -5.0, "19": 5.0, "20": 0.0, "21": 0.0, "22": -2.7097313969929147, "23": -2.2902686030070853, "24": 5.0}, "ev": {"0": 0, "1": -3.881217470969146, "2": -9.373866781455908, "3": -4.780315948900915, "4": -4.669019946713181, "5": 0.32703963522983237, "6": -8.022619487190688, "7": 0.0, "8": 0.5015812560152391, "9": 3.1051069017419746, "10": 3.8345231128748978, "11": 5.802762846341167, "12": 11.0, "13": 1.4216617416703397, "14": -11.0, "15": 1.5049586524315934, "16": 7.181421762712375, "17": -0.16180082477401392, "18": 4.221183191964677, "19": 10.588601359021744, "20": 0.0, "21": -5.6680254165516, "22": -3.0810810673451954, "23": -11.0, "24": -3.050893516103203}}, "stor_level": {"battery": {"0": 0, "1": 0.0, "2": 0.0, "3": 0.0, "4": 0.0, "5": 0.0, "6": 0.9228095702362094, "7": 1.7268222754294538, "8": 0.0, "9": 0.0, "10": 0.0, "11": 5.0, "12": 4.195143074324346, "13": 3.2607143239211513, "14": 0.0, "15": 0.0, "16": 0.0, "17": 0.0, "18": 5.0, "19": 0.0, "20": 0.0, "21": 0.0, "22": 2.7097313969929147, "23": 5.0, "24": 0.0}, "ev": {"0": 7.6000000000000005, "1": 11.481217470969145, "2": 20.85508425242505, "3": 25.635400201325965, "4": 30.304420148039146, "5": 29.97738051280931, "6": 38.0, "7": 38.0, "8": 37.49841874398476, "9": 34.39331184224278, "10": 30.558788729367883, "11": 24.756025883026716, "12": 13.756025883026716, "13": 12.334364141356376, "14": 23.334364141356374, "15": 21.82940548892478, "16": 14.647983726212406, "17": 14.80978455098642, "18": 10.588601359021743, "19": 0.0, "20": 0.0, "21": 5.6680254165516, "22": 8.749106483896796, "23": 19.749106483896796, "24": 22.8}}, "dual_con1": {"0": 0.0, "1": 0.0, "2": 0.0, "3": -2.064, "4": -2.064, "5": -2.064, "6": -2.064, "7": -2.064, "8": -2.064, "9": -2.064, "10": -2.064, "11": -2.064, "12": -2.064, "13": -2.064, "14": -2.064, "15": -2.064, "16": -2.064, "17": -2.064, "18": -2.064, "19": -2.064, "20": -2.064, "21": -2.064, "22": -2.064, "23": -2.064, "24": -2.064}, "dual_con2": {"0": 0.0, "1": -0.3, "2": -0.3, "3": -0.3, "4": -0.3, "5": -0.3, "6": -0.3, "7": -0.3, "8": -0.3, "9": -0.3, "10": -0.3, "11": -0.3, "12": -0.3, "13": -0.3, "14": -0.3, "15": -0.3, "16": -0.3, "17": -0.3, "18": -0.3, "19": -0.3, "20": -0.3, "21": -0.3, "22": -0.3, "23": -0.3, "24": -0.3}}