{"u": {"0": 0.0, "1": 1.0, "2": 1.0, "3": 1.0, "4": 1.0, "5": 1.0, "6": 1.0, "7": 1.0, "8": 1.0, "9": 1.0, "10": 1.0, "11": 1.0, "12": 1.0, "13": 1.0, "14": 1.0, "15": 1.0, "16": 1.0, "17": 1.0, "18": 1.0, "19": 1.0, "20": 1.0, "21": 1.0, "22": 1.0, "23": 1.0, "24": 1.0}, "p1": {"0": 0.0, "1": 8.771162790697678, "2": 10.541717068237306, "3": 5.1096972347097775, "4": 0.0, "5": 0.0, "6": 5.788389778990544, "7": 5.519245055049051, "8": 14.047249292707278, "9": 9.875496429357229, "10": 20.492611716110954, "11": 14.655056318894616, "12": 17.511039912646115, "13": 7.078009236954223, "14": 7.701028166797187, "15": 1.5603945975947138, "16": 7.526501237615413, "17": 7.086393006503636, "18": 11.82951968950219, "19": 7.653283122131969, "20": 18.314240975644474, "21": 20.079613803099576, "22": 16.723768323416312, "23": 4.142649090035276, "24": 2.2360203175974736}, "pg": {"0": 0, "1": 4.5884938118908565, "2": 9.588493811890856, "3": 12.0, "4": 12.0, "5": 12.0, "6": 12.0, "7": 12.0, "8": 12.0, "9": 12.0, "10": 12.0, "11": 12.0, "12": 12.0, "13": 12.0, "14": 12.0, "15": 12.0, "16": 12.0, "17": 12.0, "18": 12.0, "19": 12.0, "20": 12.0, "21": 12.0, "22": 12.0, "23": 12.0, "24": 12.0}, "p2": {"0": 0, "1": 0.0, "2": 0.0, "3": 0.0, "4": 0.0, "5": 0.0, "6": 0.0, "7": 0.0, "8": 0.0, "9": 0.0, "10": 0.0, "11": 0.0, "12": 0.0, "13": 0.0, "14": 0.0, "15": 0.0, "16": 0.0, "17": 0.0, "18": 0.0, "19": 0.0, "20": 0.0, "21": 0.0, "22": 3.8362922282241545, "23": 0.0, "24": 11.3319866020124}, "stor_net_i": {"battery": {"0": 0, "1": 0.0, "2": -1.1917028105362846, "3": 1.1099868163893092, "4": -1.226638206317368, "5": 0.32703963522983237, "6": -4.018685434765489, "7": 0.40275599506203363, "8": -0.27642418480720465, "9": 4.873668189745171, "10": -5.0, "11": 5.0, "12": 0.0, "13": -5.0, "14": 5.0, "15": 0.0, "16": 0.0, "17": 0.0, "18": -0.7801149433619354, "19": -0.9267430620191721, "20": -3.2931419946188925, "21": 0.0, "22": 5.0, "23": 0.0, "24": 0.0}, "ev": {"0": 0, "1": -4.957618259604185, "2": -11.0, "3": -11.0, "4": -3.4423817403958132, "5": 0.0, "6": 0.0, "7": 0.0, "8": 0.0, "9": 1.553812529928333, "10": 4.455346285520928, "11": -1.4019366660104282, "12": 1.857678507340463, "13": 9.512504405519145, "14": -7.805476719335001, "15": 3.9208779260927447, "16": -0.3450794749030379, "17": -2.2675191919389466, "18": -7.652592517209577, "19": 11.0, "20": 11.0, "21": 10.78073391602399, "22": -6.766952734717799, "23": 2.158603733689178, "24": -11.0}}, "stor_level": {"battery": {"0": 0, "1": 0.0, "2": 1.1917028105362855, "3": 0.08171599414697628, "4": 1.3083542004643434, "5": 0.981314565234511, "6": 5.0, "7": 4.597244004937966, "8": 4.873668189745171, "9": 0.0, "10": 5.0, "11": 0.0, "12": 0.0, "13": 5.0, "14": 0.0, "15": 0.0, "16": 0.0, "17": 0.0, "18": 0.7801149433619354, "19": 1.7068580053811075, "20": 5.0, "21": 5.0, "22": 0.0, "23": 0.0, "24": 0.0}, "ev": {"0": 7.6000000000000005, "1": 12.557618259604187, "2": 23.557618259604187, "3": 34.55761825960418, "4": 38.0, "5": 38.0, "6": 38.0, "7": 38.0, "8": 38.0, "9": 36.44618747007166, "10": 31.990841184550735, "11": 33.39277785056116, "12": 31.535099343220697, "13": 22.02259493770155, "14": 29.828071657036553, "15": 25.90719373094381, "16": 26.252273205846848, "17": 28.519792397785793, "18": 36.17238491499537, "19": 25.17238491499537, "20": 14.17238491499537, "21": 3.391650998971379, "22": 10.158603733689178, "23": 8.0, "24": 19.0}}, "dual_con1": {"0": 0.0, "1": 0.0, "2": 0.0, "3": 0.0, "4": 0.0, "5": 0.0, "6": 0.0, "7": -2.064, "8": -2.064, "9": -2.064, "10": -2.064, "11": -2.064, "12": -2.064, "13": -2.064, "14": -2.064, "15": -2.064, "16": -2.064, "17": -2.064, "18": -2.064, "19": -2.064, "20": -2.064, "21": -2.064, "22": -2.064, "23": -2.064, "24": -2.064}, "dual_con2": {"0": 0.0, "1": -0.128, "2": -0.128, "3": -0.128, "4": -0.128, "5": -0.128, "6": -0.128, "7": -0.3, "8": -0.3, "9": -0.3, "10": -0.3, "11": -0.3, "12": -0.3, "13": -0.3, "14": -0.3, "15": -0.3, "16": -0.3, "17": -0.3, "18": -0.3, "19": -0.3, "20": -0.3, "21": -0.3, "22": -0.3, "23": -0.3, "24": -0.3}}