{"u": {"0": 0, "1": 1.0, "2": 1.0, "3": 1.0, "4": 1.0, "5": 1.0, "6": 1.0, "7": 1.0, "8": 1.0, "9": 1.0, "10": 1.0, "11": 1.0, "12": 1.0, "13": 1.0, "14": 1.0, "15": 1.0, "16": 1.0, "17": 1.0, "18": 1.0, "19": 1.0, "20": 1.0, "21": 1.0, "22": 1.0, "23": 1.0, "24": 1.0}, "p1": {"0": 0, "1": 8.771162790697678, "2": 10.541717068237306, "3": 5.1096972347097775, "4": 0.0, "5": 0.0, "6": 5.788389778990544, "7": 5.519245055049051, "8": 14.047249292707278, "9": 9.875496429357229, "10": 20.492611716110954, "11": 14.655056318894616, "12": 17.511039912646115, "13": 7.078009236954223, "14": 7.701028166797187, "15": 1.5603945975947138, "16": 7.526501237615413, "17": 7.086393006503636, "18": 11.82951968950219, "19": 7.653283122131969, "20": 18.314240975644474, "21": 20.079613803099576, "22": 16.723768323416312, "23": 4.142649090035276, "24": 2.2360203175974736}, "alpha": {"0": 0, "1": 1.0046511627906969, "2": 0.9234848795288098, "3": 1.4730908295870662, "4": 1.362464208952832, "5": 1.5464309785212613, "6": 1.8994830663028373, "7": 1.6202264834852855, "8": 1.5818252121878171, "9": 1.963351071192831, "10": 2.0482164851667144, "11": 1.8794831043316145, "12": 1.7426880262061653, "13": 1.7525972289137344, "14": 1.8356915499608448, "15": 1.6078816207215856, "16": 1.5880496287153751, "17": 1.0286421509181678, "18": 1.6471440931493422, "19": 1.9100150633604103, "20": 1.981727707306658, "21": 1.7818821154016913, "22": 2.578869502975108, "23": 2.633205272989418, "24": 1.9455689633540771}}