{"u": {"0": 0, "1": 1.0, "2": 1.0, "3": 1.0, "4": 1.0, "5": 1.0, "6": 1.0, "7": 1.0, "8": 1.0, "9": 1.0, "10": 1.0, "11": 1.0, "12": 1.0, "13": 1.0, "14": 1.0, "15": 1.0, "16": 1.0, "17": 1.0, "18": 1.0, "19": 1.0, "20": 1.0, "21": 1.0, "22": 1.0, "23": 1.0, "24": 1.0}, "p1": {"0": 0, "1": 7.283255813953495, "2": 7.312374851047782, "3": 0.0, "4": 0.0, "5": 0.0, "6": 10.715133401651952, "7": 6.726013755304329, "8": 11.54242157645538, "9": 13.197870247288757, "10": 16.113434888756984, "11": 17.45035680654302, "12": 7.563861494310924, "13": 9.234423150399834, "14": 12.634837123541034, "15": 3.976313871255865, "16": 0.0, "17": 4.980674639338703, "18": 4.1756290369660025, "19": 1.2759693124541993, "20": 11.868228565561019, "21": 18.537990947672892, "22": 24.583920281260777, "23": 19.59152142673154, "24": 0.6189004357130745}, "alpha": {"0": 0, "1": 0.8930232558139516, "2": 1.8562875446856657, "3": 2.189326588300774, "4": 1.5298929040316054, "5": 1.4509365130805296, "6": 1.741459979504415, "7": 1.9181958734087026, "8": 1.6732735270633865, "9": 1.6266389258133729, "10": 2.701969533372903, "11": 1.7008929580370933, "12": 2.086841551706724, "13": 1.765673054880049, "14": 1.6755488629376902, "15": 1.5431058386232417, "16": 3.290442722174293, "17": 1.99179760819839, "18": 2.3833112889101997, "19": 2.5032092062637408, "20": 1.9628689808898063, "21": 1.5908168609930866, "22": 1.636823915621766, "23": 1.9585435719805377, "24": 2.814329869286079}}