{"u": {"0": 0.0, "1": 1.0, "2": 1.0, "3": 1.0, "4": 1.0, "5": 1.0, "6": 1.0, "7": 1.0, "8": 1.0, "9": 1.0, "10": 1.0, "11": 1.0, "12": 1.0, "13": 1.0, "14": 1.0, "15": 1.0, "16": 1.0, "17": 1.0, "18": 1.0, "19": 1.0, "20": 1.0, "21": 1.0, "22": 1.0, "23": 1.0, "24": 1.0}, "p1": {"0": 0.0, "1": 6.911162790697681, "2": 9.515521532715384, "3": 0.3755648526912587, "4": 0.0, "5": 0.0, "6": 10.40347570686904, "7": 7.126394128772954, "8": 10.962289033577687, "9": 11.793614137829861, "10": 19.397951642990012, "11": 17.335597323980384, "12": 8.99781029278022, "13": 2.315741609259552, "14": 13.237218228878701, "15": 2.7048777872499947, "16": 4.523054021822581, "17": 6.5973435153655196, "18": 4.1756290369660025, "19": 0.9038762891983829, "20": 12.93879896675787, "21": 15.431689156425145, "22": 24.26261280242841, "23": 19.525861433457788, "24": 0.0}, "pg": {"0": 0, "1": 5.0, "2": 10.0, "3": 12.0, "4": 12.0, "5": 12.0, "6": 12.0, "7": 12.0, "8": 12.0, "9": 12.0, "10": 12.0, "11": 12.0, "12": 12.0, "13": 12.0, "14": 12.0, "15": 12.0, "16": 12.0, "17": 12.0, "18": 12.0, "19": 12.0, "20": 12.0, "21": 12.0, "22": 12.0, "23": 12.0, "24": 11.073893324370795}, "p2": {"0": 0, "1": 0.0, "2": 0.0, "3": 0.0, "4": 0.0, "5": 0.0, "6": 0.0, "7": 0.0, "8": 0.0, "9": 3.2957356203050363, "10": 0.5500063586418698, "11": 5.288430456110163, "12": 0.0, "13": 0.0, "14": 0.0, "15": 0.0, "16": 0.0, "17": 0.0, "18": 0.0, "19": 0.8226637709144136, "20": 11.89288123455611, "21": 4.428658562698423, "22": 0.0, "23": 0.0, "24": 0.0}, "stor_net_i": {"battery": {"0": 0, "1": 0.0, "2": -0.5770134631235084, "3": 0.5770134631235084, "4": 0.0, "5": 0.0, "6": -2.817770386556349, "7": -1.2043930786618695, "8": 2.8085360743223866, "9": 1.213627390895832, "10": 0.0, "11": -4.3709081272063575, "12": -0.6290918727936425, "13": 0.0, "14": 2.6583332185834845, "15": 2.3416667814165155, "16": 0.0, "17": 0.0, "18": -5.0, "19": 5.0, "20": 0.0, "21": 0.0, "22": -2.775391390266666, "23": -2.224608609733334, "24": 5.0}, "ev": {"0": 0, "1": -3.509124447713331, "2": -11.0, "3": -5.732894264715682, "4": -4.669019946713181, "5": 0.32703963522983237, "6": -5.816000976087636, "7": 0.0, "8": 0.0, "9": 0.0, "10": 0.0, "11": 0.0, "12": 11.0, "13": 9.274772033213814, "14": -11.0, "15": 0.4347279550209482, "16": 2.658367740889794, "17": -1.7784697008008301, "18": 4.221183191964677, "19": 11.0, "20": 1.1894187797115983, "21": 11.0, "22": -2.6941135952390773, "23": -11.0, "24": -1.5058864047609237}}, "stor_level": {"battery": {"0": 0, "1": 0.0, "2": 0.5770134631235084, "3": 0.0, "4": 0.0, "5": 0.0, "6": 2.817770386556349, "7": 4.0221634652182185, "8": 1.213627390895832, "9": 0.0, "10": 0.0, "11": 4.3709081272063575, "12": 5.0, "13": 5.0, "14": 2.3416667814165155, "15": 0.0, "16": 0.0, "17": 0.0, "18": 5.0, "19": 0.0, "20": 0.0, "21": 0.0, "22": 2.775391390266666, "23": 5.0, "24": 0.0}, "ev": {"0": 7.6000000000000005, "1": 11.10912444771333, "2": 22.10912444771333, "3": 27.842018712429013, "4": 32.511038659142194, "5": 32.183999023912364, "6": 38.0, "7": 38.0, "8": 38.0, "9": 38.0, "10": 38.0, "11": 38.0, "12": 27.0, "13": 17.725227966786186, "14": 28.725227966786186, "15": 28.29050001176524, "16": 25.632132270875445, "17": 27.410601971676275, "18": 23.1894187797116, "19": 12.189418779711598, "20": 11.0, "21": 0.0, "22": 2.6941135952390773, "23": 13.694113595239077, "24": 15.200000000000001}}, "dual_con1": {"0": 0.0, "1": 0.0, "2": 0.0, "3": -2.064, "4": -2.064, "5": -2.064, "6": -2.064, "7": -2.064, "8": -2.064, "9": -2.064, "10": -2.064, "11": -2.064, "12": -2.064, "13": -2.064, "14": -2.064, "15": -2.064, "16": -2.064, "17": -2.064, "18": -2.064, "19": -2.064, "20": -2.064, "21": -2.064, "22": 0.0, "23": 0.0, "24": 0.0}, "dual_con2": {"0": 0.0, "1": -0.3, "2": -0.3, "3": -0.3, "4": -0.3, "5": -0.3, "6": -0.3, "7": -0.3, "8": -0.3, "9": -0.3, "10": -0.3, "11": -0.3, "12": -0.3, "13": -0.3, "14": -0.3, "15": -0.3, "16": -0.3, "17": -0.3, "18": -0.3, "19": -0.3, "20": -0.3, "21": -0.3, "22": -0.128, "23": -0.128, "24": -0.128}}