{"u": {"0": 0.0, "1": 1.0, "2": 1.0, "3": 1.0, "4": 1.0, "5": 1.0, "6": 1.0, "7": 1.0, "8": 1.0, "9": 1.0, "10": 1.0, "11": 1.0, "12": 1.0, "13": 1.0, "14": 1.0, "15": 1.0, "16": 1.0, "17": 1.0, "18": 1.0, "19": 1.0, "20": 1.0, "21": 1.0, "22": 1.0, "23": 1.0, "24": 1.0}, "p1": {"0": 0.0, "1": 8.508803257679018, "2": 10.19212768059271, "3": 0.0, "4": 0.0, "5": 0.0, "6": 10.912936077798857, "7": 7.023476310681026, "8": 10.13681573864003, "9": 12.156097012108265, "10": 19.589598372066813, "11": 15.642347904899122, "12": 2.406077326892289, "13": 7.635251238569433, "14": 16.921701092403655, "15": 0.0, "16": 0.0, "17": 0.0, "18": 12.301552529671396, "19": 3.3421694998522966, "20": 7.902928312055504, "21": 17.8477978803007, "22": 28.09562483511896, "23": 18.63714658659682, "24": 11.537204290004686}, "pg": {"0": 0, "1": 4.336306109888245, "2": 9.336306109888245, "3": 12.0, "4": 12.0, "5": 12.0, "6": 12.0, "7": 12.0, "8": 12.0, "9": 12.0, "10": 12.0, "11": 12.0, "12": 12.0, "13": 12.0, "14": 12.0, "15": 12.0, "16": 12.0, "17": 12.0, "18": 12.0, "19": 12.0, "20": 12.0, "21": 12.0, "22": 12.0, "23": 12.0, "24": 12.0}, "p2": {"0": 0, "1": 0.0, "2": 0.0, "3": 0.0, "4": 0.0, "5": 0.0, "6": 0.0, "7": 0.0, "8": 0.0, "9": 0.0, "10": 0.0, "11": 0.0, "12": 0.9626410930942892, "13": 0.0, "14": 0.0, "15": 0.0, "16": 0.0, "17": 0.0, "18": 2.095259699259282, "19": 25.3843705602605, "20": 5.27887241262971, "21": 2.012549838822867, "22": 1.6974829818037094, "23": 0.0, "24": 0.6949088667328187}, "stor_net_i": {"battery": {"0": 0, "1": 0.0, "2": -0.5899257208890809, "3": 0.5899257208890809, "4": 0.0, "5": 0.0, "6": -3.8985247394300586, "7": -1.1014752605699414, "8": 3.6340093692600437, "9": 1.3659906307399563, "10": 0.0, "11": -5.0, "12": 5.0, "13": -3.9738503550585307, "14": -1.0261496449414693, "15": 5.0, "16": 0.0, "17": -5.0, "18": 0.0, "19": 0.0, "20": 5.0, "21": 0.0, "22": 0.0, "23": -1.3358937628723666, "24": 1.3358937628723666}, "ev": {"0": 0, "1": -4.443071024582913, "2": -11.0, "3": -5.370241669789994, "4": -4.669019946713181, "5": 0.32703963522983237, "6": -5.244706994143744, "7": 0.0, "8": 0.0, "9": 2.7808895061825094, "10": 0.3583596295650686, "11": 7.610771747985066, "12": 11.0, "13": 7.929112758962468, "14": -11.0, "15": 0.48127252368745843, "16": 7.181421762712375, "17": 9.81887381456469, "18": -11.0, "19": -11.0, "20": 7.839298256340367, "21": 11.0, "22": -11.0, "23": -11.0, "24": -11.0}}, "stor_level": {"battery": {"0": 0, "1": 0.0, "2": 0.58992572088908, "3": 0.0, "4": 0.0, "5": 0.0, "6": 3.8985247394300586, "7": 5.0, "8": 1.3659906307399563, "9": 0.0, "10": 0.0, "11": 5.0, "12": 0.0, "13": 3.9738503550585307, "14": 5.0, "15": 0.0, "16": 0.0, "17": 5.0, "18": 5.0, "19": 5.0, "20": 0.0, "21": 0.0, "22": 0.0, "23": 1.3358937628723666, "24": 0.0}, "ev": {"0": 7.6000000000000005, "1": 12.043071024582915, "2": 23.043071024582915, "3": 28.41331269437291, "4": 33.08233264108609, "5": 32.75529300585626, "6": 38.0, "7": 38.0, "8": 38.0, "9": 35.21911049381749, "10": 34.860750864252424, "11": 27.249979116267358, "12": 16.249979116267358, "13": 8.32086635730489, "14": 19.32086635730489, "15": 18.839593833617432, "16": 11.658172070905056, "17": 1.839298256340367, "18": 12.839298256340367, "19": 23.839298256340367, "20": 16.0, "21": 5.0, "22": 16.0, "23": 27.0, "24": 38}}, "dual_con1": {"0": 0.0, "1": 0.0, "2": 0.0, "3": 0.0, "4": 0.0, "5": 0.0, "6": 0.0, "7": 0.0, "8": -2.064, "9": -2.064, "10": -2.064, "11": -2.064, "12": -2.064, "13": -2.064, "14": -2.064, "15": -2.064, "16": -2.064, "17": -2.064, "18": -2.064, "19": -2.064, "20": -2.064, "21": -2.064, "22": -2.064, "23": -2.064, "24": -2.064}, "dual_con2": {"0": 0.0, "1": -0.128, "2": -0.128, "3": -0.128, "4": -0.128, "5": -0.128, "6": -0.128, "7": -0.128, "8": -0.3, "9": -0.3, "10": -0.3, "11": -0.3, "12": -0.3, "13": -0.3, "14": -0.3, "15": -0.3, "16": -0.3, "17": -0.3, "18": -0.3, "19": -0.3, "20": -0.3, "21": -0.3, "22": -0.3, "23": -0.3, "24": -0.3}}