{"u": {"0": 0, "1": 1.0, "2": 1.0, "3": 1.0, "4": 1.0, "5": 1.0, "6": 1.0, "7": 1.0, "8": 1.0, "9": 1.0, "10": 1.0, "11": 1.0, "12": 1.0, "13": 1.0, "14": 1.0, "15": 1.0, "16": 1.0, "17": 1.0, "18": 1.0, "19": 1.0, "20": 1.0, "21": 1.0, "22": 1.0, "23": 1.0, "24": 1.0}, "p1": {"0": 0, "1": 5.98589539315884, "2": 4.9977704740278845, "3": 0.0, "4": 0.0, "5": 2.0167318890345936, "6": 12.487263366137256, "7": 6.952984838345989, "8": 10.62394909277633, "9": 12.692254462623321, "10": 19.37213113023083, "11": 16.65174299643569, "12": 2.535463926668262, "13": 9.241195004425625, "14": 15.219602103621702, "15": 0.0, "16": 3.8775346557276507, "17": 7.810099480746883, "18": 4.56200496843144, "19": 2.1032763445577274, "20": 10.774504953843968, "21": 18.16275038113853, "22": 28.555505895475225, "23": 18.912140342409586, "24": 9.1640052927623}, "alpha": {"0": 0, "1": 1.0542313820523486, "2": 1.9098120054014878, "3": 1.6084391934660063, "4": 1.4390574627896255, "5": 2.0409804332896218, "6": 1.539820990158824, "7": 1.8501045484962042, "8": 1.9488152721671015, "9": 1.7783236612130036, "10": 1.72436066093075, "11": 1.940477101069292, "12": 2.275360821999522, "13": 1.913641498672312, "14": 2.070119368913488, "15": 3.1055256021055317, "16": 1.872739603281705, "17": 1.3650721822402792, "18": 2.417398509470569, "19": 2.3688579773416873, "20": 1.9296403847063235, "21": 1.5989246410591766, "22": 1.6693482313574322, "23": 1.9283578972771216, "24": 1.5407984121713107}}