{"u": {"0": 0.0, "1": 1.0, "2": 1.0, "3": 1.0, "4": 1.0, "5": 1.0, "6": 1.0, "7": 1.0, "8": 1.0, "9": 1.0, "10": 1.0, "11": 1.0, "12": 1.0, "13": 1.0, "14": 1.0, "15": 1.0, "16": 1.0, "17": 1.0, "18": 1.0, "19": 1.0, "20": 1.0, "21": 1.0, "22": 1.0, "23": 1.0, "24": 1.0}, "p1": {"0": 0.0, "1": 6.539069767441866, "2": 9.620306541172397, "3": 2.675875755129807, "4": 0.0, "5": 0.0, "6": 7.7499809309413195, "7": 6.522804791980896, "8": 11.842466582422656, "9": 13.304716859284222, "10": 19.584558670208413, "11": 17.03480036357595, "12": 7.016549332123628, "13": 9.981801947496342, "14": 12.426222158561938, "15": 0.0, "16": 0.0, "17": 5.298541454805537, "18": 6.8162779057255225, "19": 3.951161626655759, "20": 10.183769036622454, "21": 17.438191183556587, "22": 18.401366997304887, "23": 3.5424875431995115, "24": 7.342730364666156}, "pg": {"0": 0, "1": 5.0, "2": 10.0, "3": 12.0, "4": 12.0, "5": 12.0, "6": 12.0, "7": 12.0, "8": 12.0, "9": 12.0, "10": 12.0, "11": 12.0, "12": 12.0, "13": 12.0, "14": 12.0, "15": 12.0, "16": 12.0, "17": 12.0, "18": 12.0, "19": 12.0, "20": 12.0, "21": 12.0, "22": 12.0, "23": 12.0, "24": 12.0}, "p2": {"0": 0, "1": 0.0, "2": 0.0, "3": 0.0, "4": 0.0, "5": 0.0, "6": 0.0, "7": 0.0, "8": 0.0, "9": 2.1285365750857412, "10": 0.36339933142346936, "11": 6.218319289308237, "12": 6.430210071740223, "13": 0.0, "14": 0.0, "15": 0.0, "16": 0.0, "17": 0.0, "18": 8.763560969364141, "19": 0.0, "20": 2.612708377860164, "21": 2.8138973551847606, "22": 0.0, "23": 0.0, "24": 0.5840418354686587}, "stor_net_i": {"battery": {"0": 0, "1": 0.0, "2": -0.681798471580521, "3": 0.681798471580521, "4": 0.0, "5": 0.0, "6": -2.197278498268375, "7": -0.6008037418698109, "8": 1.9283585254774174, "9": 0.8697237146607684, "10": 0.0, "11": -5.0, "12": 5.0, "13": 0.0, "14": -5.0, "15": 5.0, "16": 0.0, "17": 0.0, "18": -5.0, "19": 2.7753784334570373, "20": 2.2246215665429627, "21": -0.3917408196177803, "22": -4.60825918038222, "23": 2.7587652805249423, "24": 2.2412347194750577}, "ev": {"0": 0, "1": -3.1370314244575166, "2": -11.0, "3": -8.137990175611243, "4": -4.669019946713181, "5": 0.32703963522983237, "6": -3.78299808844789, "7": 0.0, "8": 0.0, "9": 0.0, "10": 0.0, "11": 0.0, "12": 0.9219590161227273, "13": 1.6087116949770266, "14": -2.530670711099752, "15": 0.48127252368745843, "16": 7.181421762712375, "17": -0.47966764024084796, "18": -7.183026646158986, "19": 11.0, "20": 11.0, "21": 11.0, "22": 5.0, "23": 0.0, "24": -7.6000000000000005}}, "stor_level": {"battery": {"0": 0, "1": 0.0, "2": 0.681798471580521, "3": 0.0, "4": 0.0, "5": 0.0, "6": 2.197278498268375, "7": 2.7980822401381857, "8": 0.8697237146607684, "9": 0.0, "10": 0.0, "11": 5.0, "12": 0.0, "13": 0.0, "14": 5.0, "15": 0.0, "16": 0.0, "17": 0.0, "18": 5.0, "19": 2.2246215665429627, "20": 0.0, "21": 0.3917408196177803, "22": 5.0, "23": 2.2412347194750577, "24": 0.0}, "ev": {"0": 7.6000000000000005, "1": 10.737031424457516, "2": 21.737031424457516, "3": 29.87502160006876, "4": 34.54404154678194, "5": 34.21700191155211, "6": 38.0, "7": 38.0, "8": 38.0, "9": 38.0, "10": 38.0, "11": 38.0, "12": 37.07804098387727, "13": 35.46932928890025, "14": 38.0, "15": 37.51872747631254, "16": 30.337305713600166, "17": 30.816973353841014, "18": 38.0, "19": 27.0, "20": 16.0, "21": 5.0, "22": 0.0, "23": 0.0, "24": 7.6000000000000005}}, "dual_con1": {"0": 0.0, "1": 0.0, "2": 0.0, "3": -2.064, "4": -2.064, "5": -2.064, "6": -2.064, "7": -2.064, "8": -2.064, "9": -2.064, "10": -2.064, "11": -2.064, "12": -2.064, "13": -2.064, "14": -2.064, "15": -2.064, "16": -2.064, "17": -2.064, "18": -2.064, "19": -2.064, "20": -2.064, "21": -2.064, "22": -2.064, "23": -2.064, "24": -2.064}, "dual_con2": {"0": 0.0, "1": -0.3, "2": -0.3, "3": -0.3, "4": -0.3, "5": -0.3, "6": -0.3, "7": -0.3, "8": -0.3, "9": -0.3, "10": -0.3, "11": -0.3, "12": -0.3, "13": -0.3, "14": -0.3, "15": -0.3, "16": -0.3, "17": -0.3, "18": -0.3, "19": -0.3, "20": -0.3, "21": -0.3, "22": -0.3, "23": -0.3, "24": -0.3}}