charge_target,time,iterations
0.8,103.00989389419556,4
TOTAL,103.01825594902039,0
