{"u": {"0": 0.0, "1": 1.0, "2": 1.0, "3": 1.0, "4": 1.0, "5": 1.0, "6": 1.0, "7": 1.0, "8": 1.0, "9": 1.0, "10": 1.0, "11": 1.0, "12": 1.0, "13": 1.0, "14": 1.0, "15": 1.0, "16": 1.0, "17": 1.0, "18": 1.0, "19": 1.0, "20": 1.0, "21": 1.0, "22": 1.0, "23": 1.0, "24": 1.0}, "p1": {"0": 0.0, "1": 0.7475446950637377, "2": 0.0, "3": 0.0, "4": 0.0, "5": 0.0, "6": 3.0799731256290173, "7": 9.94213653006589, "8": 39.062859071359476, "9": 0.0, "10": 9.325720312026112, "11": 15.91896993967047, "12": 20.90635679977248, "13": 25.851621800261533, "14": 18.141231177859456, "15": 13.336853836467702, "16": 0.0, "17": 17.448846576159955, "18": 5.1291380428686, "19": 18.235466560584417, "20": 19.07087940882436, "21": 24.732300393442422, "22": 17.691208838538888, "23": 10.128688383452316, "24": 0.23617270661497258}, "pg": {"0": 0, "1": 5.0, "2": 4.836896463595874, "3": 8.960659064036314, "4": 10.61830928822807, "5": 12.0, "6": 12.0, "7": 11.515178347454961, "8": 6.515178347454961, "9": 7.6559886116614315, "10": 12.0, "11": 12.0, "12": 12.0, "13": 12.0, "14": 11.541147424582006, "15": 6.541147424582006, "16": 11.541147424582006, "17": 12.0, "18": 12.0, "19": 12.0, "20": 12.0, "21": 12.0, "22": 12.0, "23": 7.0, "24": 10.854102143691525}, "p2": {"0": 0, "1": 1.3568096338617996, "2": 0.0, "3": 0.0, "4": 0.0, "5": 0.0, "6": 0.0, "7": 0.0, "8": 0.0, "9": 0.0, "10": 0.0, "11": 0.0, "12": 0.0, "13": 0.0, "14": 0.0, "15": 0.0, "16": 0.0, "17": 0.0, "18": 1.667098952557037, "19": 0.23513441234184995, "20": 2.2789061299285436, "21": 0.0, "22": 0.3875578319843491, "23": 0.0, "24": 0.0}, "stor_net_i": {"battery": {"0": null, "1": 0.0, "2": 0.0, "3": 0.0, "4": -1.4143108601856014, "5": -2.7763158112981294, "6": 4.190626671483731, "7": 0.0, "8": -5.0, "9": 0.0, "10": 0.0, "11": 5.0, "12": 0.0, "13": -5.0, "14": 0.0, "15": 0.0, "16": 1.5370695751926302, "17": -1.5370695751926284, "18": 5.0, "19": -5.0, "20": 1.442590664775011, "21": -1.442590664775011, "22": 5.0, "23": -0.6279723161403314, "24": 0.6279723161403314}, "ev_1": {"0": 0, "1": 0, "2": 0, "3": 0, "4": 0, "5": 0, "6": 0, "7": 0, "8": -7.200000000000001, "9": 11.0, "10": 0.0, "11": 0.0, "12": 0.0, "13": 0.0, "14": 0.0, "15": -0.09761020830051947, "16": -11.0, "17": -4.102389791699479, "18": 0, "19": 0, "20": 0, "21": 0, "22": 0, "23": 0, "24": 0}, "ev_2": {"0": 0, "1": 0, "2": 0, "3": 0, "4": 0, "5": 0, "6": 0, "7": 0, "8": 1.9883338366084704, "9": 1.8116661633915285, "10": -0.7709670951832202, "11": 0.7709670951832202, "12": -11.0, "13": 4.031567806987773, "14": -0.1425087667445819, "15": -8.08905904024319, "16": 11.0, "17": -11.0, "18": 0, "19": 0, "20": 0, "21": 0, "22": 0, "23": 0, "24": 0}, "ev_3": {"0": 0, "1": 0, "2": 0, "3": 0, "4": 0, "5": 0, "6": 0, "7": 0, "8": -11.0, "9": 8.496427663683566, "10": 6.3035723363164315, "11": -4.816940209839587, "12": 4.816940209839586, "13": -11.0, "14": -11.0, "15": -0.8000000000000007, "16": 0.0, "17": 7.600000000000001, "18": 0, "19": 0, "20": 0, "21": 0, "22": 0, "23": 0, "24": 0}}, "stor_level": {"battery": {"0": 0, "1": 0.0, "2": 0.0, "3": 0.0, "4": 1.4143108601856014, "5": 4.190626671483731, "6": 0.0, "7": 0.0, "8": 5.0, "9": 5.0, "10": 5.0, "11": 0.0, "12": 0.0, "13": 5.0, "14": 5.0, "15": 5.0, "16": 3.4629304248073707, "17": 5.0, "18": 0.0, "19": 5.0, "20": 3.557409335224989, "21": 5.0, "22": 0.0, "23": 0.6279723161403314, "24": 0.0}, "ev_1": {"0": 0, "1": 0, "2": 0, "3": 0, "4": 0, "5": 0, "6": 0, "7": 0, "8": 18.6, "9": 7.6000000000000005, "10": 7.6000000000000005, "11": 7.6000000000000005, "12": 7.6000000000000005, "13": 7.6000000000000005, "14": 7.6000000000000005, "15": 7.697610208300521, "16": 18.69761020830052, "17": 22.8, "18": 0, "19": 0, "20": 0, "21": 0, "22": 0, "23": 0, "24": 0}, "ev_2": {"0": 0, "1": 0, "2": 0, "3": 0, "4": 0, "5": 0, "6": 0, "7": 0, "8": 9.41166616339153, "9": 7.6000000000000005, "10": 8.370967095183222, "11": 7.6000000000000005, "12": 18.6, "13": 14.568432193012228, "14": 14.71094095975681, "15": 22.8, "16": 11.8, "17": 22.8, "18": 0, "19": 0, "20": 0, "21": 0, "22": 0, "23": 0, "24": 0}, "ev_3": {"0": 0, "1": 0, "2": 0, "3": 0, "4": 0, "5": 0, "6": 0, "7": 0, "8": 22.4, "9": 13.903572336316433, "10": 7.6000000000000005, "11": 12.416940209839588, "12": 7.6000000000000005, "13": 18.6, "14": 29.6, "15": 30.400000000000002, "16": 30.400000000000002, "17": 22.8, "18": 0, "19": 0, "20": 0, "21": 0, "22": 0, "23": 0, "24": 0}}, "dual_con1": {"0": 0.0, "1": 0.0, "2": 0.0, "3": 0.0, "4": 0.0, "5": 0.0, "6": 0.0, "7": 0.0, "8": 0.0, "9": 0.0, "10": 0.0, "11": 0.0, "12": 0.0, "13": 0.0, "14": 0.0, "15": 0.0, "16": 0.0, "17": 0.0, "18": -2.064, "19": -2.064, "20": -2.064, "21": -2.064, "22": -2.064, "23": 0.0, "24": 0.0}, "dual_con2": {"0": 0.0, "1": -0.3, "2": -0.128, "3": -0.128, "4": -0.128, "5": -0.128, "6": -0.128, "7": -0.128, "8": -0.128, "9": -0.128, "10": -0.128, "11": -0.128, "12": -0.128, "13": -0.128, "14": -0.128, "15": -0.128, "16": -0.128, "17": -0.128, "18": -0.3, "19": -0.3, "20": -0.3, "21": -0.3, "22": -0.3, "23": -0.128, "24": -0.128}}