charge_target,time,iterations
0.8,5.064085960388184,5
TOTAL,5.0698699951171875,0
