charge_target,time,iterations
0.8,12.026335954666138,5
TOTAL,12.612361907958984,0
