{"u": {"0": 0, "1": 1.0, "2": 1.0, "3": 1.0, "4": 1.0, "5": 1.0, "6": 1.0, "7": 1.0, "8": 1.0, "9": 1.0, "10": 1.0, "11": 1.0, "12": 1.0, "13": 1.0, "14": 1.0, "15": 1.0, "16": 1.0, "17": 1.0, "18": 1.0, "19": 1.0, "20": 1.0, "21": 1.0, "22": 1.0, "23": 1.0, "24": 1.0}, "p1": {"0": 0, "1": 0.7025324937076354, "2": 0.0, "3": 0.0, "4": 0.0, "5": 0.0, "6": 3.1882840670629324, "7": 9.275890122070114, "8": 11.224044608730818, "9": 13.14260489064056, "10": 20.70322198756141, "11": 17.128244317278778, "12": 14.859421838332505, "13": 9.583511626335124, "14": 4.8901773542512785, "15": 4.559165226559134, "16": 3.4412571503527243, "17": 7.943443578372609, "18": 11.071036591587976, "19": 15.907544750507524, "20": 21.048151292829317, "21": 25.1733205067654, "22": 17.728063472501276, "23": 10.095196242452428, "24": 0.3976151131335435}, "alpha": {"0": 0, "1": 1.3512049690129002, "2": 1.1456662804408995, "3": 1.3473081895234875, "4": 1.3785741690550135, "5": 1.4624224927267284, "6": 1.7228021345706894, "7": 1.750932143090128, "8": 1.76927785565577, "9": 1.7937445873848852, "10": 1.4570312037713515, "11": 1.8193959717083001, "12": 1.8766524395463136, "13": 1.7109054846260991, "14": 1.8711070137073926, "15": 1.4788308370561771, "16": 1.7270027441741649, "17": 1.605595112853855, "18": 1.8116025496393227, "19": 1.6177559682768656, "20": 1.8201955686772835, "21": 1.7856325140948355, "22": 1.6164117352711107, "23": 1.5077011912963652, "24": 1.4174859261061594}}