stor_level,time,iterations
4,20.491813898086548,10
TOTAL,20.499793767929077,0
