stor_level,time,iterations
4,79.42745399475098,10
TOTAL,79.43309593200684,0
